"CREST, Siddalaghatta Road, Hosakote, Bangalore, India","Department of Astronomy, University of California, Berkeley, CA 92720, USA",1,0.004424778761061947
"CREST, Siddalaghatta Road, Hosakote, Bangalore, India","Department of Physics and Astronomy, 4129 Frederick Reines Hall, UC Irvine, Irvine, CA 84602, USA",1,0.004424778761061947
"NRAL, Jodrell Bank, nr Macclesfield, Cheshire SK11 9DL","Cavendish Laboratory, Madingley Road, Cambridge CB3 0HE",1,0.006329113924050633
"NRAL, Jodrell Bank, nr Macclesfield, Cheshire SK11 9DL"," W. Wheatridge Drive, Tucson, AZ, 85704, USA",4,0.006329113924050633
"Centrum Astronomii UMK, ul.Gagarina 11, 87-100 Torun, Poland","Special Astrophysical Observatory RAS, Karachaevo-Cherkassian res, Nizhnij Arkhyz 36916, Russia",1,0.010752688172043012
"University of Hertfordshire, Department of Physical Sciences, College Lane, Hatfield, Herts AL10 9AB"," East 58th Street, Chicago, IL 60615, USA",1,0.004347826086956522
"CBA (Nelson), 8 Regent Lane, Richmond, Nelson, New Zealand","Elviraland 194, 2591 GM The Hague, the Netherlands",1,0.006578947368421052
" ATC, Astrophysics Group, Cavendish Laboratory, Madingley Road, Cambridge CB3 0HE","Laboratory of Physics, Kyoto Pharmaceutical University, Misasagi, Yamashina, Kyoto 607-8414, Japan",2,0.011235955056179775
"LAM-UMR 6110, CNRS & Univ. de Provence, 38 rue Fréderic Juliot-Curie, F-13013 Marseille, France","Astronomical Observatory of Jagiellonia University, 30-274 Krakow, Poland",2,0.0037313432835820895
"LAM-UMR 6110, CNRS & Univ. de Provence, 38 rue Fréderic Juliot-Curie, F-13013 Marseille, France","School of Space Research, Kyung Hee University, Yongin-Si, Gyeonggi-Do, 446-701, Republic of Korea",1,0.0037313432835820895
"LAM-UMR 6110, CNRS & Univ. de Provence, 38 rue Fréderic Juliot-Curie, F-13013 Marseille, France","Ritter Astrophysical Research Center, University of Toledo, Toledo, OH 43606, USA",1,0.0037313432835820895
"MPE, Giessenbachstrasse 1, D-85741 Garching, Germany","American Museum of Natural History, 79th Street at Central Park West, New York, NY 10024-5192, USA",1,0.003401360544217687
"MPE, Giessenbachstrasse 1, D-85741 Garching, Germany","University of Michigan, Randall Laboratory of Physics, 450 Church Street, Ann Arbor, MI 48109-1040",1,0.003401360544217687
"IF-UFRGS, Av. Bento Gonçalves 9500, CEP 91350-050, Porto Alegre, Rio Grande do Sul, Brazil","Département de physique, Université de Montréal, and Observatoire du Mont-Mégantic, PO Box 6128, Station Centre-Ville, Montréal, Québec,  H3C 3J7, Canada",1,0.0070921985815602835
"Institut für Astronomie, ETH Zurich, Wolfgang-Pauli-Str. 27, 8093 Zurich, Switzerland","Hosokawa Powder Technology Research Institute, Hirakata, Osaka, Japan",1,0.011363636363636364
"Korea Astronomy Observatory, Taejon 305-348, Korea","Bronberg Observatory, CBA Pretoria, PO Box 11426, Tiegerpoort 0056, South Africa",1,0.05
"GAPHE, Département AGO, Université de Liège, Allée du 6 Août 17, Bat. B5C, B4000 Liège, Belgium","Pittsburgh Supercomputing Center, 300 S. Craig Street, Pittsburgh, PA 15213, USA",1,0.05555555555555555
"Big Bear Solar Observatory, New Jersey Institute of Technology, Big Bear City, CA 92314, USA","SISSA – via Bonomea, 265, I-34136 Trieste, Italy",5,0.002680965147453083
"ESO – Karl-Schwarzschild-Str. 2, 85748 Garching bei München, Germany","Fuculty of Science, Kyushu University, Hakozaki, Fukuoka 812-8581, Japan",2,0.0021008403361344537
"Lund Observatory, Box 43, SE-221 00, Lund, Sweden","Bonn University, Auf dem Hügel 71D, 53121 Bonn, Germany",2,0.021739130434782608
" Dipartimento di Astronomia,Universitá di Padova, Vicolo dell' Osservatorio 3, Padova I-35122, Italy","La Plata Observatory and CONICET, Paseo del Bosque, 1900 La Plata, Argentina",2,0.00546448087431694
"Imperial College London, South Kensington Campus, London SW7 2AZ","H H Wills Physics Laboratory, Tyndall Avenue, Bristol BS8 1TL, UK",1,0.00398406374501992
"Imperial College London, South Kensington Campus, London SW7 2AZ","Research Centre for Environmental Changes, Academia Sinica, Taipei, Taiwan",1,0.00398406374501992
"University of British Columbia, 6224 Agricultural Road Vancouver, BC V6T 1Z1 Canada","NRAL, Jodrell Bank, nr Macclesfield, Cheshire SK11 9DL",1,0.007575757575757576
"University of British Columbia, 6224 Agricultural Road Vancouver, BC V6T 1Z1 Canada","Dipartimento di Fisica e Tecnologie Relative, Università di Palermo, Via Archirafi 36, I-90123 Palermo, Italy",1,0.007575757575757576
"Astronomy Department, University of Florida, Gainesville, Florida, 32611, USA","Space Science Institute, 4750 Walnut Street, Boulder Suite 205, CO 80301, USA",1,0.015151515151515152
"Agencia Córdoba Ciencia, Alvarez de Arenales 230, Cordoba, Argentina","Research Center for Space and Cosmic Evolution, Ehime University, Bunkyo-cho 2-5, Matsuyama 790-8577, Japan",1,0.016666666666666666
"INAF – IASF Milano, 20133 Milano, Italy","Department of Physics, University of Ljubljana, Jadranska 19, 1000 Ljubljana, Slovenia",3,0.006060606060606061
"University of Western Ontario, London, ON N6A 3K7, Canada","Nagano National College of Technology, Japan",1,0.007518796992481203
"NRAO Headquarters, 520 Edgemont Road, Charlottesville, VA 22903, USA","ESAC, ESA, Box 78, Villanueva de la Cañada, E-28691 Madrid, Spain",1,0.00980392156862745
"Portsmouth Grammar School, High Street, Portsmouth PO1 2LN","University of Texas at Austin, Austin, TX 78712–1083, USA",1,0.004629629629629629
"Australia National Telescope Facility, CSIRO, PO Box 76, Epping, New South Wales 17190, Australia","ESO, Casilla 19001, Santiago 19, Chile",8,0.0038022813688212928
"Earth & Space Sciences, University of Washington, Seattle WA, USA 98195","New York University, 4 Washington Place, New York, NY 10003, USA",1,0.012658227848101266
"Southwestern University, 1001 E. University Avenue, Georgetown, Texas 78626, USA","LAM-UMR 6110, CNRS & Univ. de Provence, 38 rue Fréderic Juliot-Curie, F-13013 Marseille, France",1,0.02040816326530612
"University of Southampton, School of Physics and Astronomy, Highfield Campus, Southampton, Hampshire SO17 1BJ","Caltech M/C 249-17, Pasadena, CA 91125, USA",2,0.01
"University of Southampton, School of Physics and Astronomy, Highfield Campus, Southampton, Hampshire SO17 1BJ","University of California at Santa Barbara, California, USA",3,0.01
"Max Planck Institute for Solar System Research, Max-Planck Str. 2, 37191, Katlenburg-Lindau, Germany","NRAO Headquarters, 520 Edgemont Road, Charlottesville, VA 22903, USA",1,0.008130081300813009
" Hewlett Place, Victoria, BC V8S 497, Canada","Baumkamp 8, 22299 Hamburg, Germany",2,0.0028735632183908046
" Hewlett Place, Victoria, BC V8S 497, Canada","Astronomy Department, University of Florida, 211 Bryant Space Science Center, PO Box 112055, Gainesville, FL 32611-2055, USA",1,0.0028735632183908046
"School of Physics and Astronomy, St Andrews University, North Haugh, St Andrews, Fife KY16 9SS","Centre de Physique Théorique de Marseille, 13288 Marseille, France",8,0.0038022813688212928
"School of Physics and Astronomy, St Andrews University, North Haugh, St Andrews, Fife KY16 9SS","Address at time of contribution to this work: School of Chemistry, University of Nottingham, University Park, Nottingham NG7 2RD",13,0.0038022813688212928
"School of Physics and Astronomy, St Andrews University, North Haugh, St Andrews, Fife KY16 9SS","Universitá di Padova, Vicolo dell' Osservatorio 3-35122, Italy",1,0.0038022813688212928
"Center for Particle Cosmology, University of Pennsylvania 209 S. 33rd Street, Philadelphia, PA 19104-6396, USA","School of Computer Science and IT, University of Nottingham, Nottingham NG8 1BB",2,0.006289308176100629
"SAAO, PO Box 9, Observatory, 7935, South Africa","BAE Systems Australia, Canberra Deep Space Communication Complex, Tidbinbilla, ACT, Australia",2,0.0051813471502590676
"SKA South Africa, 3rd Floor, The Park, Park Road, Pinelands 7405, South Africa","Scottish Universities Physics Alliance, University of St Andrews, Physics & Astronomy, North Haugh, St Andrews KY16 9SS",1,0.00546448087431694
" Culham Laboratory, Abingdon, Oxfordshire OX14 3DB","Institute of Astronomy, Madingley Road, CB3 0HA, Cambridge",2,0.011494252873563218
" Culham Laboratory, Abingdon, Oxfordshire OX14 3DB","Siena College, 515 Loudon Road, Loudonville, NY 12211,USA",1,0.011494252873563218
"RIKEN, Chiyoda-ku, Tokyo 100-0005, Japan","Illinois Wesleyan University, P.O. Box 2900, Bloomington, IL 61702-2900, USA",6,0.004
"RIKEN, Chiyoda-ku, Tokyo 100-0005, Japan","Department of Physics and Mathematics, University of Hull, Cottingham Rd., Hull HU6 7RX, UK",1,0.004
"A. Geminale Department of Astronomy, Vicolo dell'Osservatorio 3, 35122 Padova, Italy","Institute de Astrofisica de Canarias, C/ Via Lactea s/n, E-38200 La Laguna, Spain",13,0.0034602076124567475
"A. Geminale Department of Astronomy, Vicolo dell'Osservatorio 3, 35122 Padova, Italy","Research and Scientific Support Department of ESA, ESTEC, Postbus 299, Keplerlaan 1, Noordwijk NL‐2200 AG, the Netherlands",1,0.0034602076124567475
"Department of Physics and Astronomy, McMaster University, 1280 Main Street West, Hamilton, ON, Canada L8S 4M1","Royal Observatory Edinburgh, Blackford Hill, Edinburgh, EH9 3HJ",5,0.009615384615384616
"Department of Physics and Astronomy, McMaster University, 1280 Main Street West, Hamilton, ON, Canada L8S 4M1","Institut für Astrophysik, Friedrich-Hund-Platz 1, 37077 Göttingen, Germany",1,0.009615384615384616
"Astroclub Radebeul, Auf den Ebenbergen 10a, 01445 Radebeul, Germany"," Theoretical Astrophysics Center, Juliane Maries Vej 30, DK-2100 Copenhagen Ø, Denmark",2,0.004484304932735426
"Denys Wilkinson Building, University of Oxford, Keble Road, Oxford","Merrowinger str. 10, D-40223 Düsseldorf, Germany",9,0.010638297872340425
"Argonne National Laboratory, 9700 S. Cass Avenue, Lemont, IL 60439, USA","OASU-L3ABordeaux, CNRS UMR 5804, BP 89, 33270 Floirac, France",2,0.005319148936170213
"Argonne National Laboratory, 9700 S. Cass Avenue, Lemont, IL 60439, USA","CNRS, Orsay F-91405, France",1,0.005319148936170213
"Argonne National Laboratory, 9700 S. Cass Avenue, Lemont, IL 60439, USA","Tokyo Metropolitan College of Aeronautics, Tokyo 116-8523, Japan",1,0.005319148936170213
"Astronomy Group, University of Southampton, Highfield, Southampton SO17 1BJ","ARIES, Manora Peak, Nainital 263129, India",1,0.005154639175257732
"Astronomy Group, University of Southampton, Highfield, Southampton SO17 1BJ","Cardiff University, Queen's Buildings, 5 The Parade, Cardiff CF24 3YB",2,0.005154639175257732
"INAF - Osservatorio Astronomico di Palermo, Piazza del Parlamento 1, 90134 Palermo, Italy","MPE, Giessenbachstrasse 1, D-85741 Garching, Germany",26,0.0027397260273972603
"Pulkovo Observatory, 196140 St Petersburg, Russia","Agrupació Astronómica d’Osona (AAO), Carrer Pare Xifré 3, 3er. 1a. 08500 Vic, Barcelona, Spain",1,0.017241379310344827
", Avenue d Italie, F-75013, Paris, France","Blackett Laboratory Optics Section, Imperial College, London SW7 2BZ",4,0.0031746031746031746
", Avenue d Italie, F-75013, Paris, France","School of Physics and Astronomy, University of Leeds, West Yorkshire, Leeds LS2 9JT",1,0.0031746031746031746
"ISAS/JAXA, 3-1-1 Yoshinodai, 229-8510 Sagamihara, Japan","University of Durham, South Rd, Durham DH1 3LE",3,0.011111111111111112
"Instytut Obserwatorium Astronomiczne U.A.M., Sloneczna 36, PL-60286 Poznań, Poland","SAAO, PO Box 9, Observatory, 7935, South Africa",1,0.0125
"Royal Observatory Edinburgh, Blackford Hill, Edinburgh, EH9 3HJ","University of Central Lancashire, Centre for Astrophysics, Preston PR1 2HE",18,0.0027100271002710027
"Royal Observatory Edinburgh, Blackford Hill, Edinburgh, EH9 3HJ","Astronomy Department, University of Wisconsin‐Madison, 475 North Charter Street, Madison, WI 53706‐1582, USA",1,0.0027100271002710027
"Royal Observatory Edinburgh, Blackford Hill, Edinburgh, EH9 3HJ","University of Pittsburgh, Pittsburgh, PA, 15260, USA",1,0.0027100271002710027
"Subaru Telescope, 650 N. A‘ohōkū Place, Hilo, HI 96720, USA","School of Physics and Astronomy, St Andrews University, North Haugh, St Andrews, Fife KY16 9SS",6,0.003278688524590164
"Subaru Telescope, 650 N. A‘ohōkū Place, Hilo, HI 96720, USA","University of St Andrews, St Andrews, Fife KY16 9SS",1,0.003278688524590164
"Subaru Telescope, 650 N. A‘ohōkū Place, Hilo, HI 96720, USA","Laboratori d'Estudis Geofísics Eduard Fontseré (LEGEF), IEC, E-47. 08001 Barcelona, Spain",1,0.003278688524590164
"Space Science Institute, 4750 Walnut Street, Boulder Suite 205, CO 80301, USA","Astronomy Department, University of Florida, Gainesville, Florida, 32611, USA",2,0.0031645569620253164
"Institute de Astrofisica de Canarias, C/ Via Lactea s/n, E-38200 La Laguna, Spain","NASA Ames, Moffett Field, CA 94035, USA",10,0.0027548209366391185
"Institute de Astrofisica de Canarias, C/ Via Lactea s/n, E-38200 La Laguna, Spain","Pixel Vision Inc., Advanced Imaging Sensors Division 4952 Warner Avenue, Suite 300, Huntington Beach, CA 92649, USA",1,0.0027548209366391185
"Blackett Laboratory Optics Section, Imperial College, London SW7 2BZ","Raman Research Institute, Sadashivanagar, C. V. Raman Avenue, Bangalore 560080, India",1,0.0024875621890547263
"Blackett Laboratory Optics Section, Imperial College, London SW7 2BZ","Department of Astrophysics, Astronomy and Mechanics, Faculty of Physics, University of Athens, 15784 Zografos, Athens, Greece",2,0.0024875621890547263
"Blackett Laboratory Optics Section, Imperial College, London SW7 2BZ","Detica, Surrey Research Park, Guildford, Surrey GU2 7YP",1,0.0024875621890547263
"CERN, CH-1211 Geneva 23, Switzerland","Department of Physics and Astronomy, University of Sussex, Brighton, East Sussex BN1 9QH",1,0.0040650406504065045
"University of Leicester, Space Research Centre, University Road, Leicester LE1 7RH","Obserwatorium Astronomiczne, Uniwersytet Jagiellonski, ul. Orla 171, 30-244 Kraków, Poland",2,0.005076142131979695
"Anglo-Australian Observatory, Coonabarabran, NSW 2357, Australia","University of Western Ontario, London, ON N6A 3K7, Canada",1,0.0048543689320388345
"Anglo-Australian Observatory, Coonabarabran, NSW 2357, Australia"," Pennsylvania State University, Wilkes-Barre Campus, Old Route 115, P.O. Box PSU, Lehman, PA 18627, USA",13,0.0048543689320388345
"Department of Physics, University of Queensland, Brisbane QLD 4072, Australia","Department of Physics, University of Western Sydney Macarthur, Campbelltown, NSW 2560, Australia",3,0.009345794392523364
"Department of Physics, University of Queensland, Brisbane QLD 4072, Australia","Astronomy Group, The Denys Wilkinson Building, Keble Road, Oxford OX1 3RH",1,0.009345794392523364
"Instituto de Ciencias Nucleares (UNAM), Ap.Postal 70-543, CP 04510, México D.F., México","Koninklijke Sterrenwacht van Belgie, Brussels, Belgium",1,0.014285714285714285
"Instituto de Ciencias Nucleares (UNAM), Ap.Postal 70-543, CP 04510, México D.F., México"," INAOE, Luis Enrique Erro 1, Tonanzintla, Puebla 72840, Mexico",2,0.014285714285714285
"Instituto de Ciencias Nucleares (UNAM), Ap.Postal 70-543, CP 04510, México D.F., México","College of Computing, Georgia Tech, 801 Atlantic Drive, Atlanta, GA 30332, USA",1,0.014285714285714285
"Caltech M/C 249-17, Pasadena, CA 91125, USA","DIET – Dipertimento di Ingegneria dell’ Informazione, Elettronica e Telecomunicazioni, Università di Roma ‘La Sapienza’, Italy",1,0.003048780487804878
"St Johns Research Centre, 45 St Giles, Oxford OX1 3JP","Eötvös Loránd University, Department of Astronomy, Pázmány Péter sétány 1/A, Budapest, H-1518, Hungary",1,0.0196078431372549
"NASA Ames, Moffett Field, CA 94035, USA"," Astronomy Centre, University of Sussex, Falmer, Brighton BN1 9QH",1,0.007246376811594203
"Afeka, Tel Aviv Academic College of Engineering, Tel Aviv 69107, Israel","LERMA, Observatoire de Paris, UMR8112, 61, avenue de l'Observatoire, Paris F‐75014, France",5,0.00684931506849315
"INAF — Osservatorio Astronomico di Monte Porzio, Monte Porzio Catone (Roma), Italy","Australia National Telescope Facility, CSIRO, PO Box 76, Epping, New South Wales 17190, Australia",6,0.003968253968253968
"INAF — Osservatorio Astronomico di Monte Porzio, Monte Porzio Catone (Roma), Italy","CIEMAT, Avda. Complutense 22, 28040 Madrid, Spain",5,0.003968253968253968
" Department of Astronomy, Yale University, PO Box 208101, New Haven CT 06520-8101, USA","Physics & Astronomy Department, UCLA, Box 951562, 405 Hilgard Avenue, Los Angeles, CA 90025-1562, USA",1,0.007246376811594203
" Department of Astronomy, Yale University, PO Box 208101, New Haven CT 06520-8101, USA","Department of Astronomy, University of California, Berkeley, CA 92720, USA",1,0.007246376811594203
"Dipartimento di Fisica e Tecnologie Relative, Università di Palermo, Via Archirafi 36, I-90123 Palermo, Italy"," W. Wheatridge Drive, Tucson, AZ, 85704, USA",2,0.006622516556291391
"Dipartimento di Fisica e Tecnologie Relative, Università di Palermo, Via Archirafi 36, I-90123 Palermo, Italy","GREYC CNRS UMR 6072, Image Processing Group, ENSICAEN 14050, Caen Cedex, France",1,0.006622516556291391
"CBA-Belgium. Walhostraat 1A, B-3401 Landen, Belgium","Departamento de Física e Matemática, PURO/Universidade Federal Fluminense, Rua Recife s/n, Rio das Ostras, RJ 28890-000, Brazil",1,0.0053475935828877
"CBA-Belgium. Walhostraat 1A, B-3401 Landen, Belgium","INAF – Observatorio Astronomico di Padova, I35122 Padova, Italy",1,0.0053475935828877
" IUCAA, Ganeshkhind, Pune 411007, India","School of Mathematics and Statistics, Herschel Building, Newcastle University, Newcastle upon Tyne NE1 7RU",1,0.007352941176470588
"IFCA, CSIC-Univ. de Cantabria, Avda. los Castros, s/n, E-39005 Santander, Spain","School of Physics and Astronomy, University of Southampton, SO17 1BJ",1,0.005780346820809248
"ASTRON, PO Box 2, NL-7990 AA Dwingeloo, the Netherlands","Max Planck Institute for Solar System Research, Max-Planck Str. 2, 37191, Katlenburg-Lindau, Germany",1,0.003787878787878788
"ASTRON, PO Box 2, NL-7990 AA Dwingeloo, the Netherlands","Institute of Astronomy RAS, Pyatnitskaya str., 48, Moscow, Russia",1,0.003787878787878788
"HM Nautical Almanac Office, Space Science and Technology Department, Rutherford Appleton Laboratory, Chilton, Didcot","Elviraland 194, 2591 GM The Hague, the Netherlands",1,0.045454545454545456
"Astrophysics and Planetary Sciences Division, The Queen's University of Belfast, Belfast BT7 1NN","CEA / SACLAY, 91191 Gif sur Yvette cedex, France",2,0.037037037037037035
"Astrophysics, NAPL, Keble Road, Oxford OX1 3RH",Université de Paris 10 and Laboratoire de Probabilités et Modèles Aléatoires,1,0.01020408163265306
"Eureka Scientific, USA","CBA (Nelson), 8 Regent Lane, Richmond, Nelson, New Zealand",2,0.005128205128205128
"Landessternwarte Heidelberg-Königstuhl, 69117 Heidelberg, Germany","IPD, UNIVAP, São José dos Campos, SP, 12244-000, Brazil",4,0.0030303030303030303
"Department of Astronomy, University of Michigan, 830 Dennison Building, 500 Church St., Ann Arbor, MI 48109, USA","X-ray Astronomy Group, University of Leicester, LE1 7RH Leicester",1,0.005988023952095809
"School of Physics and Astronomy, University of Birmingham, Birmingham","Faculty of Arts, Computing, Engineering and Sciences, Shuffled Hallam University, Sheffield S1 1WB",21,0.007246376811594203
"ARIES, Manora Peak, Nainital 263129, India","Dipartimento di Fisica e Tecnologie Relative, Università di Palermo, Via Archirafi 36, I-90123 Palermo, Italy",1,0.008849557522123894
"INAF-OAC, Via Moiarello 16, I-80131 Naples, Italy","UK Astronomy Technology Centre, Edinburgh EH9 3HJ",1,0.01020408163265306
"Instituto Astronômico e Geofísico, Av Miguel Stéfano 4200, 04301-904 São Paulo, Brazil","IF-UFRGS, Av. Bento Gonçalves 9500, CEP 91350-050, Porto Alegre, Rio Grande do Sul, Brazil",1,0.3333333333333333
" Korea Astronomy and Space Science Institute, 61-1 Hwaamdong, Yuseong-gu, Daejeon 305–348, Korea","University of Texas at Austin, Austin, TX 78712–1083, USA",1,0.006666666666666667
"CIEMAT, Avda. Complutense 22, 28040 Madrid, Spain","ESO, Casilla 19001, Santiago 19, Chile",8,0.002976190476190476
"CIEMAT, Avda. Complutense 22, 28040 Madrid, Spain","Astronomy Department, Yale University, 260 Whitney Avenue, New Haven, CT 06511, USA",3,0.002976190476190476
"Fakultät für Mathematik, Ruhr-University of Bochum, Mathematik III, NA 3/70, Universitätsstraße 150, 44780 Bochum, Germany","Caltech M/C 249-17, Pasadena, CA 91125, USA",1,0.015625
"Uppsala Astronomical Observatory, Box 515, S-75120 Uppsala, Sweden","Baumkamp 8, 22299 Hamburg, Germany",1,0.004878048780487805
"Swarthmore College, Swarthmore, PA 19081, USA","Josai Junior College, 1-1 Keyakidai, Sakado-shi, Saitama 350-0295, Japan",1,0.003937007874015748
"Swarthmore College, Swarthmore, PA 19081, USA","Department of Physics, Texas A& M University, College Station, Texas 77843-4242, USA",2,0.003937007874015748
"Bronberg Observatory, CBA Pretoria, PO Box 11426, Tiegerpoort 0056, South Africa","Institute of Astronomy, Madingley Road, CB3 0HA, Cambridge",1,0.0058823529411764705
"Crimea Astrophysical Observatory, Yalta, 334242 Crimea, Ukraine","Institute for Astrophysical Research, Boston University, Boston, MA 02215, USA",1,0.014925373134328358
"Observatori Astronòmic, Universitat de València, Edifici Instituts d'Investigació, Poligon La Coma, 46980 Paterna, València, Spain","KIPAC, PO Box 20450, MS29, Stanford, CA 94309, USA",1,0.08333333333333333
"Koninklijke Sterrenwacht van Belgie, Brussels, Belgium","Astronomical Institute, University of Wrocław, ul. Kopernika 11, 51-622 Wrocław, Poland",1,0.005988023952095809
"OASU-L3ABordeaux, CNRS UMR 5804, BP 89, 33270 Floirac, France","University of British Columbia, 6224 Agricultural Road Vancouver, BC V6T 1Z1 Canada",2,0.004608294930875576
"OASU-L3ABordeaux, CNRS UMR 5804, BP 89, 33270 Floirac, France","Cardiff University, Queen's Buildings, 5 The Parade, Cardiff CF24 3YB",3,0.004608294930875576
"Liverpool John Moores University, Birkenhead CH41 1LD","MPE, Giessenbachstrasse 1, D-85741 Garching, Germany",11,0.0031746031746031746
"Baumkamp 8, 22299 Hamburg, Germany","University of Maryland, College Park, MD 20742, USA",2,0.0064516129032258064
"Schnörringen Telescope Science Institute, Waldbröl, Germany","School of Physics and Astronomy, University of Leeds, West Yorkshire, Leeds LS2 9JT",1,0.027777777777777776
"Institut de Physique Nucléaire de Lyon, 69622 Villeurbanne, France","Astroclub Radebeul, Auf den Ebenbergen 10a, 01445 Radebeul, Germany",3,0.0625
"Boston College, Institute for Scientific Research, 140 Commonwealth Avenue, Chestnut Hill, MA 02467, USA","Center for Space Research, MIT, NE80-6055, 77 Massachusetts Avenue, Cambridge, MA 02139-4307, USA",1,0.022222222222222223
"Center for Space Research, MIT, NE80-6055, 77 Massachusetts Avenue, Cambridge, MA 02139-4307, USA","ASTRON, PO Box 2, NL-7990 AA Dwingeloo, the Netherlands",3,0.009259259259259259
"Center for Space Research, MIT, NE80-6055, 77 Massachusetts Avenue, Cambridge, MA 02139-4307, USA","Yale Center for Astronomy and Astrophysics, Yale University, PO Box 208121, New Haven, CT 06520, USA",1,0.009259259259259259
"Instituto de Radio Astronomía Milimétrica, E-18012 Granada, Spain","Astrokolkhoz Observatory, PO Box 1351 Cloudcroft, NM 88317, USA",3,0.0031847133757961785
"Instituto de Radio Astronomía Milimétrica, E-18012 Granada, Spain","INAF, Trieste Astronomical Observatory, Via G. B. Tiepolo 11, 1-34143 Trieste, Italy",1,0.0031847133757961785
"Instituto de Radio Astronomía Milimétrica, E-18012 Granada, Spain","CBA-Huelva, Observatorio del CIECEM, Matalascañas, E-21076 Almonte, Huelva, Spain",1,0.0031847133757961785
"NASA/GSFC, 8463 Greenbelt, MD 20770-2548, USA","INAF - Osservatorio Astronomico di Palermo, Piazza del Parlamento 1, 90134 Palermo, Italy",6,0.003875968992248062
"NASA/GSFC, 8463 Greenbelt, MD 20770-2548, USA","Liverpool John Moores University, Birkenhead CH41 1LD",7,0.003875968992248062
"NASA/GSFC, 8463 Greenbelt, MD 20770-2548, USA","Chinese Academy of Sciences, Beijing Astronomical Observatory, China",1,0.003875968992248062
"Australian National University, Canberra, ACT, Australia","Department of Astronomy, Oxford University, Oxford OX1 3RH",1,0.003952569169960474
"ESO, Casilla 19001, Santiago 19, Chile","Aryabhatta Research Institute of Observational Sciences (ARIES), Nainital-263 002, Uttrakhand, India",1,0.002702702702702703
"ESO, Casilla 19001, Santiago 19, Chile","Universidade de Caxias do Sul, 95070-560 Caxias do Sul, RS, Brazil",3,0.002702702702702703
"Centro de Física, IVIC, Caracas 1020A, Venezuela","Photonics and Mathematical Optics Group, Tecnológico de Monterrey, Av. Eugenio Garza Sada. 2501, 64849, Monterrey, NL, Mexico",1,0.006097560975609756
"Elviraland 194, 2591 GM The Hague, the Netherlands","Department of Physics and Astronomy, PO Box 87150, Arizona State University, Tempe, AZ 85287-1504, USA",1,0.0035211267605633804
"Elviraland 194, 2591 GM The Hague, the Netherlands","Applied Physics, Curtin University of Technology, GPO Box U1987, Perth, WA 6845, Australia",4,0.0035211267605633804
"Academia Sinica Institute of Astronomy and Astrophysics (ASIAA), PO Box 23, Taipei 106, Taiwan"," 14th Street, Suite 1207, Oakland, CA 94612, USA",1,0.009174311926605505
"Astronomical Observatory of the Ural State University, Lenin Ave. 51, 620083 Ekaterinburg, Russia","Australia National Telescope Facility, CSIRO, PO Box 76, Epping, New South Wales 17190, Australia",2,0.2
"Department of Physics, The University of Durham, Durham DH1 3LE"," W. Wheatridge Drive, Tucson, AZ, 85704, USA",1,0.017857142857142856
"Fundación Galileo Galilei - INAF, Rambla José Ana Fernández Pérez, 7, 38712 San Antonio de Breña Baja, Spain","Chalmers Tekniska Högskola, SE-412 96 Gothenburg, Sweden",1,0.045454545454545456
"Merrowinger str. 10, D-40223 Düsseldorf, Germany","Department of Physics and Astronomy, State University of New York at Stony Brook, Stony Brook, NY 11794-2100, USA",1,0.003003003003003003
"Institute for Cosmic Ray Research, Univ. of Tokyo, 5-1-5 Kashiwa-no-ha, Kashiwa City, 277-8582 Chiba, Japan","CEA / SACLAY, 91191 Gif sur Yvette cedex, France",1,0.013333333333333334
"Hida Observatory, Graduate School of Science, Kyoto University, Kamitakara, Takayama, Gifu 506-1314, Japan","Università degli Studi di Teramo, Viale Crucioli 122, 64100 Teramo, Italy",1,0.009615384615384616
"Department of Physics, Presidency College, 86/1 College Street, Kolkata 700 073, India","Vista University, Mamelodi Campus, Private Bag X1311, Silverton 0127, South Africa",1,0.09090909090909091
"Shanghai Astronomical Observatory, 80 Nandan Rd, Shanghai, 200030, China","School of Physics, Damghan University, PO Box 36715-364, Damghan, Iran",1,0.015873015873015872
"Department of Physics, Purdue University, 1396 Physics Building, West Lafayette, IN 47907-1396, USA","Institut für Theoretische Physik und Astrophysik der Universität Kiel, D-24098 Kiel, Germany",1,0.02702702702702703
"Laboratoire d'Astronomie Spatiale, Traverse du Siphon, F-13376 Marseille Cedex 12, France","Lawrence Berkeley National Laboratory, Berkeley, CA, USA",1,0.02702702702702703
"The Open University, Walton Hall, Milton Keynes MK7 6AA","Astrophysics Group, Keele University, Staffordshire ST5 5BG",7,0.0048543689320388345
" rue des Battieux 2000 Neuchatel, Switzerland","The Open University, Walton Hall, Milton Keynes MK7 6AA",3,0.007462686567164179
"Cardiff University, Queen's Buildings, 5 The Parade, Cardiff CF24 3YB","Dipartimento di Fisica e Tecnologie Relative, Università di Palermo, Via Archirafi 36, I-90123 Palermo, Italy",2,0.004807692307692308
"Astrophysics Department University of Oxford, 1 Keble Road, Oxford OX1 3RH","Liverpool John Moores, Liverpool Science Park, IC2 building, 146 Brownlow Hill, Liverpool L3 5RF, UK",1,0.005
"Department of Physics and Astronomy, University of Sussex, Brighton, East Sussex BN1 9QH","AAVSO, 25 Birch St, Cambridge, MA 02138, USA",7,0.009708737864077669
"University of Maryland, Baltimore County, MD 21250, USA","Swarthmore College, Swarthmore, PA 19081, USA",1,0.029411764705882353
"Faculty of Engineering, Hokkai-Gakuen University, Sapporo, Japan","Hida Observatory, Graduate School of Science, Kyoto University, Kamitakara, Takayama, Gifu 506-1314, Japan",2,0.06666666666666667
"Planning Division, Cardiff University, Park Place, Cardiff CF10 3UA"," Theoretical Astrophysics Center, Juliane Maries Vej 30, DK-2100 Copenhagen Ø, Denmark",1,0.012048192771084338
"Abteilung Bioklimatologie, Universität Göttingen, Büsgenweg 2, D-37077 Göttingen, Germany","Fakultät für Mathematik, Ruhr-University of Bochum, Mathematik III, NA 3/70, Universitätsstraße 150, 44780 Bochum, Germany",1,0.009345794392523364
"UCL, Mullard Space Science Laboratory, Holmbury St Mary, Dorking RH5 6NT","CNRS, Orsay F-91405, France",1,0.2
"CNRS, Orsay F-91405, France","University of British Columbia, 6224 Agricultural Road Vancouver, BC V6T 1Z1 Canada",2,0.011363636363636364
"Chinese Academy of Sciences, Beijing Astronomical Observatory, China","MPE, Giessenbachstrasse 1, D-85741 Garching, Germany",1,0.005434782608695652
" Cavendish Laboratory, University of Cambridge, 19 JJ Thomson Avenue,Cambridge CB3 0HE","Astrophysics Department University of Oxford, 1 Keble Road, Oxford OX1 3RH",1,0.014492753623188406
"Institut für Astrophysik, Friedrich-Hund-Platz 1, 37077 Göttingen, Germany","University of Central Lancashire, Centre for Astrophysics, Preston PR1 2HE",13,0.0035211267605633804
"Institut für Astrophysik, Friedrich-Hund-Platz 1, 37077 Göttingen, Germany","Astronomy Department, University of Wisconsin‐Madison, 475 North Charter Street, Madison, WI 53706‐1582, USA",3,0.0035211267605633804
"Institut für Astrophysik, Friedrich-Hund-Platz 1, 37077 Göttingen, Germany","Faculty of Electrical Engineering and Computing, Unska 3, 10000 Zagreb, Croatia",1,0.0035211267605633804
"Physics & Astronomy, East Tennessee State University, Johnson City, TN 37614, USA","Rudolf Peierls Centre for Theoretical Physics, Oxford",1,0.02702702702702703
"Institut fr Umweltphysik, Universität Bremen, Bremen 28359, Deutschland","School of Physics & Astronomy, Cardiff University, Cardiff CF24 3AA",1,0.25
"KIPAC, PO Box 20450, MS29, Stanford, CA 94309, USA","Astronomy Group, The Denys Wilkinson Building, Keble Road, Oxford OX1 3RH",2,0.01
"University of Southampton, Southampton, SO17 1BJ","University of Washington, Department of Physics, Seattle, WA 98195, USA",1,0.02127659574468085
"University of Southampton, Southampton, SO17 1BJ","Queen's University Belfast, University Road, Belfast BT7 1NN",1,0.02127659574468085
"LERMA, Observatoire de Paris, UMR8112, 61, avenue de l'Observatoire, Paris F‐75014, France","Johns Hopkins University, 3400 N. Charles Street, 21218, Baltimore, MD, USA",1,0.005050505050505051
"Astronomy Group, University College London, London WC1E 6BT","Centre AMER Observatory National Academy of Sciences of Ukraine, 27 Akademika Zabolotnoho Street, 03680 Kyiv, Ukraine",3,0.03225806451612903
"University of Antwerp, Middelheimlaan 1, B‐2020 Antwerpen, Belgium","A. Geminale Department of Astronomy, Vicolo dell'Osservatorio 3, 35122 Padova, Italy",1,0.0625
"I. A. S. — Planetologia, via Fosso del Cavaliere 100, I-00133 Roma, Italy"," Dipartimento di Astronomia,Universitá di Padova, Vicolo dell' Osservatorio 3, Padova I-35122, Italy",6,0.008130081300813009
"School of PEMS, UNSW@ADFA, Canberra ACT 2600, Australia","CBA (Nelson), 8 Regent Lane, Richmond, Nelson, New Zealand",1,0.023809523809523808
"Columbia Astrophysics Laboratory, 550 W. 120th Street, New York, NY 10027, USA","McGill University, 3600 rue University, Montreal, QC H3A 2T8, Canada",1,0.01098901098901099
"Columbia Astrophysics Laboratory, 550 W. 120th Street, New York, NY 10027, USA","Centre for Space Astrophysics, Yonsei University, Seoul 120-749, Korea",1,0.01098901098901099
"Columbia Astrophysics Laboratory, 550 W. 120th Street, New York, NY 10027, USA","University of California, Berkeley, Dept. of Astronomy, 601 Campbell Hall 3411, Berkeley, CA 94720, USA",1,0.01098901098901099
"Warsaw University Observatory, Al. Ujazdowskie 4, PL-00-478, Poland","Department of Physics, University of Namibia, Private Bag 13301, Windhoek, Namibia",3,0.015873015873015872
"Pontifícia Universidade Católica de Minas Gerais, Rua do Rosário 1081, 32630-000 Betim, MG, Brazil","H H Wills Physics Laboratory, Tyndall Avenue, Bristol BS8 1TL, UK",2,0.008403361344537815
"Astrofísica da Universidade do Porto, Rua das Estrelas, 4150-762 Porto, Portugal","IF-UFRGS, Av. Bento Gonçalves 9500, CEP 91350-050, Porto Alegre, Rio Grande do Sul, Brazil",2,0.0064516129032258064
"Astrofísica da Universidade do Porto, Rua das Estrelas, 4150-762 Porto, Portugal","University of Calgary, 2500 University Dr NW, Calgary, AB T2N 1N4, Canada",1,0.0064516129032258064
"US Naval Observatory, 10391 West Naval Observatory Road, Flagstaff, AZ 86001-8521, USA","Earth & Space Sciences, University of Washington, Seattle WA, USA 98195",1,0.034482758620689655
"Yale University, New Haven, CT 06520-8101, USA","Argonne National Laboratory, 9700 S. Cass Avenue, Lemont, IL 60439, USA",1,0.011764705882352941
"Institut für Astro und Teilchenphysik, Leopold Franzens Universität Innsbruck, Technikerstraße 25/8, A-6020 Innsbruck, Austria","Swarthmore College, Swarthmore, PA 19081, USA",4,0.010416666666666666
"Institut für Astro und Teilchenphysik, Leopold Franzens Universität Innsbruck, Technikerstraße 25/8, A-6020 Innsbruck, Austria","LAL, Univ Paris-Sud, CNRS/IN2P3, 91898 Orsay, France",1,0.010416666666666666
" Department of Physics and Astronomy, University of Canterbury, Private Bag 4800, Christchurch 8140, New Zealand","LAM-UMR 6110, CNRS & Univ. de Provence, 38 rue Fréderic Juliot-Curie, F-13013 Marseille, France",2,0.00980392156862745
"Queen’s University, Kingston, ON K7L 3N6, Canada","Department of Physics & Astronomy, University of Kansas, Lawrence, KS 66045, USA",1,0.008064516129032258
"Astronomy Department, UC Berkeley, Hearst Field Annex B-20, Berkeley, CA 94720-3411, USA","CAMTP - Center for Applied Mathematics and Theoretical Physics, University of Maribor, Krekova 2, SI-2000 Maribor, Slovenia",1,0.005208333333333333
"Lawrence Berkeley National Laboratory, Berkeley, CA, USA","Institute of Astronomy, Madingley Road, CB3 0HA, Cambridge",1,0.007633587786259542
"Lawrence Berkeley National Laboratory, Berkeley, CA, USA","Hida Observatory, Graduate School of Science, Kyoto University, Kamitakara, Takayama, Gifu 506-1314, Japan",2,0.007633587786259542
"Foundation for Research and Technology-Hellas, 711 10 Heraklion, Crete, Greece","Cardiff University, Queen's Buildings, 5 The Parade, Cardiff CF24 3YB",1,0.014925373134328358
"Laboratory of Physics, Kyoto Pharmaceutical University, Misasagi, Yamashina, Kyoto 607-8414, Japan","Princeton University Observatory, Ivy Lane, Princeton, NJ 08544, USA",1,0.058823529411764705
"Grupo de Mecánica Celeste, Facultad de Ciencias, 47005 Valladolid, Spain","CBA (Colorado), Antelope Hils Observatory, 980 Antelope Drive West, Bennet, CO 80102, USA",1,0.010526315789473684
"Cracow Pedagogical University, ul. Podchorazych 2, 30-084 Krakow, Poland","University of Central Lancashire, Centre for Astrophysics, Preston PR1 2HE",3,0.010526315789473684
"Department of Astronomy, San Diego State University, 5500 Campanile Drive, San Diego, CA 92182-1221, USA","ASTRON, PO Box 2, NL-7990 AA Dwingeloo, the Netherlands",2,0.023809523809523808
" Arecibo Observatory, NAIC, HC3 Box 53995, Arecibo, Puerto Rico, PR 00612, USA","Astrokolkhoz Observatory, PO Box 1351 Cloudcroft, NM 88317, USA",3,0.02040816326530612
"Astrophysics & Supercomputing, Swinburne University, Hawthorn VIC 3122, Australia","School of Physics and Astronomy, St Andrews University, North Haugh, St Andrews, Fife KY16 9SS",4,0.005154639175257732
"Astrophysics & Supercomputing, Swinburne University, Hawthorn VIC 3122, Australia","Laboratori d'Estudis Geofísics Eduard Fontseré (LEGEF), IEC, E-47. 08001 Barcelona, Spain",2,0.005154639175257732
"Department of Physics & Astronomy, University of Sheffield, Sheffield S3 7RH","Leiden University, Leiden Observatory, PO Box 9513, NL-2300 RA, Leiden",1,0.05
"Department of Physics, University of Waterloo, 200 University Avenue West, Waterloo, Ontario, N2L 3G1 Canada","Department of Physics and Asrtronomy, James Madison University, 901 Carrier Dr., Harrisonburg, VA 22807, USA",1,0.013888888888888888
"JBCA School of Physics and Astronomy, The University of Manchester, Alan Turing Building, Oxford Road, Manchester M13 9PL","CITA, 60 St. George St, Toronto M5S 3H8, ON, Canada",1,0.008849557522123894
"JBCA School of Physics and Astronomy, The University of Manchester, Alan Turing Building, Oxford Road, Manchester M13 9PL"," Delphon Str., Thessaloniki 546 43, Greece",1,0.008849557522123894
"School of Physics, University of Exeter, Exeter EX4 4QL, UK","LERMA, Observatoire de Paris, UMR8112, 61, avenue de l'Observatoire, Paris F‐75014, France",1,0.02631578947368421
"Centre for Space Astrophysics, Yonsei University, Seoul 120-749, Korea","Yale University, New Haven, CT 06520-8101, USA",2,0.010638297872340425
"Astronomical Observatory of Padova in Asiago, Asiago, Italy","Big Bear Solar Observatory, New Jersey Institute of Technology, Big Bear City, CA 92314, USA",2,0.023809523809523808
" School of Physics, University of New South Wales, Sydney, NSW 2052, Australia","IF-UFRGS, Av. Bento Gonçalves 9500, CEP 91350-050, Porto Alegre, Rio Grande do Sul, Brazil",1,0.0064516129032258064
" School of Physics, University of New South Wales, Sydney, NSW 2052, Australia","Deutsches SOFIA Institut, Universität Stuttgart, Pfaffenwaldring 29, 70569 Stuttgart, Germany",4,0.0064516129032258064
Rhine Stellar Dynamics Network (RSDN),"DGA Maîtrise de l’information, BP 7 35998 Rennes Cedex 9, France",1,0.058823529411764705
"Perth Observatory, Walnut Road, Bickley, Perth 6076, WA, Australia","Caltech M/C 249-17, Pasadena, CA 91125, USA",1,0.05263157894736842
"Perth Observatory, Walnut Road, Bickley, Perth 6076, WA, Australia","Mt John Observatory, PO Box 56, Lake Tekapo 8770, New Zealand",1,0.05263157894736842
"Institute of Astronomy RAS, Pyatnitskaya str., 48, Moscow, Russia","NRAO Headquarters, 520 Edgemont Road, Charlottesville, VA 22903, USA",1,0.09090909090909091
"Laboratori d'Estudis Geofísics Eduard Fontseré (LEGEF), IEC, E-47. 08001 Barcelona, Spain","Centre de Physique Théorique de Marseille, 13288 Marseille, France",1,0.005319148936170213
"Laboratori d'Estudis Geofísics Eduard Fontseré (LEGEF), IEC, E-47. 08001 Barcelona, Spain","Address at time of contribution to this work: School of Chemistry, University of Nottingham, University Park, Nottingham NG7 2RD",3,0.005319148936170213
"Laboratori d'Estudis Geofísics Eduard Fontseré (LEGEF), IEC, E-47. 08001 Barcelona, Spain","ESA, Villafranca del Castillo, Spain",3,0.005319148936170213
"Afdeling Sterrenkunde, Radboud Universiteit Nijmegen, Faculteit NWI, Postbus 9010, 6500 GL Nijmegen, the Netherlands","Astronomical Observatory of Padova in Asiago, Asiago, Italy",1,0.006711409395973154
"CBA-Tennessee, 2007 Cedarmont Drive, Franklin, TN 37067, USA","Instytut Obserwatorium Astronomiczne U.A.M., Sloneczna 36, PL-60286 Poznań, Poland",1,0.03333333333333333
"Astrophysics Group, Physics Department, University of the Western Cape, Private Bag X17, 7535, Bellville, Cape Town, South Africa","Blackett Laboratory Optics Section, Imperial College, London SW7 2BZ",1,0.0196078431372549
"Department of Earth Science, National Taiwan Normal University, No 88, Tingzhou Road, Sec. 4, Taipei 11677, Taiwan","Liverpool John Moores University, Birkenhead CH41 1LD",1,0.14285714285714285
"Dublin City University, Dublin 9, Ireland","Laboratori d'Estudis Geofísics Eduard Fontseré (LEGEF), IEC, E-47. 08001 Barcelona, Spain",1,0.0625
"IAFE, Casilla de Correos 67, Suc. 28, Buenos Aires 1428, Argentina"," Physics and Astronomy, Louisiana State University, Baton Rouge, LA 70803, USA",1,0.017543859649122806
"Applied Physics, Curtin University of Technology, GPO Box U1987, Perth, WA 6845, Australia","Instituto de Radio Astronomía Milimétrica, E-18012 Granada, Spain",1,0.014705882352941176
"Centro Universitário Estadual da Zona Oeste, Av. Manual Caldeira de Alvarenga 1203, Rio de Janeiro – RJ 23.070-200, Brazil","Lawrence Berkeley National Laboratory, Berkeley, CA, USA",1,0.03125
"Konkoly Observatory, Konkoly Thege M. u. 15-17, H-1121 Budapest, Hungary","Department of Physics and Astronomy, University of Hawaii - Hilo, 200 West Kawili Street, Hilo, Hawaii, 96720-4091, USA",2,0.0058823529411764705
"Department of Mechanical Engineering, University of Leeds, Leeds LS2 9JT, UK","Department of Applied Mathematics, The University of Leeds, Leeds",1,1.0
"Bellatrix Astronomical Observatory, Via Madonna de Loco 47, 03023 Ceccano (FR), Italy","Josai Junior College, 1-1 Keyakidai, Sakado-shi, Saitama 350-0295, Japan",1,0.02857142857142857
"Bellatrix Astronomical Observatory, Via Madonna de Loco 47, 03023 Ceccano (FR), Italy","Department of Physics, Texas A& M University, College Station, Texas 77843-4242, USA",1,0.02857142857142857
"Department of Physics, University of Toronto, M5S 1A7, Canada"," rue des Battieux 2000 Neuchatel, Switzerland",1,0.3333333333333333
"School of Information Technologies, University of Sydney, NSW, 2006, Australia","Physics Department, Science Labs, South Road, Durham DH1 3LE",2,0.004132231404958678
"School of Information Technologies, University of Sydney, NSW, 2006, Australia"," Theoretical Astrophysics Center, Juliane Maries Vej 30, DK-2100 Copenhagen Ø, Denmark",4,0.004132231404958678
"Joint Institute for Galaxy and Cosmology (JOINGC) of SHAO and USTC, Shanghai 200030, China","Merrowinger str. 10, D-40223 Düsseldorf, Germany",1,0.04
"Department of Physics, University of Ljubljana, Jadranska 19, 1000 Ljubljana, Slovenia"," Korea Astronomy and Space Science Institute, 61-1 Hwaamdong, Yuseong-gu, Daejeon 305–348, Korea",1,0.016129032258064516
"Department of Physics, University of Ljubljana, Jadranska 19, 1000 Ljubljana, Slovenia","Astrophysics Department University of Oxford, 1 Keble Road, Oxford OX1 3RH",1,0.016129032258064516
"INAF–OAR, via di Frascati 33, I-00040 Monte Porzio Catone, Italy","Department of Astronomy, University of Michigan, 830 Dennison Building, 500 Church St., Ann Arbor, MI 48109, USA",1,0.034482758620689655
" Iowa Street, Ashland, OR 97520, USA","Laboratori d'Estudis Geofísics Eduard Fontseré (LEGEF), IEC, E-47. 08001 Barcelona, Spain",1,0.009523809523809525
"ETH Zürich, 8093 Zürich, Switzerland","Racah Institute of Physics, The Hebrew University, Jerusalem",1,0.2
"Instituto Superior de Correlación Geológica, Av. Perón S/N, Yerba Buena, 4000 Tucumán, Argentina","Osservatorio Astronomico di Castelmartini, via Bartolini 1317, 51036 Larciano, Pistoia, Italy",1,0.034482758620689655
"CSIRO Astronomy and Space Science, Marsfield NSW 2122, Australia","AAVSO, 25 Birch St, Cambridge, MA 02138, USA",2,0.022727272727272728
"CSIRO Astronomy and Space Science, Marsfield NSW 2122, Australia"," IUCAA, Ganeshkhind, Pune 411007, India",2,0.022727272727272728
"Department of Physics and Astronomy, Box 870324, University of Alabama, Tuscaloosa, AL 35487, USA","Astrophysics Group, University of Exeter, Stocker Road, Exeter EX4 4QL, UK",1,0.14285714285714285
"Universidad de Chile, Camino el Observatorio #1515, Santiago, Casilla 36-D, Chile","University of Southampton, Southampton, SO17 1BJ",1,0.09090909090909091
"Cyprus College, 6 Diogenes Street, Engomi, P.O. Box 22006, 1516 Nicosia, Cyprus","MPE, Giessenbachstrasse 1, D-85741 Garching, Germany",2,0.030303030303030304
"Department of Astronomy and Physics, St. Mary's University, Halifax, Canada NS B3H 3C3","Institute of Astronomy, 72 Tsarigradsko Shosse Blvd., 1784 Sofia, Bulgaria",1,0.025
"Department of Astronomy and Physics, St. Mary's University, Halifax, Canada NS B3H 3C3","Department of Physics & Astronomy, 12 Physics Building, Iowa State University, Ames, IA 50011, USA",1,0.025
"Department of Astronomy, University of Massachusetts, Lederle Graduate Research Tower B 619E, 710 North Pleasant Street, Amherst, MA 01003-9305, USA","ASTRON, PO Box 2, NL-7990 AA Dwingeloo, the Netherlands",1,0.1111111111111111
"Tianjin Astrophysics Center, Tianjin Normal University, Tianjin 300384, China","Chinese Academy of Sciences, Beijing Astronomical Observatory, China",2,0.05
"University of California, Berkeley, Dept. of Astronomy, 601 Campbell Hall 3411, Berkeley, CA 94720, USA","Yale University, New Haven, CT 06520-8101, USA",1,0.011111111111111112
"Department of Astron. Sp. Science, Chungnam Natl. Univ., Daejeon 305-764, South Korea","Shanghai Astronomical Observatory, 80 Nandan Rd, Shanghai, 200030, China",1,0.14285714285714285
"Goddard Institute for Space Studies, NASA, 2880 Broadway, New York, NY 10025, USA","Baumkamp 8, 22299 Hamburg, Germany",1,0.125
"William Jewell College, 500 College Hill Liberty, MO 64048, USA","Institute de Astrofisica de Canarias, C/ Via Lactea s/n, E-38200 La Laguna, Spain",1,0.02857142857142857
"Ohio Supercomputer Center, Columbus, OH 43212, USA","Grupo de Mecánica Celeste, Facultad de Ciencias, 47005 Valladolid, Spain",1,0.25
"Mathematics Department, University of Manchester, Manchester M13 9PL","University of British Columbia, 6224 Agricultural Road Vancouver, BC V6T 1Z1 Canada",1,0.005291005291005291
"Mathematics Department, University of Manchester, Manchester M13 9PL","Cardiff University, Queen's Buildings, 5 The Parade, Cardiff CF24 3YB",2,0.005291005291005291
"The CHARA Array, Mount Wilson Observatory, Mount Wilson, CA 91023, USA"," W. Wheatridge Drive, Tucson, AZ, 85704, USA",1,0.16666666666666666
"DESY, D-15735 Zeuthen, Germany","Japanese MAGIC Consortium, Division of Physics and Astronomy, Kyoto University, Japan",1,0.02631578947368421
"Labóratorio Nacional de Astrofísica, Itajubá, Brazil","IF-UFRGS, Av. Bento Gonçalves 9500, CEP 91350-050, Porto Alegre, Rio Grande do Sul, Brazil",2,0.008130081300813009
"Università di Padova and INFN, I-35131 Padova, Italy","INAF-IRA, Noto, C.P. 161, Noto(SR), Italy",1,0.05555555555555555
"CEOU-Seoul National University, Seoul 151-742, Republic of Korea","Department of Physics and Astronomy, University of Sussex, Brighton, East Sussex BN1 9QH",1,0.2
"Department of Physics and Astronomy, University of Sheffield, S3 7RH","ADNET Systems, Inc., 7515 Mission Dr, Suite A1C1, Lanham, Maryland 20706, USA",1,0.16666666666666666
"Department of Physics and Astronomy, 4129 Frederick Reines Hall, UC Irvine, Irvine, CA 84602, USA","Landessternwarte Heidelberg-Königstuhl, 69117 Heidelberg, Germany",1,0.04
"Brown University, The Harriet W. Sheridan Center for Teaching and Learning, Box 1912, 96 Waterman Street, Providence, RI 02912, USA","University of Pennsylvania, Philadelphia, PA 19104, USA",1,0.16666666666666666
"Department of Imaging and Applied Physics, Building 301, Curtin University, Kent Street, Bentley, WA 6102, Australia"," Greenland Drive, Drouin 3818, Victoria, Australia",1,0.5
"IAC, Calle Via Lactea, E38200 La Laguna, Tenerife 38205, Spain","INAF - Osservatorio Astronomico di Palermo, Piazza del Parlamento 1, 90134 Palermo, Italy",1,0.25
"Queen's University Belfast, University Road, Belfast BT7 1NN","Astronomy Department, The University of Texas at Austin, 1 University Station C1400, Austin, Texas 78712‐0259, USA",3,0.007518796992481203
"Jodrell Bank Centre for Astrophysics, University of Manchester, Alan Turing Building, Manchester M13 9PL, UK","CIEMAT, Avda. Complutense 22, 28040 Madrid, Spain",1,0.058823529411764705
"Cavendish Laboratory, 19 J. J. Thomson Ave, Cambridge CB3 0HE, UK"," Space Sciences Laboratory, University of California, Berkeley, CA, USA",1,0.1111111111111111
"Liverpool John Moores, Liverpool Science Park, IC2 building, 146 Brownlow Hill, Liverpool L3 5RF, UK","HE Space Operations GmbH, Flughafenallee 24, D-28199 Bremen, Germany",1,0.07692307692307693
"Department of Chemistry, Physics and Astronomy, Georgia College & State University, CBX 82, Milledgeville, GA 31061, USA","LERMA, Observatoire de Paris, UMR8112, 61, avenue de l'Observatoire, Paris F‐75014, France",1,0.03571428571428571
"Ege University Observatory, 35100, Bornova, Izmir, Turkey","Department of Astronomy, University of Michigan, 830 Dennison Building, 500 Church St., Ann Arbor, MI 48109, USA",1,0.022222222222222223
"Jodrell Bank Centre for Astrophysics, University of Manchester Alan Turing Building, Manchester M13 9PL","Josai Junior College, 1-1 Keyakidai, Sakado-shi, Saitama 350-0295, Japan",1,0.03333333333333333
"Jodrell Bank Centre for Astrophysics, University of Manchester Alan Turing Building, Manchester M13 9PL","Department of Physics, Texas A& M University, College Station, Texas 77843-4242, USA",1,0.03333333333333333
"Institute of Space Sciences (CSIC–IEEC), UAB, Barcelona 08193, Spain","Department of Astronomy, University of Michigan, 830 Dennison Building, 500 Church St., Ann Arbor, MI 48109, USA",2,0.038461538461538464
