"CREST, Siddalaghatta Road, Hosakote, Bangalore, India","School of Mathematical Sciences, Monash University, Victoria, 3800, Australia",3,0.004424778761061947
"AAVSO, 25 Birch St, Cambridge, MA 02138, USA","School of Computer Science and IT, University of Nottingham, Nottingham NG8 1BB",1,0.0024691358024691358
"AAVSO, 25 Birch St, Cambridge, MA 02138, USA","School of Computing and Mathematical Sciences, Glasgow Caledonian University, Glasgow G4 0BA",1,0.0024691358024691358
"AAVSO, 25 Birch St, Cambridge, MA 02138, USA","Department of Physics, Durham University, Durham DH1 3LE",2,0.0024691358024691358
"AAVSO, 25 Birch St, Cambridge, MA 02138, USA","I. M. Systems Group, Kensington, MD 20895, USA",1,0.0024691358024691358
"Facultad de Ciencias, Universidad Católica del Norte, Antofagasta, Chile","Imperial College London, South Kensington Campus, London SW7 2AZ",1,0.029411764705882353
"School of Physics, Monash University, Clayton, VIC 3800, Australia","Institute of Astronomy, Madingley Road, CB3 0HA, Cambridge",1,0.018867924528301886
"Institute of Astronomy, 72 Tsarigradsko Shosse Blvd., 1784 Sofia, Bulgaria"," Brightwater Road, Blackmans Bay, Tasmania 7052, Australia",1,0.009345794392523364
"Argelander-Institut für Astronomie, Auf dem Hügel 71, Bonn"," Division of Physical Sciences, University of Hertfordshire, Herts AL10 9AB",1,0.009615384615384616
"LAM-UMR 6110, CNRS & Univ. de Provence, 38 rue Fréderic Juliot-Curie, F-13013 Marseille, France","Delaware Asteroseismic Research Center, Mt Cuba Observatory, Greenville, DE 19807, USA",1,0.0037313432835820895
"Institute of Astronomy, Madingley Road, CB3 0HA, Cambridge","Department of Physics, University of Queensland, Brisbane QLD 4072, Australia",1,0.0031446540880503146
"Institute of Astronomy, Madingley Road, CB3 0HA, Cambridge","KIPAC, PO Box 20450, MS29, Stanford, CA 94309, USA",3,0.0031446540880503146
"Institute of Astronomy, Madingley Road, CB3 0HA, Cambridge","Michigan State University, 567 Wilson Rd. Rm 3275, East Lansing, MI 48824, USA",1,0.0031446540880503146
"MPE, Giessenbachstrasse 1, D-85741 Garching, Germany","Grupo de Mecánica Celeste, Facultad de Ciencias, 47005 Valladolid, Spain",1,0.003401360544217687
"IF-UFRGS, Av. Bento Gonçalves 9500, CEP 91350-050, Porto Alegre, Rio Grande do Sul, Brazil","University of Oslo, Institute of Theoretical Astrophysics, PO Box 1029 — Blindern, N-0315 Oslo, Norway",1,0.0070921985815602835
"IF-UFRGS, Av. Bento Gonçalves 9500, CEP 91350-050, Porto Alegre, Rio Grande do Sul, Brazil","Institut für Astrophysik, Friedrich-Hund-Platz 1, 37077 Göttingen, Germany",2,0.0070921985815602835
"IF-UFRGS, Av. Bento Gonçalves 9500, CEP 91350-050, Porto Alegre, Rio Grande do Sul, Brazil","Cracow Pedagogical University, ul. Podchorazych 2, 30-084 Krakow, Poland",4,0.0070921985815602835
"IF-UFRGS, Av. Bento Gonçalves 9500, CEP 91350-050, Porto Alegre, Rio Grande do Sul, Brazil","South Africa Astronomical Observatory, Cape Town, South Africa",1,0.0070921985815602835
"National Technical University of Athens, GR-15773, Athens, Greece","MPE, Giessenbachstrasse 1, D-85741 Garching, Germany",2,0.125
"Leiden University, Leiden Observatory, PO Box 9513, NL-2300 RA, Leiden","Princeton University Observatory, Ivy Lane, Princeton, NJ 08544, USA",2,0.00411522633744856
"Astronomical Observatory of Jagiellonia University, 30-274 Krakow, Poland","Portsmouth Grammar School, High Street, Portsmouth PO1 2LN",1,0.012345679012345678
"Pittsburgh Supercomputing Center, 300 S. Craig Street, Pittsburgh, PA 15213, USA","Eureka Scientific, USA",4,0.006756756756756757
"Pittsburgh Supercomputing Center, 300 S. Craig Street, Pittsburgh, PA 15213, USA","University of Maryland, College Park, MD 20742, USA",1,0.006756756756756757
"Pittsburgh Supercomputing Center, 300 S. Craig Street, Pittsburgh, PA 15213, USA","School of PEMS, UNSW@ADFA, Canberra ACT 2600, Australia",2,0.006756756756756757
"Pittsburgh Supercomputing Center, 300 S. Craig Street, Pittsburgh, PA 15213, USA","Department of Physics, 84 Lomb Memorial Drive, Rochester, NY 14623, USA",1,0.006756756756756757
"GAPHE, Département AGO, Université de Liège, Allée du 6 Août 17, Bat. B5C, B4000 Liège, Belgium","Institute of Astronomy, 72 Tsarigradsko Shosse Blvd., 1784 Sofia, Bulgaria",2,0.05555555555555555
"Big Bear Solar Observatory, New Jersey Institute of Technology, Big Bear City, CA 92314, USA","Theoretical Astrophysics, University of Tübingen, IAAT, Auf der Morgenstelle 10, Tübingen 72076, Germany",1,0.002680965147453083
"ESO – Karl-Schwarzschild-Str. 2, 85748 Garching bei München, Germany","SAAO, PO Box 9, Observatory, 7935, South Africa",2,0.0021008403361344537
"ESO – Karl-Schwarzschild-Str. 2, 85748 Garching bei München, Germany"," Greenland Drive, Drouin 3818, Victoria, Australia",7,0.0021008403361344537
"ESO – Karl-Schwarzschild-Str. 2, 85748 Garching bei München, Germany","NASA/Fermilab Astrophysics Group, MS 209, Batavia, IL 60510-0500, USA",1,0.0021008403361344537
"ESO – Karl-Schwarzschild-Str. 2, 85748 Garching bei München, Germany","Center for Astrophysics and Space Astronomy, 593 UCB, Boulder, Co 80309-0593, USA",1,0.0021008403361344537
"ESO – Karl-Schwarzschild-Str. 2, 85748 Garching bei München, Germany","Extragalactic Astronomy Group, Physics Department, Durham University, Durham",1,0.0021008403361344537
" Dipartimento di Astronomia,Universitá di Padova, Vicolo dell' Osservatorio 3, Padova I-35122, Italy","Department of Physics, Virginia Polytechnic Institute & State University, 910 Drillfield Drive, Blacksburg, VA 24061, USA",2,0.00546448087431694
"DGA Maîtrise de l’information, BP 7 35998 Rennes Cedex 9, France","University of Central Lancashire, Centre for Astrophysics, Preston PR1 2HE",1,0.006944444444444444
"Imperial College London, South Kensington Campus, London SW7 2AZ","ASTRON, PO Box 2, NL-7990 AA Dwingeloo, the Netherlands",4,0.00398406374501992
"University of British Columbia, 6224 Agricultural Road Vancouver, BC V6T 1Z1 Canada","Astrokolkhoz Observatory, PO Box 1351 Cloudcroft, NM 88317, USA",1,0.007575757575757576
"Astronomy Department, University of Florida, Gainesville, Florida, 32611, USA","Department of Physics and Optical Science, University of North Carolina at Charlotte, Charlotte, NC 28223, USA",1,0.015151515151515152
"Centre de Visió per Computador, Campus Universitat Autònoma de Barcelona, 08193 Cerdanyola del Vallès (Barcelona), Spain","Laboratori d'Estudis Geofísics Eduard Fontseré (LEGEF), IEC, E-47. 08001 Barcelona, Spain",2,0.017543859649122806
"C.A.I.S.M.I. – C.N.R., Largo E. Fermi 5, I-50125 Firenze, Italy","Department of Physics and Astronomy, York University, 4700 Keele St., Toronto, Ontario M3J 1P3, Canada",1,0.006711409395973154
"C.A.I.S.M.I. – C.N.R., Largo E. Fermi 5, I-50125 Firenze, Italy","Laboratoire de Spectrométrie Physique (CNRS UMR 5588), Université Joseph Fourier de Grenoble, 38402 Saint Martin d'Héres, France",1,0.006711409395973154
"INAF – IASF Milano, 20133 Milano, Italy","RIKEN, Chiyoda-ku, Tokyo 100-0005, Japan",2,0.006060606060606061
"INAF – IASF Milano, 20133 Milano, Italy"," Osservatorio Astronomico di Brera, Via Bianchi 46, I-23807 Merate (LC), Italy",12,0.006060606060606061
"INAF – IASF Milano, 20133 Milano, Italy",AIM – Unité Mixte de Recherche CEA – CNRS – Université Paris VII – UMR 715,1,0.006060606060606061
"IASF–Bologna/INAF, Via Gobetti 101, I-4012 Bologna, Italy","Department of Physics and Astronomy, University of Sussex, Brighton, East Sussex BN1 9QH",2,0.0049504950495049506
"IASF–Bologna/INAF, Via Gobetti 101, I-4012 Bologna, Italy","CSIRO Astronomy and Space Science, Marsfield NSW 2122, Australia",2,0.0049504950495049506
"IASF–Bologna/INAF, Via Gobetti 101, I-4012 Bologna, Italy","Institute of Physics, Jan Kochanowski University, ul. Swietokrzyska 15, 25-406 Kielce, Poland",2,0.0049504950495049506
"University of Western Ontario, London, ON N6A 3K7, Canada","Leiden University, Leiden Observatory, PO Box 9513, NL-2300 RA, Leiden",6,0.007518796992481203
"University of Western Ontario, London, ON N6A 3K7, Canada","Zooniverse, c/o Department of Astrophysics, University of Oxford, OX1 3RH",1,0.007518796992481203
"University of Sheffield, Hicks Building, Hounsfield Road, Sheffield S3 7RH","University of Hertfordshire, Department of Physical Sciences, College Lane, Hatfield, Herts AL10 9AB",3,0.007246376811594203
"Portsmouth Grammar School, High Street, Portsmouth PO1 2LN","Astronomy Department, The University of Texas at Austin, 1 University Station C1400, Austin, Texas 78712‐0259, USA",3,0.004629629629629629
"Australia National Telescope Facility, CSIRO, PO Box 76, Epping, New South Wales 17190, Australia","Indian Institute of Science Education and Research, 900, NCL Innovation Park, Dr Homi Bhabha Road Pune, Maharashtra 411008, India",1,0.0038022813688212928
"University of California Santa Barbara, Department of Physics, Santa Barbara, CA 93106, USA"," Big Horn Ridge, NE, Albuquerque, NM 87122, USA",1,0.018518518518518517
"University of Southampton, School of Physics and Astronomy, Highfield Campus, Southampton, Hampshire SO17 1BJ"," Arecibo Observatory, NAIC, HC3 Box 53995, Arecibo, Puerto Rico, PR 00612, USA",1,0.01
"Max Planck Institute for Solar System Research, Max-Planck Str. 2, 37191, Katlenburg-Lindau, Germany","IZMIRAN, Troitsk, Moscow Region 142190, Russia",2,0.008130081300813009
"Max Planck Institute for Solar System Research, Max-Planck Str. 2, 37191, Katlenburg-Lindau, Germany","United Laboratory for Optical Astrometry, The Chinese Academy of Sciences, China",1,0.008130081300813009
"University of Toronto at Scarborough, 1265 Military Trail, Toronto, Ontario M1C 1A4, Canada"," 14th Street, Suite 1207, Oakland, CA 94612, USA",1,0.06666666666666667
"University of Durham, South Rd, Durham DH1 3LE","Johns Hopkins University, 3400 N. Charles Street, 21218, Baltimore, MD, USA",25,0.004464285714285714
"Centrum Astronomiczne im. M. Kopernika, Bartycka 18, 00–716 Warszawa, Poland","‘E. Fermi’ Center, Via Panisperna 89 A, Compendio del Viminale, I-00184 Rome, Italy",2,0.005434782608695652
"Centrum Astronomiczne im. M. Kopernika, Bartycka 18, 00–716 Warszawa, Poland","Astronomical Institute of the Romanian Academy, Bucharest, Romania",1,0.005434782608695652
"School of Physics and Astronomy, St Andrews University, North Haugh, St Andrews, Fife KY16 9SS","CERN, CH-1211 Geneva 23, Switzerland",9,0.0038022813688212928
"School of Physics and Astronomy, St Andrews University, North Haugh, St Andrews, Fife KY16 9SS","Department of Physics and Astronomy, Århus University, Denmark",1,0.0038022813688212928
" H Street, SW, Washington, DC 20024-2725, USA","Departamento de Física e Matemática, PURO/Universidade Federal Fluminense, Rua Recife s/n, Rio das Ostras, RJ 28890-000, Brazil",1,0.007751937984496124
"Center for Particle Cosmology, University of Pennsylvania 209 S. 33rd Street, Philadelphia, PA 19104-6396, USA","ISAS/JAXA, 3-1-1 Yoshinodai, 229-8510 Sagamihara, Japan",2,0.006289308176100629
"Center for Particle Cosmology, University of Pennsylvania 209 S. 33rd Street, Philadelphia, PA 19104-6396, USA"," East 58th Street, Chicago, IL 60615, USA",5,0.006289308176100629
"SKA South Africa, 3rd Floor, The Park, Park Road, Pinelands 7405, South Africa","Astrofísica da Universidade do Porto, Rua das Estrelas, 4150-762 Porto, Portugal",1,0.00546448087431694
"DAMTP, Wilberforce Road, Cambridge CB3 0HA","School of Physics and Astronomy, University of Southampton, SO17 1BJ",2,0.0033333333333333335
"A. Geminale Department of Astronomy, Vicolo dell'Osservatorio 3, 35122 Padova, Italy","Macquarie University, Sydney, NSW 2109, Australia",2,0.0034602076124567475
"Physics Department, Science Labs, South Road, Durham DH1 3LE","Astronomy Group, University College London, London WC1E 6BT",1,0.009900990099009901
"Astrophysics Group, Cavendish Laboratory, 19 J. J. Thomson Avenue, Cambridge CB3 0HE","American Museum of Natural History, 79th Street at Central Park West, New York, NY 10024-5192, USA",3,0.038461538461538464
"Department of Physics and Astronomy, McMaster University, 1280 Main Street West, Hamilton, ON, Canada L8S 4M1","Denys Wilkinson Building, University of Oxford, Keble Road, Oxford",1,0.009615384615384616
"Astroclub Radebeul, Auf den Ebenbergen 10a, 01445 Radebeul, Germany"," European Space Agency, ESTEC, 2200 AG Noordwijk, the Netherlands",1,0.004484304932735426
"Denys Wilkinson Building, University of Oxford, Keble Road, Oxford","Centre de Recherche Astronomique de Lyon, 9 Avenue Charles André, 69230 Saint-Genis-Laval, France",1,0.010638297872340425
"Denys Wilkinson Building, University of Oxford, Keble Road, Oxford","Department of Physics, University of Waterloo, 200 University Avenue West, Waterloo, Ontario, N2L 3G1 Canada",2,0.010638297872340425
"Argonne National Laboratory, 9700 S. Cass Avenue, Lemont, IL 60439, USA"," Culham Laboratory, Abingdon, Oxfordshire OX14 3DB",3,0.005319148936170213
"Argonne National Laboratory, 9700 S. Cass Avenue, Lemont, IL 60439, USA","Bronberg Observatory, CBA Pretoria, PO Box 11426, Tiegerpoort 0056, South Africa",3,0.005319148936170213
"Argonne National Laboratory, 9700 S. Cass Avenue, Lemont, IL 60439, USA","Lawrence Berkeley National Laboratory, Berkeley, CA, USA",5,0.005319148936170213
"INAF - Osservatorio Astronomico di Palermo, Piazza del Parlamento 1, 90134 Palermo, Italy","CREST, Siddalaghatta Road, Hosakote, Bangalore, India",2,0.0027397260273972603
"INAF - Osservatorio Astronomico di Palermo, Piazza del Parlamento 1, 90134 Palermo, Italy"," Department of Astronomy, Yale University, PO Box 208101, New Haven CT 06520-8101, USA",2,0.0027397260273972603
"INAF - Osservatorio Astronomico di Palermo, Piazza del Parlamento 1, 90134 Palermo, Italy","Department of Physics, Drexel University, 3141 Chestnut Street, Philadelphia, PA 19104, USA",1,0.0027397260273972603
" 14th Street, Suite 1207, Oakland, CA 94612, USA","Subaru Telescope, 650 N. A‘ohōkū Place, Hilo, HI 96720, USA",1,0.006211180124223602
" 14th Street, Suite 1207, Oakland, CA 94612, USA"," Iowa Street, Ashland, OR 97520, USA",4,0.006211180124223602
"Ulugh Beg Astronomical Institute, Tashkent 700052, Uzbekistan","HE Space Operations GmbH, Flughafenallee 24, D-28199 Bremen, Germany",1,0.00558659217877095
"School of Physics and Astronomy, Southampton University, Highfield, Southampton SO17 1BJ","Boston College, Institute for Scientific Research, 140 Commonwealth Avenue, Chestnut Hill, MA 02467, USA",1,0.024390243902439025
"Raman Research Institute, Sadashivanagar, C. V. Raman Avenue, Bangalore 560080, India","Pittsburgh Supercomputing Center, 300 S. Craig Street, Pittsburgh, PA 15213, USA",1,0.005291005291005291
"Raman Research Institute, Sadashivanagar, C. V. Raman Avenue, Bangalore 560080, India","Hans Raj College, University of Delhi, Delhi 110007, India",2,0.005291005291005291
"Raman Research Institute, Sadashivanagar, C. V. Raman Avenue, Bangalore 560080, India","Faculty of Mathematics and Physics, University of Ljubljana, Ljubljana, Slovenia",1,0.005291005291005291
"INFN Pavia, Via A. Bassi 6, I-27100 Pavia, Italy"," Hewlett Place, Victoria, BC V8S 497, Canada",1,0.024390243902439025
"Royal Observatory Edinburgh, Blackford Hill, Edinburgh, EH9 3HJ","McGill University, 3600 rue University, Montreal, QC H3A 2T8, Canada",6,0.0027100271002710027
"Royal Observatory Edinburgh, Blackford Hill, Edinburgh, EH9 3HJ","Centre for Space Astrophysics, Yonsei University, Seoul 120-749, Korea",2,0.0027100271002710027
"Royal Observatory Edinburgh, Blackford Hill, Edinburgh, EH9 3HJ","University of California, Berkeley, Dept. of Astronomy, 601 Campbell Hall 3411, Berkeley, CA 94720, USA",2,0.0027100271002710027
"Subaru Telescope, 650 N. A‘ohōkū Place, Hilo, HI 96720, USA","Department of Physics & Astronomy, University of Leeds, Leeds LS2 9JT",2,0.003278688524590164
"Subaru Telescope, 650 N. A‘ohōkū Place, Hilo, HI 96720, USA","Astronomy Department, Beijing Normal University, 100875 Beijing, China",1,0.003278688524590164
"Subaru Telescope, 650 N. A‘ohōkū Place, Hilo, HI 96720, USA","Graduate Institute of Astronomy, National Central University, Chung-Li 32054, Taiwan",1,0.003278688524590164
"Space Science Institute, 4750 Walnut Street, Boulder Suite 205, CO 80301, USA","H H Wills Physics Laboratory, Tyndall Avenue, Bristol BS8 1TL, UK",1,0.0031645569620253164
"Space Science Institute, 4750 Walnut Street, Boulder Suite 205, CO 80301, USA","The Open University, Walton Hall, Milton Keynes MK7 6AA",2,0.0031645569620253164
"Institute de Astrofisica de Canarias, C/ Via Lactea s/n, E-38200 La Laguna, Spain","Space Science Institute, 4750 Walnut Street, Boulder Suite 205, CO 80301, USA",3,0.0027548209366391185
"Institute de Astrofisica de Canarias, C/ Via Lactea s/n, E-38200 La Laguna, Spain","Australian National University, Canberra, ACT, Australia",3,0.0027548209366391185
"Institute de Astrofisica de Canarias, C/ Via Lactea s/n, E-38200 La Laguna, Spain","Institute of Astronomy, University of Cambridge, Cambridge CB3 0HA",1,0.0027548209366391185
"School of Computer Science and IT, University of Nottingham, Nottingham NG8 1BB","National Center for Space Weather, Beijing 100081, China",2,0.006134969325153374
"Anglo-Australian Observatory, Coonabarabran, NSW 2357, Australia","University of Texas at Austin, Austin, TX 78712–1083, USA",2,0.0048543689320388345
"Caltech M/C 249-17, Pasadena, CA 91125, USA","DiSBeF – Università degli Studi di Urbino ‘Carlo Bo’, I-61029 Urbino, Italy",3,0.003048780487804878
"Caltech M/C 249-17, Pasadena, CA 91125, USA","University of California at Santa Barbara, California, USA",1,0.003048780487804878
"Caltech M/C 249-17, Pasadena, CA 91125, USA","Institute for Computational Cosmology, Durham University, Durham DH1 3LE",7,0.003048780487804878
"Caltech M/C 249-17, Pasadena, CA 91125, USA","Mt John Observatory, PO Box 56, Lake Tekapo 8770, New Zealand",1,0.003048780487804878
"Caltech M/C 249-17, Pasadena, CA 91125, USA","University of Massachusetts, Department of Astronomy, Amherst, MA 01003–4610, USA",1,0.003048780487804878
"NASA Ames, Moffett Field, CA 94035, USA","Baker Observatory, Missouri State University, Springfield, MO 65648, USA",1,0.007246376811594203
"Centre de Physique Théorique de Marseille, 13288 Marseille, France","Departement de Fisique, Université Laval, Chemin St-Foy, Quebec, Canadá",1,0.0035842293906810036
"Centre de Physique Théorique de Marseille, 13288 Marseille, France","Tata Institute of Fundamental Research, Mumbai 400 005, India",1,0.0035842293906810036
"Centre de Physique Théorique de Marseille, 13288 Marseille, France","Astronomy Department, UC Berkeley, Hearst Field Annex B-20, Berkeley, CA 94720-3411, USA",1,0.0035842293906810036
"Centre de Physique Théorique de Marseille, 13288 Marseille, France","Physical and Theoretical Chemistry Laboratory, South Parks Road, Oxford OX1 3QZ",1,0.0035842293906810036
"Centre de Physique Théorique de Marseille, 13288 Marseille, France","University of California Irvine, Irvine, CA 92697–4575, USA",10,0.0035842293906810036
"INAF — Osservatorio Astronomico di Monte Porzio, Monte Porzio Catone (Roma), Italy","ESO – Karl-Schwarzschild-Str. 2, 85748 Garching bei München, Germany",17,0.003968253968253968
" Department of Astronomy, Yale University, PO Box 208101, New Haven CT 06520-8101, USA","Department of Physics, Texas A& M University, College Station, Texas 77843-4242, USA",1,0.007246376811594203
" IUCAA, Ganeshkhind, Pune 411007, India","Bisei Spaceguard Center, Japan Spaceguard Association, 1716-3 Ohrura, Bisei-cho, Ibara, Okayama 714-1411, Japan",1,0.007352941176470588
"ASTRON, PO Box 2, NL-7990 AA Dwingeloo, the Netherlands","Imperial College London, South Kensington Campus, London SW7 2AZ",3,0.003787878787878788
"ASTRON, PO Box 2, NL-7990 AA Dwingeloo, the Netherlands"," rue des Battieux 2000 Neuchatel, Switzerland",2,0.003787878787878788
"Fermi National Accelerator Laboratory, Box 500, Batavia, IL 60510, USA","Department of Physics, University of Queensland, Brisbane QLD 4072, Australia",2,0.005434782608695652
"Fermi National Accelerator Laboratory, Box 500, Batavia, IL 60510, USA","KIPAC, PO Box 20450, MS29, Stanford, CA 94309, USA",1,0.005434782608695652
"Fermi National Accelerator Laboratory, Box 500, Batavia, IL 60510, USA","Michigan State University, 567 Wilson Rd. Rm 3275, East Lansing, MI 48824, USA",1,0.005434782608695652
"HE Space Operations GmbH, Flughafenallee 24, D-28199 Bremen, Germany","INAF — Osservatorio Astronomico di Monte Porzio, Monte Porzio Catone (Roma), Italy",1,0.0053475935828877
"Astrophysics, NAPL, Keble Road, Oxford OX1 3RH","University of Southampton, School of Physics and Astronomy, Highfield Campus, Southampton, Hampshire SO17 1BJ",1,0.01020408163265306
" Space Sciences Laboratory, University of California, Berkeley, CA, USA","Astronomy Group, University of Southampton, Highfield, Southampton SO17 1BJ",2,0.02127659574468085
" Space Sciences Laboratory, University of California, Berkeley, CA, USA","OASU-L3ABordeaux, CNRS UMR 5804, BP 89, 33270 Floirac, France",1,0.02127659574468085
"Landessternwarte Heidelberg-Königstuhl, 69117 Heidelberg, Germany","Astroclub Radebeul, Auf den Ebenbergen 10a, 01445 Radebeul, Germany",3,0.0030303030303030303
"Landessternwarte Heidelberg-Königstuhl, 69117 Heidelberg, Germany","Department of Physics & Astronomy, Michigan State University, 3255 Biomedical and Physical Sciences Building, East Lansing, MI 48824, USA",1,0.0030303030303030303
"Landessternwarte Heidelberg-Königstuhl, 69117 Heidelberg, Germany","School of Information Technologies, University of Sydney, NSW, 2006, Australia",6,0.0030303030303030303
"Landessternwarte Heidelberg-Königstuhl, 69117 Heidelberg, Germany","Astrophysical Research Center for the Structure and Evolution of the Cosmos (ARCSEC), Sejong University, Seoul 143-747, Korea",1,0.0030303030303030303
"Landessternwarte Heidelberg-Königstuhl, 69117 Heidelberg, Germany","Technical University of Vienna, Department of Computing, Wiedner Hauptstrasse 10, Vienna, Austria",1,0.0030303030303030303
"Department of Astronomy, University of Michigan, 830 Dennison Building, 500 Church St., Ann Arbor, MI 48109, USA","WIYN Inc., 950 North Cherry Avenue, Tucson, Arizona, USA",1,0.005988023952095809
"ARIES, Manora Peak, Nainital 263129, India","Astrokolkhoz Observatory, PO Box 1351 Cloudcroft, NM 88317, USA",1,0.008849557522123894
"Johns Hopkins University, 3400 N. Charles Street, 21218, Baltimore, MD, USA","School of Physics and Astronomy, St Andrews University, North Haugh, St Andrews, Fife KY16 9SS",4,0.004739336492890996
"Johns Hopkins University, 3400 N. Charles Street, 21218, Baltimore, MD, USA","NIST Quantum Devices Group, 325 Broadway Mailcode 817.03, Boulder, CO 80305, USA",2,0.004739336492890996
"NASA, MSFC, Huntsville, AL 35812, USA","Physics Department, University of Warwick, Coventry CV4 7AL",2,0.008928571428571428
"Research Center of Astronomy, Academy of Athens, Anagnostopoulou 14, GR-10673 Athens, Greece","Department of Astrophysics, Astronomy and Mechanics, Faculty of Physics, University of Athens, 15784 Zografos, Athens, Greece",1,0.043478260869565216
" Pennsylvania State University, Wilkes-Barre Campus, Old Route 115, P.O. Box PSU, Lehman, PA 18627, USA","Leiden University, Leiden Observatory, PO Box 9513, NL-2300 RA, Leiden",3,0.0056179775280898875
" Pennsylvania State University, Wilkes-Barre Campus, Old Route 115, P.O. Box PSU, Lehman, PA 18627, USA","Department of Physics & Astronomy, University of Leicester, LE1 7RH",1,0.0056179775280898875
"Astronomy Department, Beijing Normal University, 100875 Beijing, China","Abteilung Bioklimatologie, Universität Göttingen, Büsgenweg 2, D-37077 Göttingen, Germany",1,0.02631578947368421
"CIEMAT, Avda. Complutense 22, 28040 Madrid, Spain","McMaster University, Hamilton, ON L8S 4M1, Canada",1,0.002976190476190476
"School of Physical Sciences and NCPST, DCU, Glasnevin, Dublin 9, Ireland","Astronomy Group, The Denys Wilkinson Building, Keble Road, Oxford OX1 3RH",3,0.00980392156862745
"Trinity College Dublin, College Green Dublin 2, Ireland",NA,1,0.006060606060606061
"Institute of Astronomy, University of Cambridge, Madingley Road, Cambridge CB3 0HE","CITA, 60 St. George St, Toronto M5S 3H8, ON, Canada",1,0.07142857142857142
" W. Wheatridge Drive, Tucson, AZ, 85704, USA","LERMA, Observatoire de Paris, UMR8112, 61, avenue de l'Observatoire, Paris F‐75014, France",2,0.0025575447570332483
"CNR – ISMN and University of Rome ‘Sapienza’, Piazzale Aldo Moro 5, 00185 Rome, Italy","‘E. Fermi’ Center, Via Panisperna 89 A, Compendio del Viminale, I-00184 Rome, Italy",3,0.041666666666666664
"Department of Physics, University of Notre Dame, Notre Dame, IN 46556-5670, USA","Department of Astronomy, University of California, Berkeley, CA 92720, USA",2,0.017241379310344827
"Institute of Astronomy and Kavli Institute for Cosmology, Cambridge University, Madingley Road, Cambridge CB3 0HA"," East 58th Street, Chicago, IL 60615, USA",1,0.3333333333333333
" Big Horn Ridge, NE, Albuquerque, NM 87122, USA","CASA, University of Colorado, 389 UCB, Boulder, CO 80309-0389, USA",3,0.012987012987012988
" Big Horn Ridge, NE, Albuquerque, NM 87122, USA","Mount Stromlo and Siding Spring Observatories, Private Bag, Weston Creek PO, Weston, ACT 2611, Australia",1,0.012987012987012988
"Bronberg Observatory, CBA Pretoria, PO Box 11426, Tiegerpoort 0056, South Africa","Vilnius University Observatory, Ciurlionio 29, Vilnius, Lithuania",2,0.0058823529411764705
"IFAC-CNR, Firenze & ISTI-CNR, 56124 Pisa, Italy","I. A. S. — Planetologia, via Fosso del Cavaliere 100, I-00133 Roma, Italy",1,0.022727272727272728
"Observatori Astronòmic, Universitat de València, Edifici Instituts d'Investigació, Poligon La Coma, 46980 Paterna, València, Spain","CEA / SACLAY, 91191 Gif sur Yvette cedex, France",1,0.08333333333333333
"Koninklijke Sterrenwacht van Belgie, Brussels, Belgium","Crimea Astrophysical Observatory, Yalta, 334242 Crimea, Ukraine",1,0.005988023952095809
"Liverpool John Moores University, Birkenhead CH41 1LD","CREST, Siddalaghatta Road, Hosakote, Bangalore, India",14,0.0031746031746031746
"Liverpool John Moores University, Birkenhead CH41 1LD"," Department of Astronomy, Yale University, PO Box 208101, New Haven CT 06520-8101, USA",1,0.0031746031746031746
"Liverpool John Moores University, Birkenhead CH41 1LD","Department of Physics, Drexel University, 3141 Chestnut Street, Philadelphia, PA 19104, USA",1,0.0031746031746031746
"University of Melbourne, Parkville, Victoria 3010, Australia","Subaru Telescope, 650 N. A‘ohōkū Place, Hilo, HI 96720, USA",1,0.011111111111111112
"University of Melbourne, Parkville, Victoria 3010, Australia","Astrophysics & Supercomputing, Swinburne University, Hawthorn VIC 3122, Australia",2,0.011111111111111112
"University of Melbourne, Parkville, Victoria 3010, Australia"," Iowa Street, Ashland, OR 97520, USA",1,0.011111111111111112
"Department of Astronomy, Indiana University, 727 East 3rd Street, Swain West 319, Bloomington, IN 47405, USA","Big Bear Solar Observatory, New Jersey Institute of Technology, Big Bear City, CA 92314, USA",1,0.05263157894736842
" East 58th Street, Chicago, IL 60615, USA","Northwestern University, Dearborn Observatory, 2131 Tech Drive, Evanston, IL 60208-2900, USA",3,0.006289308176100629
"Kehäkukantie 3B, 00720 Helsinki, Finland","Boston College, Institute for Scientific Research, 140 Commonwealth Avenue, Chestnut Hill, MA 02467, USA",1,0.00684931506849315
"Instituto de Radio Astronomía Milimétrica, E-18012 Granada, Spain","La Plata Observatory and CONICET, Paseo del Bosque, 1900 La Plata, Argentina",2,0.0031847133757961785
"NASA/GSFC, 8463 Greenbelt, MD 20770-2548, USA","Department of Natural Sciences, The Open University of Israel, PO Box 808, Ra'anana 43537, Israel",1,0.003875968992248062
"Australian National University, Canberra, ACT, Australia","H H Wills Physics Laboratory, Tyndall Avenue, Bristol BS8 1TL, UK",5,0.003952569169960474
"Australian National University, Canberra, ACT, Australia","The Open University, Walton Hall, Milton Keynes MK7 6AA",2,0.003952569169960474
"Australian National University, Canberra, ACT, Australia","University of California, Davis, One Shields Avenue, CA 95616, USA",1,0.003952569169960474
"ESO, Casilla 19001, Santiago 19, Chile","Department of Astronomy, Indiana University, 727 East 3rd Street, Swain West 319, Bloomington, IN 47405, USA",1,0.002702702702702703
"ESO, Casilla 19001, Santiago 19, Chile"," Cavendish Laboratory, University of Cambridge, 19 JJ Thomson Avenue,Cambridge CB3 0HE",1,0.002702702702702703
"ESO, Casilla 19001, Santiago 19, Chile","Department of Physics, University of Ljubljana, Jadranska 19, 1000 Ljubljana, Slovenia",2,0.002702702702702703
"Department of Physics and Astronomy, PO Box 87150, Arizona State University, Tempe, AZ 85287-1504, USA","Argonne National Laboratory, 9700 S. Cass Avenue, Lemont, IL 60439, USA",1,0.04
"Centre de Recherche Astronomique de Lyon, 9 Avenue Charles André, 69230 Saint-Genis-Laval, France","DGA Maîtrise de l’information, BP 7 35998 Rennes Cedex 9, France",1,0.012195121951219513
"DiSBeF – Università degli Studi di Urbino ‘Carlo Bo’, I-61029 Urbino, Italy","Caltech M/C 249-17, Pasadena, CA 91125, USA",4,0.0055248618784530384
"Academia Sinica Institute of Astronomy and Astrophysics (ASIAA), PO Box 23, Taipei 106, Taiwan","DAMTP, Wilberforce Road, Cambridge CB3 0HA",1,0.009174311926605505
"Address at time of contribution to this work: School of Chemistry, University of Nottingham, University Park, Nottingham NG7 2RD","Tata Institute of Fundamental Research, Mumbai 400 005, India",7,0.004545454545454545
"Address at time of contribution to this work: School of Chemistry, University of Nottingham, University Park, Nottingham NG7 2RD","Astronomy Department, UC Berkeley, Hearst Field Annex B-20, Berkeley, CA 94720-3411, USA",2,0.004545454545454545
"Address at time of contribution to this work: School of Chemistry, University of Nottingham, University Park, Nottingham NG7 2RD","University of California Irvine, Irvine, CA 92697–4575, USA",5,0.004545454545454545
"Department of Mathematical Sciences, Durham University, South Road, Durham DH1 3LE, UK","Anglo-Australian Observatory, Coonabarabran, NSW 2357, Australia",4,0.00625
"Korea Institute for Advanced Study, 207-43 Cheongryangri-dong Dongdaemun-gu, Seoul 130-012, Korea","Institut für Astronomie, ETH Zurich, Wolfgang-Pauli-Str. 27, 8093 Zurich, Switzerland",1,0.006896551724137931
"Fundación Galileo Galilei - INAF, Rambla José Ana Fernández Pérez, 7, 38712 San Antonio de Breña Baja, Spain","Centro de Radioastronomía y Astrofísica (UNAM), 58089 Morelia, Mexico",1,0.045454545454545456
"Merrowinger str. 10, D-40223 Düsseldorf, Germany","Department of Physics & Astronomy, University of Utah, 115 South 1400 East #201, Salt Lake City, UT 84112, USA",7,0.003003003003003003
"Center for Backyard Astrophysics (Exmouth), Norcape Observatory, PO Box 300, Exmouth 6707, Australia","Siena College, 515 Loudon Road, Loudonville, NY 12211,USA",2,0.058823529411764705
"Department of Physics & Astronomy, Camosun College, Victoria, British Columbia V8P 5J2, Canada","JBCA School of Physics and Astronomy, The University of Manchester, Alan Turing Building, Oxford Road, Manchester M13 9PL",1,0.009345794392523364
" Physics and Astronomy, Louisiana State University, Baton Rouge, LA 70803, USA","Institute de Astrofisica de Canarias, C/ Via Lactea s/n, E-38200 La Laguna, Spain",1,0.04
"Institute for Cosmic Ray Research, Univ. of Tokyo, 5-1-5 Kashiwa-no-ha, Kashiwa City, 277-8582 Chiba, Japan","Department of Physics and Astronomy, McMaster University, 1280 Main Street West, Hamilton, ON, Canada L8S 4M1",1,0.013333333333333334
"Astronomy Group, The Denys Wilkinson Building, Keble Road, Oxford OX1 3RH","IFCA, CSIC-Univ. de Cantabria, Avda. los Castros, s/n, E-39005 Santander, Spain",2,0.004347826086956522
"Astronomy Group, The Denys Wilkinson Building, Keble Road, Oxford OX1 3RH","Merrowinger str. 10, D-40223 Düsseldorf, Germany",10,0.004347826086956522
"Astronomy Group, The Denys Wilkinson Building, Keble Road, Oxford OX1 3RH","University of Pennsylvania, Philadelphia, PA 19104, USA",1,0.004347826086956522
"Astronomy Group, The Denys Wilkinson Building, Keble Road, Oxford OX1 3RH","Kavli Institute for Cosmology Cambridge, Madingley Road, Cambridge CB3 OHA",1,0.004347826086956522
"The Open University, Walton Hall, Milton Keynes MK7 6AA","Centrum Astronomiczne im. M. Kopernika, Bartycka 18, 00–716 Warszawa, Poland",1,0.0048543689320388345
"University of Maryland, College Park, MD 20742, USA","Wayne State University, 666 W. Hancock Street, Detroit, MI 48201, USA",2,0.009615384615384616
"School of Space Research, Kyung Hee University, Yongin-Si, Gyeonggi-Do, 446-701, Republic of Korea"," Korea Astronomy and Space Science Institute, 61-1 Hwaamdong, Yuseong-gu, Daejeon 305–348, Korea",3,0.1
"Centro de Radioastronomía y Astrofísica (UNAM), 58089 Morelia, Mexico","Blackett Laboratory Optics Section, Imperial College, London SW7 2BZ",2,0.011235955056179775
" rue des Battieux 2000 Neuchatel, Switzerland","Tuorla Observatory, Väisäläntie 20, FIN-21500, Piikkiö, Finland",1,0.007462686567164179
"Cardiff University, Queen's Buildings, 5 The Parade, Cardiff CF24 3YB","Astrokolkhoz Observatory, PO Box 1351 Cloudcroft, NM 88317, USA",4,0.004807692307692308
"Cardiff University, Queen's Buildings, 5 The Parade, Cardiff CF24 3YB","INAF, Trieste Astronomical Observatory, Via G. B. Tiepolo 11, 1-34143 Trieste, Italy",1,0.004807692307692308
"Astrophysics Department University of Oxford, 1 Keble Road, Oxford OX1 3RH","Astronomy Department, The University of Texas at Austin, 1 University Station C1400, Austin, Texas 78712‐0259, USA",1,0.005
"University of Maryland, Baltimore County, MD 21250, USA"," Pennsylvania State University, Wilkes-Barre Campus, Old Route 115, P.O. Box PSU, Lehman, PA 18627, USA",1,0.029411764705882353
"Department of Physics and Astronomy, UCL, Gower Place, London WC1E 6BT","CIEMAT, Avda. Complutense 22, 28040 Madrid, Spain",1,0.022222222222222223
"Institute of Computer Science and Center for Neural Computation,The Hebrew University, Jerusalem 91904, Israel"," W. Wheatridge Drive, Tucson, AZ, 85704, USA",3,0.012048192771084338
"W. M. Keck Observatory, 65-1120 Mamalahoa Hwy, Kamuela, HI 96743, USA","Macquarie University, Sydney, NSW 2109, Australia",1,0.058823529411764705
"Astrophysics Group, Keele University, Staffordshire ST5 5BG","Ritter Astrophysical Research Center, University of Toledo, Toledo, OH 43606, USA",1,0.004672897196261682
"Centro Brasileiro de Pesquisas Físicas, Rua Dr. Xavier Sigaud 150, 22290-180 Rio de Janeiro – RJ, Brazil","Universidade Estadual Paulista, IGCE, DEMAC, Av. 24A, 1515, CEP 13506-700 Rio Claro, SP, Brazil",1,0.025
"Chinese Academy of Sciences, Beijing Astronomical Observatory, China"," Department of Astronomy, Yale University, PO Box 208101, New Haven CT 06520-8101, USA",2,0.005434782608695652
" Cavendish Laboratory, University of Cambridge, 19 JJ Thomson Avenue,Cambridge CB3 0HE","Big Bear Solar Observatory, New Jersey Institute of Technology, Big Bear City, CA 92314, USA",1,0.014492753623188406
"Institut für Astrophysik, Friedrich-Hund-Platz 1, 37077 Göttingen, Germany","McGill University, 3600 rue University, Montreal, QC H3A 2T8, Canada",1,0.0035211267605633804
"Universidade de Caxias do Sul, 95070-560 Caxias do Sul, RS, Brazil","CUNY - LaGuardia Community College, 31-10 Thomson Avenue, Long Island City, NY 11101, USA",1,0.01098901098901099
"KIPAC, PO Box 20450, MS29, Stanford, CA 94309, USA","AAVSO, 25 Birch St, Cambridge, MA 02138, USA",3,0.01
"University of Pennsylvania, Philadelphia, PA 19104, USA","Department of Geology & Astronomy, West Chester University, West Chester, PA 19383, USA",1,0.02631578947368421
"Department of Physics and Astronomy, Mail Drop 111, University of Toledo, 2801 West Bancroft Street, Toledo, OH 43606, USA","Pontifícia Universidade Católica de Minas Gerais, Rua do Rosário 1081, 32630-000 Betim, MG, Brazil",1,0.06666666666666667
"Astronomy Department, The University of Texas at Austin, 1 University Station C1400, Austin, Texas 78712‐0259, USA","Institute de Astrofisica de Canarias, C/ Via Lactea s/n, E-38200 La Laguna, Spain",1,0.01639344262295082
"I. A. S. — Planetologia, via Fosso del Cavaliere 100, I-00133 Roma, Italy","Laboratoire d'Astronomie Spatiale, Traverse du Siphon, F-13376 Marseille Cedex 12, France",1,0.008130081300813009
"Deutsches SOFIA Institut, Universität Stuttgart, Pfaffenwaldring 29, 70569 Stuttgart, Germany","Institut für Astrophysik, Friedrich-Hund-Platz 1, 37077 Göttingen, Germany",1,0.014705882352941176
"Department of Physics, College of the Holy Cross, Worcester, MA 01610, USA","Department of Astronomy, University of Michigan, 830 Dennison Building, 500 Church St., Ann Arbor, MI 48109, USA",3,0.07692307692307693
"Pontifícia Universidade Católica de Minas Gerais, Rua do Rosário 1081, 32630-000 Betim, MG, Brazil","ASTRON, PO Box 2, NL-7990 AA Dwingeloo, the Netherlands",1,0.008403361344537815
"Northwestern University, Dearborn Observatory, 2131 Tech Drive, Evanston, IL 60208-2900, USA","Department of Physics and Astronomy, York University, 4700 Keele St., Toronto, Ontario M3J 1P3, Canada",1,0.021739130434782608
"Graduate Institute of Astronomy, National Central University, Chung-Li 32054, Taiwan","Rudolf Peierls Centre for Theoretical Physics, Oxford",2,0.029411764705882353
" Department of Physics and Astronomy, University of Canterbury, Private Bag 4800, Christchurch 8140, New Zealand","Nigde University, Department of Physics, Nigde, Turkey, 51200",1,0.00980392156862745
"Queen’s University, Kingston, ON K7L 3N6, Canada","School of Earth & Space Exploration, Arizona State University, PO Box 871404, Tempe, Arizona, USA",2,0.008064516129032258
"Astronomy Department, UC Berkeley, Hearst Field Annex B-20, Berkeley, CA 94720-3411, USA"," 14th Street, Suite 1207, Oakland, CA 94612, USA",7,0.005208333333333333
"Astronomy Department, UC Berkeley, Hearst Field Annex B-20, Berkeley, CA 94720-3411, USA","University of Melbourne, Parkville, Victoria 3010, Australia",1,0.005208333333333333
"Astronomy Department, UC Berkeley, Hearst Field Annex B-20, Berkeley, CA 94720-3411, USA","Nordita, AlbaNova University Center, Roslagstullsbacken 23, SE 10691 Stockholm, Sweden",4,0.005208333333333333
"Astronomy Department, University of Illinois at Urbana-Champaign, 1002 W. Green Street, Urbana, IL 61801, USA"," Astronomy Centre, University of Sussex, Falmer, Brighton BN1 9QH",1,0.014084507042253521
"GREYC CNRS UMR 6072, Image Processing Group, ENSICAEN 14050, Caen Cedex, France","LERMA, Observatoire de Paris, UMR8112, 61, avenue de l'Observatoire, Paris F‐75014, France",2,0.02040816326530612
"LAL, Univ Paris-Sud, CNRS/IN2P3, 91898 Orsay, France","Australia National Telescope Facility, CSIRO, PO Box 76, Epping, New South Wales 17190, Australia",2,0.012987012987012988
" IFAE, Edifici Cn., Campus UAB, E-08193 Bellaterra, Spain","La Cañada Observatory (MPC J87), Ávila, Spain",1,0.0070921985815602835
"Sharif University of Technology, Tehran, Iran","Laboratory of Physics, Kyoto Pharmaceutical University, Misasagi, Yamashina, Kyoto 607-8414, Japan",1,0.02702702702702703
"Astronomy Centre, Department of Physics & Astronomy, Pevensey II Building, University of Sussex, Falmer, Brighton BN1 9QH","Institute of Computer Science and Center for Neural Computation,The Hebrew University, Jerusalem 91904, Israel",1,0.05555555555555555
"Foundation for Research and Technology-Hellas, 711 10 Heraklion, Crete, Greece"," Space Sciences Laboratory, University of California, Berkeley, CA, USA",1,0.014925373134328358
"Grupo de Mecánica Celeste, Facultad de Ciencias, 47005 Valladolid, Spain","La Cañada Observatory, Ávila, Spain",1,0.010526315789473684
"Hosokawa Powder Technology Research Institute, Hirakata, Osaka, Japan","HE Space Operations GmbH, Flughafenallee 24, D-28199 Bremen, Germany",2,0.01020408163265306
"Astrophysics & Supercomputing, Swinburne University, Hawthorn VIC 3122, Australia","Mathematics Discipline, FEIS, Swinburne University, H38, PO Box 218, Hawthorn, VIC 3122, Australia",1,0.005154639175257732
"University of California at Santa Barbara, California, USA","Caltech M/C 249-17, Pasadena, CA 91125, USA",2,0.007042253521126761
"University of California at Santa Barbara, California, USA","DiSBeF – Università degli Studi di Urbino ‘Carlo Bo’, I-61029 Urbino, Italy",1,0.007042253521126761
"JBCA School of Physics and Astronomy, The University of Manchester, Alan Turing Building, Oxford Road, Manchester M13 9PL","Kehäkukantie 3B, 00720 Helsinki, Finland",1,0.008849557522123894
"Department of Physics, University of Nevada, 4505 South Maryland Parkway, Las Vegas, NV 89154, USA","CBA-Belgium. Walhostraat 1A, B-3401 Landen, Belgium",1,0.05555555555555555
"ADNET Systems, Inc., 7515 Mission Dr, Suite A1C1, Lanham, Maryland 20706, USA","Tata Institute of Fundamental Research, Mumbai 400 005, India",1,0.022727272727272728
"Siena College, 515 Loudon Road, Loudonville, NY 12211,USA","KIPAC, PO Box 20450, MS29, Stanford, CA 94309, USA",2,0.008264462809917356
" School of Physics, University of New South Wales, Sydney, NSW 2052, Australia","University of Hertfordshire, Department of Physical Sciences, College Lane, Hatfield, Herts AL10 9AB",4,0.0064516129032258064
Apache Point Observatory,"CIEMAT, Avda. Complutense 22, 28040 Madrid, Spain",4,0.0136986301369863
Apache Point Observatory,"Center for Astrophysics & Space Sciences, University of California, San Diego, 9500 Gilman Drive, La Jolla, CA 92093-0424, USA",1,0.0136986301369863
"Laboratori d'Estudis Geofísics Eduard Fontseré (LEGEF), IEC, E-47. 08001 Barcelona, Spain","CERN, CH-1211 Geneva 23, Switzerland",2,0.005319148936170213
"Laboratori d'Estudis Geofísics Eduard Fontseré (LEGEF), IEC, E-47. 08001 Barcelona, Spain","CERCA, Department of Physics, Case Western Reserve University, 10900 Euclid Ave, Cleveland, OH 44106, USA",1,0.005319148936170213
" INAOE, Luis Enrique Erro 1, Tonanzintla, Puebla 72840, Mexico","A. Geminale Department of Astronomy, Vicolo dell'Osservatorio 3, 35122 Padova, Italy",1,0.013513513513513514
"Department of Physics & Astronomy, Michigan State University, 3255 Biomedical and Physical Sciences Building, East Lansing, MI 48824, USA"," The Observatories of the Carnegie Institution for Science, Pasadena, CA, USA",1,0.015384615384615385
"Nordita, AlbaNova University Center, Roslagstullsbacken 23, SE 10691 Stockholm, Sweden"," Iowa Street, Ashland, OR 97520, USA",1,0.011904761904761904
"Astronomy and Astrophysics Department, Villanova University, Villanova, PA 19085, USA","HE Space Operations GmbH, Flughafenallee 24, D-28199 Bremen, Germany",1,0.008064516129032258
"Astronomy and Astrophysics Department, Villanova University, Villanova, PA 19085, USA","Shanghai Astronomical Observatory, 80 Nandan Rd, Shanghai, 200030, China",2,0.008064516129032258
"ESA, Villafranca del Castillo, Spain","Tata Institute of Fundamental Research, Mumbai 400 005, India",1,0.009259259259259259
"ESA, Villafranca del Castillo, Spain","University of California Irvine, Irvine, CA 92697–4575, USA",1,0.009259259259259259
"Universidade Federal do ABC (UFABC), Santo André, SP, Brazil","INAF – IASF Milano, 20133 Milano, Italy",1,0.05555555555555555
"Konkoly Observatory, Konkoly Thege M. u. 15-17, H-1121 Budapest, Hungary","Instytut Obserwatorium Astronomiczne U.A.M., Sloneczna 36, PL-60286 Poznań, Poland",1,0.0058823529411764705
"Konkoly Observatory, Konkoly Thege M. u. 15-17, H-1121 Budapest, Hungary","Princeton University Observatory, Ivy Lane, Princeton, NJ 08544, USA",1,0.0058823529411764705
"New York University, 4 Washington Place, New York, NY 10003, USA","Astronomy Department, University of Wisconsin‐Madison, 475 North Charter Street, Madison, WI 53706‐1582, USA",2,0.01282051282051282
"CASA, University of Colorado, 389 UCB, Boulder, CO 80309-0389, USA","University of Hertfordshire, Department of Physical Sciences, College Lane, Hatfield, Herts AL10 9AB",11,0.006097560975609756
"Einstein Fellow/Yale Center for Astronomy and Astrophysics, Yale University, PO Box 208121, New Haven, CT 06520, USA","Astronomy Group, The Denys Wilkinson Building, Keble Road, Oxford OX1 3RH",1,0.2
"Department of Physics, University of Johannesburg, PO Box 524, 2006 Auckland Park, South Africa","Department of Physics and Astronomy, Building 1520, Aarhus University, 8000 Aarhus C, Denmark",1,0.022727272727272728
"RAL Space, STFC-Rutherford Appleton Laboratory, Harwell Campus, Chilton, Didcot, Oxon OX11 0QX"," W. Wheatridge Drive, Tucson, AZ, 85704, USA",1,0.043478260869565216
"Department of Physics, Virginia Polytechnic Institute & State University, 910 Drillfield Drive, Blacksburg, VA 24061, USA","CEA / SACLAY, 91191 Gif sur Yvette cedex, France",1,0.023809523809523808
"School of Information Technologies, University of Sydney, NSW, 2006, Australia"," The Observatories of the Carnegie Institution for Science, Pasadena, CA, USA",13,0.004132231404958678
"Astronomical Institute, University of Wrocław, ul. Kopernika 11, 51-622 Wrocław, Poland","Department of Physics and Astronomy, University of Hawaii - Hilo, 200 West Kawili Street, Hilo, Hawaii, 96720-4091, USA",1,0.015384615384615385
"Department of Physics, The College of New Jersey, Ewing, NJ 08628, USA"," H Street, SW, Washington, DC 20024-2725, USA",1,1.0
"Institute for Astrophysical Research, Boston University, Boston, MA 02215, USA","Space Science Institute, 4750 Walnut Street, Boulder Suite 205, CO 80301, USA",1,0.058823529411764705
"Michigan State University, 567 Wilson Rd. Rm 3275, East Lansing, MI 48824, USA","AAVSO, 25 Birch St, Cambridge, MA 02138, USA",1,0.125
"School of Physics & Astronomy, E.C. Stoner Building, University of Leeds, Leeds LS2 9JT","Department of Physics and Astronomy, UCL, Gower Place, London WC1E 6BT",3,0.016129032258064516
"Institute for Computational Cosmology, Durham University, Durham DH1 3LE","Caltech M/C 249-17, Pasadena, CA 91125, USA",5,0.0053475935828877
"Institute for Computational Cosmology, Durham University, Durham DH1 3LE","University of California at Santa Barbara, California, USA",2,0.0053475935828877
"Illinois Wesleyan University, P.O. Box 2900, Bloomington, IL 61702-2900, USA","MPE, Giessenbachstrasse 1, D-85741 Garching, Germany",1,0.14285714285714285
"National Academy of Sciences of the Republic of Armenia, 0019 Yerevan, Armenia","University of Durham, South Rd, Durham DH1 3LE",1,0.043478260869565216
"Mount Stromlo and Siding Spring Observatories, Private Bag, Weston Creek PO, Weston, ACT 2611, Australia","University of Hertfordshire, Department of Physical Sciences, College Lane, Hatfield, Herts AL10 9AB",1,0.010869565217391304
"Mount Stromlo and Siding Spring Observatories, Private Bag, Weston Creek PO, Weston, ACT 2611, Australia","University of Technology Sydney, Broadway, NSW 2007, Australia",4,0.010869565217391304
"Department of Physics, University of Namibia, Private Bag 13301, Windhoek, Namibia","Abteilung Bioklimatologie, Universität Göttingen, Büsgenweg 2, D-37077 Göttingen, Germany",1,0.043478260869565216
"Irkutsk State University, ul. Karla Marxa 1, Irkutsk 664003, Russia","Kislovodsk Solar Station of the Pulkovo Observatory RAS, PO Box 45, ul. Gagarina 100, Kislovodsk 357700, Russia",1,0.25
"Lulin Observatory, National Central University, Taiwan","Vilnius University Observatory, Ciurlionio 29, Vilnius, Lithuania",1,0.047619047619047616
"Department of Physics, 210 Hodges Hall, West Virginia University, Morgantown, WV 26506, USA","NRAL, Jodrell Bank, nr Macclesfield, Cheshire SK11 9DL",1,0.038461538461538464
"Department of Physics, Utkal University, Bhubaneswar 751004, India","University of California at Santa Barbara, California, USA",1,0.043478260869565216
"Wayne State University, 666 W. Hancock Street, Detroit, MI 48201, USA","DAMTP, Wilberforce Road, Cambridge CB3 0HA",1,0.03333333333333333
"Carnegie Observatories, 813 Santa Barbara Street, Pasadena, CA 91101","Astrophysics Department University of Oxford, 1 Keble Road, Oxford OX1 3RH",1,0.02631578947368421
"Niels Bohr Institute, Copenhagen University, DK-2100 Copenhagen, Denmark","Queen's University Belfast, University Road, Belfast BT7 1NN",1,0.5
"University of Calcutta, Calcutta 700073, India","Afeka, Tel Aviv Academic College of Engineering, Tel Aviv 69107, Israel",1,0.5
"Universitá di Padova, Vicolo dell' Osservatorio 3-35122, Italy","Tata Institute of Fundamental Research, Mumbai 400 005, India",1,0.5
"Observatorio Astronómico de La Hita, La Puebla de Almoradiel, Toledo, Spain","CBA-Huelva, Observatorio del CIECEM, Matalascañas, E-21076 Almonte, Huelva, Spain",1,0.5
"Labóratorio Nacional de Astrofísica, Itajubá, Brazil","University of Hertfordshire, Department of Physical Sciences, College Lane, Hatfield, Herts AL10 9AB",6,0.008130081300813009
"Department of Natural Sciences, The Open University of Israel, PO Box 808, Ra'anana 43537, Israel","NASA/GSFC, 8463 Greenbelt, MD 20770-2548, USA",1,0.1111111111111111
"Las Cumbres Observatory Global Telescope Network, 6740 Cortona Drive, Suite 102, Santa Barbara, CA 93117, USA","A. Geminale Department of Astronomy, Vicolo dell'Osservatorio 3, 35122 Padova, Italy",1,0.02040816326530612
"Institutt for Teoretisk Astrofysikk, Universitetet i Oslo, 0212 Blindern-Oslo, Norway","Afeka, Tel Aviv Academic College of Engineering, Tel Aviv 69107, Israel",1,0.05
"Gruppo Astrofili Polesani, Osservatorio Astronomico Vanni Bazzan di Sant’Apollinare, I-45100 Rovigo, Italy","Department of Philosophy, Tufts University, Medford, MA, 02155-7059, USA",1,0.07692307692307693
"International Centre for Radio Astronomy Research, Curtin University, Bentley 6102, WA, Australia","Fakultät für Mathematik, Ruhr-University of Bochum, Mathematik III, NA 3/70, Universitätsstraße 150, 44780 Bochum, Germany",1,0.016666666666666666
"International Centre for Radio Astronomy Research, Curtin University, Bentley 6102, WA, Australia","Perth Observatory, Walnut Road, Bickley, Perth 6076, WA, Australia",1,0.016666666666666666
"University of Massachussets, Amherst, USA","CEA / SACLAY, 91191 Gif sur Yvette cedex, France",1,0.125
"Southwestern University, Georgetown, TX, USA","Subaru Telescope, 650 N. A‘ohōkū Place, Hilo, HI 96720, USA",1,0.03571428571428571
"Queen's University Belfast, University Road, Belfast BT7 1NN","Department of Physics and Astronomy, University of Aarhus, Ny Munkegade, Building 1520, DK 8000 Aarhus C, Denmark",4,0.007518796992481203
"Università di Siena, and INFN Pisa, I-53100 Siena, Italy","University of Lódź, PL-90236 Lodz, Poland",1,0.05555555555555555
"Astrophysical Institute and University Observatory, 2-3 Schillergässchen, Jena, D-07745, Germany","Graduate Institute of Astronomy, National Central University, Chung-Li 32054, Taiwan",1,0.041666666666666664
