"CREST, Siddalaghatta Road, Hosakote, Bangalore, India","University of Central Lancashire, Centre for Astrophysics, Preston PR1 2HE",5,0.004424778761061947
"NRAL, Jodrell Bank, nr Macclesfield, Cheshire SK11 9DL","ASTRON, PO Box 2, NL-7990 AA Dwingeloo, the Netherlands",10,0.006329113924050633
"NRAL, Jodrell Bank, nr Macclesfield, Cheshire SK11 9DL","Astronomical Institute, Slovak Academy of Sciences, 059 60 Tatranská Lomnica, Slovakia",1,0.006329113924050633
"Department of Physics, Science Laboratories, South Road, Durham","Liverpool John Moores University, Birkenhead CH41 1LD",1,0.14285714285714285
"‘E. Fermi’ Center, Via Panisperna 89 A, Compendio del Viminale, I-00184 Rome, Italy","ASDC, via Galileo Galilei, I-00044, Frascati, Italy",1,0.008547008547008548
"‘E. Fermi’ Center, Via Panisperna 89 A, Compendio del Viminale, I-00184 Rome, Italy","Physics Department, University of Warwick, Coventry CV4 7AL",1,0.008547008547008548
"SISSA – via Bonomea, 265, I-34136 Trieste, Italy","Raman Research Institute, Sadashivanagar, C. V. Raman Avenue, Bangalore 560080, India",1,0.004651162790697674
"SISSA – via Bonomea, 265, I-34136 Trieste, Italy","Department of Astrophysics, Astronomy and Mechanics, Faculty of Physics, University of Athens, 15784 Zografos, Athens, Greece",2,0.004651162790697674
"SISSA – via Bonomea, 265, I-34136 Trieste, Italy","Universitätssternwarte München, Scheinerstr 1, 81679 München, Germany",1,0.004651162790697674
"SISSA – via Bonomea, 265, I-34136 Trieste, Italy","Università di Padova and INFN, I-35131 Padova, Italy",1,0.004651162790697674
"AAVSO, 25 Birch St, Cambridge, MA 02138, USA","RIKEN, Chiyoda-ku, Tokyo 100-0005, Japan",6,0.0024691358024691358
"AAVSO, 25 Birch St, Cambridge, MA 02138, USA"," Osservatorio Astronomico di Brera, Via Bianchi 46, I-23807 Merate (LC), Italy",9,0.0024691358024691358
"AAVSO, 25 Birch St, Cambridge, MA 02138, USA","Afdeling Sterrenkunde, Radboud Universiteit Nijmegen, Faculteit NWI, Postbus 9010, 6500 GL Nijmegen, the Netherlands",11,0.0024691358024691358
"Facultad de Ciencias, Universidad Católica del Norte, Antofagasta, Chile","University of Hertfordshire, Department of Physical Sciences, College Lane, Hatfield, Herts AL10 9AB",1,0.029411764705882353
"Centre for Theoretical Studies, IIT, Kharagpur 721302, India","Rudolf Peierls Centre for Theoretical Physics, Oxford",2,0.005263157894736842
"Centre for Theoretical Studies, IIT, Kharagpur 721302, India","Abteilung Bioklimatologie, Universität Göttingen, Büsgenweg 2, D-37077 Göttingen, Germany",1,0.005263157894736842
" ATC, Astrophysics Group, Cavendish Laboratory, Madingley Road, Cambridge CB3 0HE","Columbia Astrophysics Laboratory, 550 W. 120th Street, New York, NY 10027, USA",1,0.011235955056179775
"University of Iowa, 203 van Allen Hall, Iowa City, IA 52245, USA","Yerkes Observatory, The University of Chicago, Williams Bay, WI 53191, USA",1,0.045454545454545456
"School of Physics & Astronomy, University of Wales, Cardiff"," Big Horn Ridge, NE, Albuquerque, NM 87122, USA",1,0.05555555555555555
"LAM-UMR 6110, CNRS & Univ. de Provence, 38 rue Fréderic Juliot-Curie, F-13013 Marseille, France","Instituto de Radio Astronomía Milimétrica, E-18012 Granada, Spain",4,0.0037313432835820895
"LAM-UMR 6110, CNRS & Univ. de Provence, 38 rue Fréderic Juliot-Curie, F-13013 Marseille, France","I. Physikalisches Institut der Universität zu Koeln, Zülpicher Straße 77, D-50937 Köln, Germany",1,0.0037313432835820895
"Institute of Astronomy, Madingley Road, CB3 0HA, Cambridge"," INAOE, Luis Enrique Erro 1, Tonanzintla, Puebla 72840, Mexico",5,0.0031446540880503146
"MPE, Giessenbachstrasse 1, D-85741 Garching, Germany","Department of Astronomy, University of Massachusetts, 710 North Pleasant Street, Amherst MA 01003-9305, USA",1,0.003401360544217687
"Departamento de Física, CUCEI, Universidad de Guadalajara. Av. Revolucion 1500 S/R Guadalajara, Jalisco, México","Centro de Física, IVIC, Caracas 1020A, Venezuela",1,0.16666666666666666
"Institut für Astronomie, ETH Zurich, Wolfgang-Pauli-Str. 27, 8093 Zurich, Switzerland","Johns Hopkins University, 3400 N. Charles Street, 21218, Baltimore, MD, USA",1,0.011363636363636364
"Leiden University, Leiden Observatory, PO Box 9513, NL-2300 RA, Leiden"," W. Wheatridge Drive, Tucson, AZ, 85704, USA",9,0.00411522633744856
"University of Texas at Austin, Austin, TX 78712–1083, USA"," East 58th Street, Chicago, IL 60615, USA",2,0.0058823529411764705
"Physics Department, Queen's University, Belfast BT7 1NN","University of Sheffield, Hicks Building, Hounsfield Road, Sheffield S3 7RH",1,0.01282051282051282
"Physics Department, Queen's University, Belfast BT7 1NN"," School of Physics, University of New South Wales, Sydney, NSW 2052, Australia",1,0.01282051282051282
"ESO – Karl-Schwarzschild-Str. 2, 85748 Garching bei München, Germany","Blackbird 2 Observatory, Alder Springs, CA 93602, USA",1,0.0021008403361344537
"Departamento de Física e Matemática, PURO/Universidade Federal Fluminense, Rua Recife s/n, Rio das Ostras, RJ 28890-000, Brazil","Institute Isaac Newton of Chile, Yugoslavia Branch, Belgrade, Serbia",1,0.01639344262295082
" Dipartimento di Astronomia,Universitá di Padova, Vicolo dell' Osservatorio 3, Padova I-35122, Italy","Institute di Radio Astronomy, Bologna, Italy",1,0.00546448087431694
" Dipartimento di Astronomia,Universitá di Padova, Vicolo dell' Osservatorio 3, Padova I-35122, Italy","INAF-OAC, Via Moiarello 16, I-80131 Naples, Italy",2,0.00546448087431694
" Dipartimento di Astronomia,Universitá di Padova, Vicolo dell' Osservatorio 3, Padova I-35122, Italy","CAAUL, Observatório Astronómico de Lisboa, Tapada da Ajuda, 1349-018 Lisboa, Portugal",1,0.00546448087431694
"Kiso Observatory, Institute of Astronomy, School of Science, the University of Tokyo, 10762-30, Mitake, Kiso, Kiso, Nagano 397-0101, Japan","Nobeyama Radio Observatory, 462-2 Nobeyama, Minamimaki, Minamisaku, Nagano 384-1305, Japan",2,0.03125
"DGA Maîtrise de l’information, BP 7 35998 Rennes Cedex 9, France","Astronomy Group, University College London, London WC1E 6BT",1,0.006944444444444444
"Imperial College London, South Kensington Campus, London SW7 2AZ","CEA / SACLAY, 91191 Gif sur Yvette cedex, France",11,0.00398406374501992
"Imperial College London, South Kensington Campus, London SW7 2AZ","Beijing Joint Astrophysics Centre, Beijing University, Zhong Guang Cun, Beijing 100871, P. R. China",2,0.00398406374501992
"University of British Columbia, 6224 Agricultural Road Vancouver, BC V6T 1Z1 Canada","A. Geminale Department of Astronomy, Vicolo dell'Osservatorio 3, 35122 Padova, Italy",1,0.007575757575757576
"C.A.I.S.M.I. – C.N.R., Largo E. Fermi 5, I-50125 Firenze, Italy","Department of Physics & Astronomy, University of Sheffield, Sheffield S3 7RH",1,0.006711409395973154
"Agencia Córdoba Ciencia, Alvarez de Arenales 230, Cordoba, Argentina","Denys Wilkinson Building, University of Oxford, Keble Road, Oxford",1,0.016666666666666666
"INAF – IASF Milano, 20133 Milano, Italy"," Dipartimento di Astronomia,Universitá di Padova, Vicolo dell' Osservatorio 3, Padova I-35122, Italy",1,0.006060606060606061
"IASF–Bologna/INAF, Via Gobetti 101, I-4012 Bologna, Italy","Argelander-Institut für Astronomie, Auf dem Hügel 71, Bonn",3,0.0049504950495049506
"University of Western Ontario, London, ON N6A 3K7, Canada","Department of Physics, University of Waterloo, 200 University Avenue West, Waterloo, Ontario, N2L 3G1 Canada",1,0.007518796992481203
"University of Sheffield, Hicks Building, Hounsfield Road, Sheffield S3 7RH","Ulugh Beg Astronomical Institute, Tashkent 700052, Uzbekistan",2,0.007246376811594203
"University of Sheffield, Hicks Building, Hounsfield Road, Sheffield S3 7RH","Astronomy and Astrophysics Department, Villanova University, Villanova, PA 19085, USA",1,0.007246376811594203
"University of Sheffield, Hicks Building, Hounsfield Road, Sheffield S3 7RH","Institut für Theoretische Physik und Astrophysik der Universität Kiel, D-24098 Kiel, Germany",1,0.007246376811594203
"National Observatory of Athens, I. Metaxa & V. Paulou, Athens 15236, Greece"," Culham Laboratory, Abingdon, Oxfordshire OX14 3DB",1,0.010101010101010102
"NRAO Headquarters, 520 Edgemont Road, Charlottesville, VA 22903, USA"," Space Sciences Laboratory, University of California, Berkeley, CA, USA",1,0.00980392156862745
"Portsmouth Grammar School, High Street, Portsmouth PO1 2LN","Astrophysics & Supercomputing, Swinburne University, Hawthorn VIC 3122, Australia",5,0.004629629629629629
"Portsmouth Grammar School, High Street, Portsmouth PO1 2LN"," Iowa Street, Ashland, OR 97520, USA",3,0.004629629629629629
"Australia National Telescope Facility, CSIRO, PO Box 76, Epping, New South Wales 17190, Australia","Trinity College Dublin, College Green Dublin 2, Ireland",2,0.0038022813688212928
"Australia National Telescope Facility, CSIRO, PO Box 76, Epping, New South Wales 17190, Australia","Queen’s University, Kingston, ON K7L 3N6, Canada",1,0.0038022813688212928
"University of Southampton, School of Physics and Astronomy, Highfield Campus, Southampton, Hampshire SO17 1BJ"," H Street, SW, Washington, DC 20024-2725, USA",1,0.01
"Max Planck Institute for Solar System Research, Max-Planck Str. 2, 37191, Katlenburg-Lindau, Germany","Astrophysics Research Centre, Queen’s University, Belfast",1,0.008130081300813009
"University of Durham, South Rd, Durham DH1 3LE","SISSA – via Bonomea, 265, I-34136 Trieste, Italy",3,0.004464285714285714
" European Space Agency, ESTEC, 2200 AG Noordwijk, the Netherlands"," Hewlett Place, Victoria, BC V8S 497, Canada",3,0.005681818181818182
" European Space Agency, ESTEC, 2200 AG Noordwijk, the Netherlands","Uppsala Astronomical Observatory, Box 515, S-75120 Uppsala, Sweden",4,0.005681818181818182
" Hewlett Place, Victoria, BC V8S 497, Canada","School of Physics and Astronomy, University of Birmingham, Birmingham",5,0.0028735632183908046
" Hewlett Place, Victoria, BC V8S 497, Canada","Bonn University, Auf dem Hügel 71D, 53121 Bonn, Germany",17,0.0028735632183908046
"Centrum Astronomiczne im. M. Kopernika, Bartycka 18, 00–716 Warszawa, Poland","CPHT, École Polytechnique, 91128 Palaiseau France",2,0.005434782608695652
"Centrum Astronomiczne im. M. Kopernika, Bartycka 18, 00–716 Warszawa, Poland","Department of Astronomy and Physics, St. Mary's University, Halifax, Canada NS B3H 3C3",1,0.005434782608695652
"Centrum Astronomiczne im. M. Kopernika, Bartycka 18, 00–716 Warszawa, Poland","Institutt for Teoretisk Astrofysikk, Universitetet i Oslo, 0212 Blindern-Oslo, Norway",1,0.005434782608695652
"School of Physics and Astronomy, St Andrews University, North Haugh, St Andrews, Fife KY16 9SS","Byurakan Astrophysical Observatory, 378433 Aragatsotn reg., Armenia",1,0.0038022813688212928
"School of Physics and Astronomy, St Andrews University, North Haugh, St Andrews, Fife KY16 9SS","Volunteer Observatory, 10305 Mantooth Lane Knoxville, TN 37932, USA",1,0.0038022813688212928
"Department of Astronomy, UCLA, Los Angeles, CA 90024, USA","The Open University, Walton Hall, Milton Keynes MK7 6AA",1,0.05263157894736842
"A. Geminale Department of Astronomy, Vicolo dell'Osservatorio 3, 35122 Padova, Italy","School of Physical Sciences and NCPST, DCU, Glasnevin, Dublin 9, Ireland",3,0.0034602076124567475
"Morrison Fellow, UCO/Lick Observatories, 1156 High St., Santa Cruz, CA 95064, USA","ESO, Casilla 19001, Santiago 19, Chile",2,0.010416666666666666
"Royal Greenwich Observatory, Madingley Road, Cambridge CB3 0EZ","Caltech M/C 249-17, Pasadena, CA 91125, USA",1,0.16666666666666666
"Denys Wilkinson Building, University of Oxford, Keble Road, Oxford","Astrophysics Group, Cavendish Laboratory, 19 J. J. Thomson Avenue, Cambridge CB3 0HE",1,0.010638297872340425
"Fuculty of Science, Kyushu University, Hakozaki, Fukuoka 812-8581, Japan","Tata Institute of Fundamental Research, Mumbai 400 005, India",2,0.009345794392523364
"Argonne National Laboratory, 9700 S. Cass Avenue, Lemont, IL 60439, USA","ESO – Karl-Schwarzschild-Str. 2, 85748 Garching bei München, Germany",3,0.005319148936170213
"Astronomy Group, University of Southampton, Highfield, Southampton SO17 1BJ","Anglo-Australian Observatory, Coonabarabran, NSW 2357, Australia",2,0.005154639175257732
" 14th Street, Suite 1207, Oakland, CA 94612, USA","Josai Junior College, 1-1 Keyakidai, Sakado-shi, Saitama 350-0295, Japan",1,0.006211180124223602
" 14th Street, Suite 1207, Oakland, CA 94612, USA","Department of Physics, Texas A& M University, College Station, Texas 77843-4242, USA",2,0.006211180124223602
"Ulugh Beg Astronomical Institute, Tashkent 700052, Uzbekistan","School of Computer Science and IT, University of Nottingham, Nottingham NG8 1BB",1,0.00558659217877095
"Instytut Obserwatorium Astronomiczne U.A.M., Sloneczna 36, PL-60286 Poznań, Poland","Siena College, 515 Loudon Road, Loudonville, NY 12211,USA",1,0.0125
"Raman Research Institute, Sadashivanagar, C. V. Raman Avenue, Bangalore 560080, India","St Johns Research Centre, 45 St Giles, Oxford OX1 3JP",1,0.005291005291005291
"Royal Observatory Edinburgh, Blackford Hill, Edinburgh, EH9 3HJ","Institute de Astrofisica de Canarias, C/ Via Lactea s/n, E-38200 La Laguna, Spain",29,0.0027100271002710027
"Space Science Institute, 4750 Walnut Street, Boulder Suite 205, CO 80301, USA","Department of Physics, University of Queensland, Brisbane QLD 4072, Australia",2,0.0031645569620253164
"Space Science Institute, 4750 Walnut Street, Boulder Suite 205, CO 80301, USA","KIPAC, PO Box 20450, MS29, Stanford, CA 94309, USA",1,0.0031645569620253164
"Space Science Institute, 4750 Walnut Street, Boulder Suite 205, CO 80301, USA","Institute of Astronomy, The Observatories, University of Cambridge, Madingley Road, Cambridge CB3 0HA",1,0.0031645569620253164
"Blackett Laboratory Optics Section, Imperial College, London SW7 2BZ","INAF – IASF Milano, 20133 Milano, Italy",8,0.0024875621890547263
"CERN, CH-1211 Geneva 23, Switzerland","INAF — Osservatorio Astronomico di Monte Porzio, Monte Porzio Catone (Roma), Italy",2,0.0040650406504065045
"CERN, CH-1211 Geneva 23, Switzerland","Department of Physics & Astronomy, Vanderbilt University, 1807 Station B, Nashville, TN 37235, USA",2,0.0040650406504065045
"Vista University, Mamelodi Campus, Private Bag X1311, Silverton 0127, South Africa","Royal Observatory Edinburgh, Blackford Hill, Edinburgh, EH9 3HJ",1,0.023255813953488372
"University of Leicester, Space Research Centre, University Road, Leicester LE1 7RH","Merrowinger str. 10, D-40223 Düsseldorf, Germany",1,0.005076142131979695
"Astrokolkhoz Observatory, PO Box 1351 Cloudcroft, NM 88317, USA","CBA-Oxford, 5 Silver Lane, West Challow, Wantage OX12 9TX, UK",1,0.005649717514124294
"CITA, 60 St. George St, Toronto M5S 3H8, ON, Canada","Astronomy Group, University of Southampton, Highfield, Southampton SO17 1BJ",1,0.00625
"Department of Physics and Astronomy 3905, University of Wyoming, 1000 E. University, Laramie, WY 82071, USA","MPE, Giessenbachstrasse 1, D-85741 Garching, Germany",2,0.01694915254237288
"Department of Physics and Astronomy 3905, University of Wyoming, 1000 E. University, Laramie, WY 82071, USA","Department of Physics, Presidency College, 86/1 College Street, Kolkata 700 073, India",1,0.01694915254237288
"Anglo-Australian Observatory, Coonabarabran, NSW 2357, Australia","Institut d'Astrophysique et de Géophysique de l'Université de Liège, Belgium",1,0.0048543689320388345
"Anglo-Australian Observatory, Coonabarabran, NSW 2357, Australia","University of Victoria, Victoria, Canada",1,0.0048543689320388345
"Instituto de Ciencias Nucleares (UNAM), Ap.Postal 70-543, CP 04510, México D.F., México","Stockholm Observatory, SE-133 36 Saltsjöbaden, Sweden",1,0.014285714285714285
"Instituto de Ciencias Nucleares (UNAM), Ap.Postal 70-543, CP 04510, México D.F., México","University of Maryland, College Park, MD 20742, USA",1,0.014285714285714285
"Caltech M/C 249-17, Pasadena, CA 91125, USA","Astroclub Radebeul, Auf den Ebenbergen 10a, 01445 Radebeul, Germany",2,0.003048780487804878
"Caltech M/C 249-17, Pasadena, CA 91125, USA","Planning Division, Cardiff University, Park Place, Cardiff CF10 3UA",4,0.003048780487804878
"Caltech M/C 249-17, Pasadena, CA 91125, USA","School of Information Technologies, University of Sydney, NSW, 2006, Australia",4,0.003048780487804878
"NASA Ames, Moffett Field, CA 94035, USA","Institute of Astronomy, 72 Tsarigradsko Shosse Blvd., 1784 Sofia, Bulgaria",1,0.007246376811594203
"NASA Ames, Moffett Field, CA 94035, USA","Department of Physics & Astronomy, 12 Physics Building, Iowa State University, Ames, IA 50011, USA",1,0.007246376811594203
"Afeka, Tel Aviv Academic College of Engineering, Tel Aviv 69107, Israel","SAAO, PO Box 9, Observatory, 7935, South Africa",5,0.00684931506849315
"Dipartimento di Fisica e Tecnologie Relative, Università di Palermo, Via Archirafi 36, I-90123 Palermo, Italy","ASTRON, PO Box 2, NL-7990 AA Dwingeloo, the Netherlands",3,0.006622516556291391
"CBA-Belgium. Walhostraat 1A, B-3401 Landen, Belgium","Department of Physics, Lund Institute of Technology PO Box 118, S-22100 Lund, Sweden",1,0.0053475935828877
" Brightwater Road, Blackmans Bay, Tasmania 7052, Australia","INAF - Osservatorio Astronomico di Palermo, Piazza del Parlamento 1, 90134 Palermo, Italy",1,0.014925373134328358
"Astronomical Institute of the Romanian Academy, Bucharest, Romania","Physics Department, University of Warwick, Coventry CV4 7AL",1,0.016666666666666666
" IUCAA, Ganeshkhind, Pune 411007, India","RIKEN, Chiyoda-ku, Tokyo 100-0005, Japan",1,0.007352941176470588
"IFCA, CSIC-Univ. de Cantabria, Avda. los Castros, s/n, E-39005 Santander, Spain","Leiden University, Leiden Observatory, PO Box 9513, NL-2300 RA, Leiden",8,0.005780346820809248
"IFCA, CSIC-Univ. de Cantabria, Avda. los Castros, s/n, E-39005 Santander, Spain","Konkoly Observatory, Konkoly Thege M. u. 15-17, H-1121 Budapest, Hungary",1,0.005780346820809248
"ASTRON, PO Box 2, NL-7990 AA Dwingeloo, the Netherlands","University of Hertfordshire, Department of Physical Sciences, College Lane, Hatfield, Herts AL10 9AB",1,0.003787878787878788
"ASTRON, PO Box 2, NL-7990 AA Dwingeloo, the Netherlands","Department of Physics, University of Kentucky, Lexington, KY 40506, USA",1,0.003787878787878788
"CBA-Antwerp. Vereniging Voor Sterrenkunde, Oude Bleken 12, B-2400 Mol, Belgium","CBA-Illinois, 855 Fair Lane, Northbrook, IL 60062, USA",1,0.034482758620689655
"McGill University, 3600 rue University, Montreal, QC H3A 2T8, Canada","Department of Mathematical Sciences, Durham University, South Road, Durham DH1 3LE, UK",2,0.007462686567164179
"HE Space Operations GmbH, Flughafenallee 24, D-28199 Bremen, Germany","Nordita, AlbaNova University Center, Roslagstullsbacken 23, SE 10691 Stockholm, Sweden",3,0.0053475935828877
" Space Sciences Laboratory, University of California, Berkeley, CA, USA","Australia National Telescope Facility, CSIRO, PO Box 76, Epping, New South Wales 17190, Australia",7,0.02127659574468085
"Eureka Scientific, USA","Department of Physics and Astronomy, 4129 Frederick Reines Hall, UC Irvine, Irvine, CA 84602, USA",1,0.005128205128205128
"Landessternwarte Heidelberg-Königstuhl, 69117 Heidelberg, Germany","Chalmers Tekniska Högskola, SE-412 96 Gothenburg, Sweden",1,0.0030303030303030303
"Landessternwarte Heidelberg-Königstuhl, 69117 Heidelberg, Germany","Astrofísica da Universidade do Porto, Rua das Estrelas, 4150-762 Porto, Portugal",3,0.0030303030303030303
"Landessternwarte Heidelberg-Königstuhl, 69117 Heidelberg, Germany"," School of Physics, University of New South Wales, Sydney, NSW 2052, Australia",1,0.0030303030303030303
"Landessternwarte Heidelberg-Königstuhl, 69117 Heidelberg, Germany","CASA, University of Colorado, 389 UCB, Boulder, CO 80309-0389, USA",1,0.0030303030303030303
"Landessternwarte Heidelberg-Königstuhl, 69117 Heidelberg, Germany","Mount Stromlo and Siding Spring Observatories, Private Bag, Weston Creek PO, Weston, ACT 2611, Australia",2,0.0030303030303030303
"Landessternwarte Heidelberg-Königstuhl, 69117 Heidelberg, Germany","Labóratorio Nacional de Astrofísica, Itajubá, Brazil",1,0.0030303030303030303
"Department of Astronomy, University of Michigan, 830 Dennison Building, 500 Church St., Ann Arbor, MI 48109, USA","Elviraland 194, 2591 GM The Hague, the Netherlands",5,0.005988023952095809
"LATMOS-CNRS, 11 boulevard d'Alembert, 78280 Guyancourt, France","Macquarie University, Sydney, NSW 2109, Australia",8,0.008333333333333333
"ARIES, Manora Peak, Nainital 263129, India","A. Geminale Department of Astronomy, Vicolo dell'Osservatorio 3, 35122 Padova, Italy",1,0.008849557522123894
"Johns Hopkins University, 3400 N. Charles Street, 21218, Baltimore, MD, USA","Ritter Astrophysical Research Center, University of Toledo, Toledo, OH 43606, USA",1,0.004739336492890996
"INAF-OAC, Via Moiarello 16, I-80131 Naples, Italy","Dipartimento di Fisica e Astronomia, Università di Firenze, via G. Sansone 1, I-50019 Sesto Fiorentino, Firenze, Italy",1,0.01020408163265306
"NASA, MSFC, Huntsville, AL 35812, USA","American Museum of Natural History, 79th Street at Central Park West, New York, NY 10024-5192, USA",1,0.008928571428571428
"NASA, MSFC, Huntsville, AL 35812, USA","University of Michigan, Randall Laboratory of Physics, 450 Church Street, Ann Arbor, MI 48109-1040",1,0.008928571428571428
"Research Center of Astronomy, Academy of Athens, Anagnostopoulou 14, GR-10673 Athens, Greece"," The Observatories of the Carnegie Institution for Science, Pasadena, CA, USA",1,0.043478260869565216
" Korea Astronomy and Space Science Institute, 61-1 Hwaamdong, Yuseong-gu, Daejeon 305–348, Korea","Subaru Telescope, 650 N. A‘ohōkū Place, Hilo, HI 96720, USA",3,0.006666666666666667
"CIEMAT, Avda. Complutense 22, 28040 Madrid, Spain","Queen’s University, Kingston, ON K7L 3N6, Canada",1,0.002976190476190476
"CIEMAT, Avda. Complutense 22, 28040 Madrid, Spain","CBA-Wilts, 2 Spa Close, Highworth, Swindon, Wilts SN6 7PJ, UK",1,0.002976190476190476
"Trinity College Dublin, College Green Dublin 2, Ireland","IPD, UNIVAP, São José dos Campos, SP, 12244-000, Brazil",4,0.006060606060606061
" W. Wheatridge Drive, Tucson, AZ, 85704, USA","Fuculty of Science, Kyushu University, Hakozaki, Fukuoka 812-8581, Japan",2,0.0025575447570332483
" The Observatories of the Carnegie Institution for Science, Pasadena, CA, USA"," Hewlett Place, Victoria, BC V8S 497, Canada",10,0.014492753623188406
" The Observatories of the Carnegie Institution for Science, Pasadena, CA, USA","Instituto Argentino de Radioastronomía (CCT-La Plata, CONICET), C.C. No. 5, 1894 Villa Elisa, Argentina",1,0.014492753623188406
"Uppsala Astronomical Observatory, Box 515, S-75120 Uppsala, Sweden","School of Physics and Astronomy, University of Birmingham, Birmingham",2,0.004878048780487805
"Swarthmore College, Swarthmore, PA 19081, USA","University of California, Berkeley, Dept. of Astronomy, 601 Campbell Hall 3411, Berkeley, CA 94720, USA",3,0.003937007874015748
"Department of Physics, University of Notre Dame, Notre Dame, IN 46556-5670, USA","Department of Physics, 118 Kinard Laboratory, Clemson University, Clemson, South Carolina 29634, USA",2,0.017241379310344827
"Consejo Superior de Investigaciones Científicas, C/Serrano 117, E-28006 Madrid, Spain","Dipartimento di Fisica e Tecnologie Relative, Università di Palermo, Via Archirafi 36, I-90123 Palermo, Italy",1,0.011764705882352941
" Osservatorio Astronomico di Brera, Via Bianchi 46, I-23807 Merate (LC), Italy","INFN Pavia, Via A. Bassi 6, I-27100 Pavia, Italy",1,0.005917159763313609
"Observatori Astronòmic, Universitat de València, Edifici Instituts d'Investigació, Poligon La Coma, 46980 Paterna, València, Spain",Apache Point Observatory,1,0.08333333333333333
"School of Physics and Astronomy, University of Southampton, SO17 1BJ","LAM-UMR 6110, CNRS & Univ. de Provence, 38 rue Fréderic Juliot-Curie, F-13013 Marseille, France",1,0.019230769230769232
"Divisão de Astrofísica, INPE/MCT CP 515, 12201-970 SP, Brazil","Departamento de Física, UFSC, CP 476, 88040-900 Florianóplois, SC, Brazil",2,0.022222222222222223
"Department of Astronomy, University of California, Berkeley, CA 92720, USA","University of California, San Diego, La Jolla, CA, USA",1,0.016129032258064516
"OASU-L3ABordeaux, CNRS UMR 5804, BP 89, 33270 Floirac, France","Anglo-Australian Observatory, Coonabarabran, NSW 2357, Australia",2,0.004608294930875576
"Liverpool John Moores University, Birkenhead CH41 1LD","Baumkamp 8, 22299 Hamburg, Germany",2,0.0031746031746031746
"Liverpool John Moores University, Birkenhead CH41 1LD","Astronomy Department, University of Florida, 211 Bryant Space Science Center, PO Box 112055, Gainesville, FL 32611-2055, USA",2,0.0031746031746031746
"University of Melbourne, Parkville, Victoria 3010, Australia","School of Mathematical Sciences, Monash University, Victoria, 3800, Australia",1,0.011111111111111112
"Princeton University Observatory, Ivy Lane, Princeton, NJ 08544, USA","Institute of Astronomy, Madingley Road, CB3 0HA, Cambridge",3,0.00909090909090909
"Princeton University Observatory, Ivy Lane, Princeton, NJ 08544, USA","Fermi National Accelerator Laboratory, Box 500, Batavia, IL 60510, USA",1,0.00909090909090909
"Princeton University Observatory, Ivy Lane, Princeton, NJ 08544, USA","Siena College, 515 Loudon Road, Loudonville, NY 12211,USA",1,0.00909090909090909
"CEA / SACLAY, 91191 Gif sur Yvette cedex, France","Royal Military College of Canada, Department of Physics, PO Box 17000, Station ‘Forces‘, Kingston, Ontario, Canada K7K 4B4",1,0.003205128205128205
"Boston College, Institute for Scientific Research, 140 Commonwealth Avenue, Chestnut Hill, MA 02467, USA","Dipartimento di Fisica ‘E. R. Caianiello’, Università di Salerno, Baronissi, Italy",1,0.022222222222222223
"University of Oslo, Institute of Theoretical Astrophysics, PO Box 1029 — Blindern, N-0315 Oslo, Norway","Institute de Astrofisica de Canarias, C/ Via Lactea s/n, E-38200 La Laguna, Spain",1,0.015625
"Instituto de Radio Astronomía Milimétrica, E-18012 Granada, Spain","Institute for Astronomy, 2680 Woodlawn Dr, Honolulu, HI 96822, USA",1,0.0031847133757961785
"Instituto de Radio Astronomía Milimétrica, E-18012 Granada, Spain","Astronomy Department, University of Illinois at Urbana-Champaign, 1002 W. Green Street, Urbana, IL 61801, USA",1,0.0031847133757961785
"Australian National University, Canberra, ACT, Australia","Department of Physics, University of Queensland, Brisbane QLD 4072, Australia",4,0.003952569169960474
"American Museum of Natural History, 79th Street at Central Park West, New York, NY 10024-5192, USA","Royal Observatory Edinburgh, Blackford Hill, Edinburgh, EH9 3HJ",1,0.009615384615384616
"American Museum of Natural History, 79th Street at Central Park West, New York, NY 10024-5192, USA","School of Mechanical, Electrical and Information Engineering, Shandong University, Weihai 264209, China",1,0.009615384615384616
"American Museum of Natural History, 79th Street at Central Park West, New York, NY 10024-5192, USA","CBA-Orlando. Rolling Hills Observatory, 1643 Nightfall Drive, Clermont, FL 34711, USA",1,0.009615384615384616
"ESO, Casilla 19001, Santiago 19, Chile","University of Southampton, School of Physics and Astronomy, Highfield Campus, Southampton, Hampshire SO17 1BJ",1,0.002702702702702703
"ESO, Casilla 19001, Santiago 19, Chile","Fakultät für Mathematik, Ruhr-University of Bochum, Mathematik III, NA 3/70, Universitätsstraße 150, 44780 Bochum, Germany",1,0.002702702702702703
"ESO, Casilla 19001, Santiago 19, Chile","Department of Experimental Physics & Astronomical Observatory, University of Szeged, H-6720 Szeged, Dóm tér 9, Hungary",1,0.002702702702702703
"Centro de Física, IVIC, Caracas 1020A, Venezuela","Astronomy Group, University of Southampton, Highfield, Southampton SO17 1BJ",1,0.006097560975609756
"Centro de Física, IVIC, Caracas 1020A, Venezuela","OASU-L3ABordeaux, CNRS UMR 5804, BP 89, 33270 Floirac, France",2,0.006097560975609756
"Centro de Física, IVIC, Caracas 1020A, Venezuela","Mathematics Department, University of Manchester, Manchester M13 9PL",2,0.006097560975609756
"Elviraland 194, 2591 GM The Hague, the Netherlands","Tokyo University of Science, Oshamanbe, Hokkaido, 049-3514 Tokyo, Japan",1,0.0035211267605633804
"Department of Physics and Astronomy, University of Hawaii - Hilo, 200 West Kawili Street, Hilo, Hawaii, 96720-4091, USA","University of British Columbia, 6224 Agricultural Road Vancouver, BC V6T 1Z1 Canada",1,0.05263157894736842
"Centre de Recherche Astronomique de Lyon, 9 Avenue Charles André, 69230 Saint-Genis-Laval, France","Aerospace Research Laboratories, Northrop Grumman Aerospace Systems, Redondo Beach, CA 90278, USA",1,0.012195121951219513
"DiSBeF – Università degli Studi di Urbino ‘Carlo Bo’, I-61029 Urbino, Italy","Department of Astronomy, Faculty of Physics, Sofia University, BG-1164 Sofia, Bulgaria",1,0.0055248618784530384
"Academia Sinica Institute of Astronomy and Astrophysics (ASIAA), PO Box 23, Taipei 106, Taiwan","Department of Astronomy, University of Michigan, 830 Dennison Building, 500 Church St., Ann Arbor, MI 48109, USA",1,0.009174311926605505
"The University of Leicester, Leicester LE1 7RH","SAAO, PO Box 9, Observatory, 7935, South Africa",1,0.005847953216374269
"Address at time of contribution to this work: School of Chemistry, University of Nottingham, University Park, Nottingham NG7 2RD","Jet Propulsion Laboratory, Pasadena, CA 91109-8099, USA",1,0.004545454545454545
"Department of Mathematical Sciences, Durham University, South Road, Durham DH1 3LE, UK","Department of Physics, Virginia Polytechnic Institute & State University, 910 Drillfield Drive, Blacksburg, VA 24061, USA",1,0.00625
"Department of Physics, The University of Durham, Durham DH1 3LE","ASTRON, PO Box 2, NL-7990 AA Dwingeloo, the Netherlands",1,0.017857142857142856
"Korea Institute for Advanced Study, 207-43 Cheongryangri-dong Dongdaemun-gu, Seoul 130-012, Korea","INAF, Trieste Astronomical Observatory, Via G. B. Tiepolo 11, 1-34143 Trieste, Italy",1,0.006896551724137931
"Merrowinger str. 10, D-40223 Düsseldorf, Germany","Leiden University, Leiden Observatory, PO Box 9513, NL-2300 RA, Leiden",27,0.003003003003003003
"Merrowinger str. 10, D-40223 Düsseldorf, Germany","Konkoly Observatory, Konkoly Thege M. u. 15-17, H-1121 Budapest, Hungary",3,0.003003003003003003
"Institute for Cosmic Ray Research, Univ. of Tokyo, 5-1-5 Kashiwa-no-ha, Kashiwa City, 277-8582 Chiba, Japan"," Pennsylvania State University, Wilkes-Barre Campus, Old Route 115, P.O. Box PSU, Lehman, PA 18627, USA",3,0.013333333333333334
"Department of Physics, Presidency College, 86/1 College Street, Kolkata 700 073, India","Centre for Space Physics, Chalantika 43, Garia Station Rd., Kolkata, 700084, India",1,0.09090909090909091
"The Open University, Walton Hall, Milton Keynes MK7 6AA","Instituto de Astrofísica de Andalucía (IAA-CSIC), Granada, Andalucía 18080, Spain",1,0.0048543689320388345
"Middle East Technical University's Amateur Astronomical Society, Ankara, Turkey"," W. Wheatridge Drive, Tucson, AZ, 85704, USA",3,0.043478260869565216
" rue des Battieux 2000 Neuchatel, Switzerland","CEA / SACLAY, 91191 Gif sur Yvette cedex, France",2,0.007462686567164179
"Cardiff University, Queen's Buildings, 5 The Parade, Cardiff CF24 3YB","A. Geminale Department of Astronomy, Vicolo dell'Osservatorio 3, 35122 Padova, Italy",29,0.004807692307692308
"Chalmers Tekniska Högskola, SE-412 96 Gothenburg, Sweden","Ulugh Beg Astronomical Institute, Tashkent 700052, Uzbekistan",4,0.006134969325153374
"Chalmers Tekniska Högskola, SE-412 96 Gothenburg, Sweden","Hosokawa Powder Technology Research Institute, Hirakata, Osaka, Japan",1,0.006134969325153374
"Chalmers Tekniska Högskola, SE-412 96 Gothenburg, Sweden","Astronomy and Astrophysics Department, Villanova University, Villanova, PA 19085, USA",2,0.006134969325153374
"Astrophysics Department University of Oxford, 1 Keble Road, Oxford OX1 3RH","Subaru Telescope, 650 N. A‘ohōkū Place, Hilo, HI 96720, USA",7,0.005
"Astrophysics Department University of Oxford, 1 Keble Road, Oxford OX1 3RH","Astrophysics & Supercomputing, Swinburne University, Hawthorn VIC 3122, Australia",1,0.005
"Astrophysics Department University of Oxford, 1 Keble Road, Oxford OX1 3RH"," Iowa Street, Ashland, OR 97520, USA",1,0.005
"Department of Astronomy, University of Massachusetts, 710 North Pleasant Street, Amherst MA 01003-9305, USA","Shanghai Astronomical Observatory, 80 Nandan Rd, Shanghai, 200030, China",1,0.05555555555555555
"Institute for Astronomy, 2680 Woodlawn Dr, Honolulu, HI 96822, USA","Pittsburgh Supercomputing Center, 300 S. Craig Street, Pittsburgh, PA 15213, USA",1,0.005208333333333333
"Swinburne University of Technology, Centre for Astrophysics and Supercomputing Mail H30, PO Box 218, VIC 3122, Australia","School of Physics and Astronomy, University of Birmingham, Birmingham",1,0.008130081300813009
"Swinburne University of Technology, Centre for Astrophysics and Supercomputing Mail H30, PO Box 218, VIC 3122, Australia","Bonn University, Auf dem Hügel 71D, 53121 Bonn, Germany",1,0.008130081300813009
"Royal Military College of Canada, Department of Physics, PO Box 17000, Station ‘Forces‘, Kingston, Ontario, Canada K7K 4B4","IF-UFRGS, Av. Bento Gonçalves 9500, CEP 91350-050, Porto Alegre, Rio Grande do Sul, Brazil",1,0.014705882352941176
"Royal Military College of Canada, Department of Physics, PO Box 17000, Station ‘Forces‘, Kingston, Ontario, Canada K7K 4B4","University of Calgary, 2500 University Dr NW, Calgary, AB T2N 1N4, Canada",1,0.014705882352941176
"The Weizmann Institute Centre for Astrophysics, Rehovot 76100, Israel","AAVSO, 25 Birch St, Cambridge, MA 02138, USA",2,0.011235955056179775
" Theoretical Astrophysics Center, Juliane Maries Vej 30, DK-2100 Copenhagen Ø, Denmark","Argonne National Laboratory, 9700 S. Cass Avenue, Lemont, IL 60439, USA",1,0.004016064257028112
"Gretelbaumbachstr. 31, 97424 Schweinfurt, Germany","New York University, 4 Washington Place, New York, NY 10003, USA",4,0.017857142857142856
"Astrophysics Group, Keele University, Staffordshire ST5 5BG","Caltech M/C 249-17, Pasadena, CA 91125, USA",5,0.004672897196261682
"Astrophysics Group, Keele University, Staffordshire ST5 5BG","Mt John Observatory, PO Box 56, Lake Tekapo 8770, New Zealand",1,0.004672897196261682
"Abteilung Bioklimatologie, Universität Göttingen, Büsgenweg 2, D-37077 Göttingen, Germany","CBA-Belgium. Walhostraat 1A, B-3401 Landen, Belgium",2,0.009345794392523364
"CNRS, Orsay F-91405, France","Anglo-Australian Observatory, Coonabarabran, NSW 2357, Australia",1,0.011363636363636364
"Chinese Academy of Sciences, Beijing Astronomical Observatory, China","Astronomy Department, University of Florida, 211 Bryant Space Science Center, PO Box 112055, Gainesville, FL 32611-2055, USA",1,0.005434782608695652
" Cavendish Laboratory, University of Cambridge, 19 JJ Thomson Avenue,Cambridge CB3 0HE","Centre de Physique Théorique de Marseille, 13288 Marseille, France",1,0.014492753623188406
" Cavendish Laboratory, University of Cambridge, 19 JJ Thomson Avenue,Cambridge CB3 0HE","ESA, Villafranca del Castillo, Spain",1,0.014492753623188406
"Faculty of Education, Nagasaki University, Nagasaki 852-8521, Japan"," Department of Physics and Astronomy, University of Canterbury, Private Bag 4800, Christchurch 8140, New Zealand",1,0.03225806451612903
"IPD, UNIVAP, São José dos Campos, SP, 12244-000, Brazil","Centre for Space Research, North-West University, Potchefstroom Campus, 2520 Potchefstroom, South Africa",1,0.008333333333333333
"Institut für Astrophysik, Friedrich-Hund-Platz 1, 37077 Göttingen, Germany","Institute de Astrofisica de Canarias, C/ Via Lactea s/n, E-38200 La Laguna, Spain",7,0.0035211267605633804
"Institut für Astrophysik, Friedrich-Hund-Platz 1, 37077 Göttingen, Germany","Department of Physics, College of Science, Rikkyo University, 3-34-1 Nishi-Ikebukuro, Toshimaku, Tokyo, Japan",1,0.0035211267605633804
"Departament d'Astronomia i Astrofísica, Universidad de Valencia, Dr Moliner 50, E-46100 Burjassot, Spain","Astronomy Department, University of Illinois at Urbana-Champaign, 1002 W. Green Street, Urbana, IL 61801, USA",2,0.041666666666666664
"Institute of Astronomy, University of Cambridge, Cambridge CB3 0HA","Department of Physics, University of Queensland, Brisbane QLD 4072, Australia",1,0.02631578947368421
"University of Tasmania, GPO Box 252-37, Hobart, 7001, Australia","Royal Observatory Edinburgh, Blackford Hill, Edinburgh, EH9 3HJ",1,0.02631578947368421
" Delphon Str., Thessaloniki 546 43, Greece","CNRS, Orsay F-91405, France",1,0.037037037037037035
"Department of Physics, UC Davis, One Shields Ave, Davis, CA 95616, USA","School of Physics and Astronomy, St Andrews University, North Haugh, St Andrews, Fife KY16 9SS",1,0.02
"Department of Physics, UC Davis, One Shields Ave, Davis, CA 95616, USA","Laboratori d'Estudis Geofísics Eduard Fontseré (LEGEF), IEC, E-47. 08001 Barcelona, Spain",1,0.02
"I. A. S. — Planetologia, via Fosso del Cavaliere 100, I-00133 Roma, Italy","CITA, 60 St. George St, Toronto M5S 3H8, ON, Canada",1,0.008130081300813009
"I. A. S. — Planetologia, via Fosso del Cavaliere 100, I-00133 Roma, Italy","Centro de Física, IVIC, Caracas 1020A, Venezuela",1,0.008130081300813009
"I. A. S. — Planetologia, via Fosso del Cavaliere 100, I-00133 Roma, Italy","Astrophysics Group, Cavendish Laboratory, J. J. Thomson Avenue, Cambridge CB3 0HE",1,0.008130081300813009
"Deutsches SOFIA Institut, Universität Stuttgart, Pfaffenwaldring 29, 70569 Stuttgart, Germany","Department of Physics, University of Notre Dame, Notre Dame, IN 46556-5670, USA",1,0.014705882352941176
"Villanova University, Dept. Astron. Astrophys., 800 E Lancaster Ave, Villanova, PA 19085, USA","University of Sheffield, Hicks Building, Hounsfield Road, Sheffield S3 7RH",1,0.07142857142857142
"Astrophysics Group, Department of Physics, UMIST, PO Box 88, Manchester M60 1QD","Elviraland 194, 2591 GM The Hague, the Netherlands",1,0.018518518518518517
"Pontifícia Universidade Católica de Minas Gerais, Rua do Rosário 1081, 32630-000 Betim, MG, Brazil","CEA / SACLAY, 91191 Gif sur Yvette cedex, France",1,0.008403361344537815
"Osservatorio Astronomico di Padova INAF, sede di Asiago, 36012 Asiago (VI), Italy","A. Geminale Department of Astronomy, Vicolo dell'Osservatorio 3, 35122 Padova, Italy",1,0.05263157894736842
"Yale University, New Haven, CT 06520-8101, USA","Big Bear Solar Observatory, New Jersey Institute of Technology, Big Bear City, CA 92314, USA",2,0.011764705882352941
" Department of Physics and Astronomy, University of Canterbury, Private Bag 4800, Christchurch 8140, New Zealand","Centre for Astronomy and Particle Theory, The School of Physics & Astronomy, Nottingham University, University Park Campus, Nottingham NG7 1HR",1,0.00980392156862745
"Astronomy Department, UC Berkeley, Hearst Field Annex B-20, Berkeley, CA 94720-3411, USA","Institut für Astro und Teilchenphysik, Leopold Franzens Universität Innsbruck, Technikerstraße 25/8, A-6020 Innsbruck, Austria",1,0.005208333333333333
"Astronomy Department, UC Berkeley, Hearst Field Annex B-20, Berkeley, CA 94720-3411, USA","University of Western Ontario, Department of Physics and Astronomy London, Ontario, N6A 3K7, Canada",1,0.005208333333333333
"Astronomy Department, University of Illinois at Urbana-Champaign, 1002 W. Green Street, Urbana, IL 61801, USA","Pittsburgh Supercomputing Center, 300 S. Craig Street, Pittsburgh, PA 15213, USA",1,0.014084507042253521
"GREYC CNRS UMR 6072, Image Processing Group, ENSICAEN 14050, Caen Cedex, France","Institutt for Matematiske Realfag, Nordlysobservatoriet, Universitet i Tromsø 9000 Tromsø, Norway",1,0.02040816326530612
" IFAE, Edifici Cn., Campus UAB, E-08193 Bellaterra, Spain","Dipartimento di Fisica e Tecnologie Relative, Università di Palermo, Via Archirafi 36, I-90123 Palermo, Italy",1,0.0070921985815602835
"Lawrence Berkeley National Laboratory, Berkeley, CA, USA","Department of Astronomy, Indiana University, 727 East 3rd Street, Swain West 319, Bloomington, IN 47405, USA",1,0.007633587786259542
"Astronomy Centre, Department of Physics & Astronomy, Pevensey II Building, University of Sussex, Falmer, Brighton BN1 9QH","University of Texas at Austin, Austin, TX 78712–1083, USA",3,0.05555555555555555
"Cavendish Astrophysics, Department of Physics, Madingley Road, Cambridge CB3 0HE","Caltech M/C 249-17, Pasadena, CA 91125, USA",2,0.2
"Foundation for Research and Technology-Hellas, 711 10 Heraklion, Crete, Greece","Anglo-Australian Observatory, Coonabarabran, NSW 2357, Australia",3,0.014925373134328358
"Hosokawa Powder Technology Research Institute, Hirakata, Osaka, Japan","Physics & Astronomy, East Tennessee State University, Johnson City, TN 37614, USA",1,0.01020408163265306
"Cracow Pedagogical University, ul. Podchorazych 2, 30-084 Krakow, Poland","Institute de Astrofisica de Canarias, C/ Via Lactea s/n, E-38200 La Laguna, Spain",3,0.010526315789473684
"Department of Physics & Astronomy, University of Sheffield, Sheffield S3 7RH","Royal Observatory Edinburgh, Blackford Hill, Edinburgh, EH9 3HJ",2,0.05
"CBA-Huelva, Observatorio del CIECEM, Matalascañas, E-21076 Almonte, Huelva, Spain","CBA-Oxford, 5 Silver Lane, West Challow, Wantage OX12 9TX, UK",1,0.05263157894736842
"University of Washington, Department of Physics, Seattle, WA 98195, USA","CNRS, Orsay F-91405, France",1,0.009345794392523364
"SUPA, Institute for Astronomy, University of Edinburgh, Edinburgh EH19 3HJ","The W.J. McDonald Observatory, Fort Davis, TX 79734-9875, USA",1,0.07692307692307693
"University of California at Santa Barbara, California, USA","Astroclub Radebeul, Auf den Ebenbergen 10a, 01445 Radebeul, Germany",1,0.007042253521126761
"University of California at Santa Barbara, California, USA","Department of Physics & Astronomy, Michigan State University, 3255 Biomedical and Physical Sciences Building, East Lansing, MI 48824, USA",2,0.007042253521126761
Apache Point Observatory,"Centre for Space Astrophysics, Yonsei University, Seoul 120-749, Korea",1,0.0136986301369863
"Laboratori d'Estudis Geofísics Eduard Fontseré (LEGEF), IEC, E-47. 08001 Barcelona, Spain","Centre for Astrophysics, Swinburne University of Technology, Australia",1,0.005319148936170213
"Department of Astrophysical Sciences, Princeton University","Caltech M/C 249-17, Pasadena, CA 91125, USA",2,0.015151515151515152
"Astrophysics Group, Physics Department, University of the Western Cape, Private Bag X17, 7535, Bellville, Cape Town, South Africa","Department of Physics, University of Johannesburg, PO Box 524, 2006 Auckland Park, South Africa",1,0.0196078431372549
"IFIC, Universitat de València – CSIC, E-46071 Valencia, Spain","University of Central Florida, Department of Physics, PO Box 162385, Orlando, FL 32816-2385, USA",1,0.030303030303030304
"Abastumani Astrophysical Observatory, Al. Kazbegi Avenue 2a, 0160 Tbilisi, Georgia","INAF — Osservatorio Astronomico di Monte Porzio, Monte Porzio Catone (Roma), Italy",2,0.1111111111111111
"IAFE, Casilla de Correos 67, Suc. 28, Buenos Aires 1428, Argentina","CNRS, Orsay F-91405, France",1,0.017543859649122806
"IAFE, Casilla de Correos 67, Suc. 28, Buenos Aires 1428, Argentina","Foundation for Research and Technology-Hellas, 711 10 Heraklion, Crete, Greece",1,0.017543859649122806
"Applied Physics, Curtin University of Technology, GPO Box U1987, Perth, WA 6845, Australia","Portsmouth Grammar School, High Street, Portsmouth PO1 2LN",1,0.014705882352941176
"Konkoly Observatory, Konkoly Thege M. u. 15-17, H-1121 Budapest, Hungary"," W. Wheatridge Drive, Tucson, AZ, 85704, USA",3,0.0058823529411764705
"Konkoly Observatory, Konkoly Thege M. u. 15-17, H-1121 Budapest, Hungary","GREYC CNRS UMR 6072, Image Processing Group, ENSICAEN 14050, Caen Cedex, France",1,0.0058823529411764705
"Depto. de Física, Instituto Nacional de Investigaciones Nucleares, PO Box 18-1027, México DF 11801, Mexico","Departamento de Física Teórica, C-XI. Universidad Autónoma de Madrid, Madrid E-28049, Spain",1,0.25
"Einstein Fellow/Yale Center for Astronomy and Astrophysics, Yale University, PO Box 208121, New Haven, CT 06520, USA","Fingerprint Digital Media, 9 Victoria Close, Newtownards, Co. Down, BT23 7GY",1,0.2
"RAL Space, STFC-Rutherford Appleton Laboratory, Harwell Campus, Chilton, Didcot, Oxon OX11 0QX","H H Wills Physics Laboratory, Tyndall Avenue, Bristol BS8 1TL, UK",1,0.043478260869565216
"RAL Space, STFC-Rutherford Appleton Laboratory, Harwell Campus, Chilton, Didcot, Oxon OX11 0QX","The Open University, Walton Hall, Milton Keynes MK7 6AA",1,0.043478260869565216
"College of Computing, Georgia Tech, 801 Atlantic Drive, Atlanta, GA 30332, USA","Department of Physics, Western Michigan University, 1120 Everett Tower, Kalamazoo, MI 49008, USA",1,0.02564102564102564
"Department of Physics, Durham University, Durham DH1 3LE","Landessternwarte Heidelberg-Königstuhl, 69117 Heidelberg, Germany",2,0.015151515151515152
"School of Aerospace, Tsinghua University, Beijing 100084, China","Centrum Astronomiczne im. M. Kopernika, Bartycka 18, 00–716 Warszawa, Poland",1,0.045454545454545456
"Institute for Computational Cosmology, Durham University, Durham DH1 3LE","Astroclub Radebeul, Auf den Ebenbergen 10a, 01445 Radebeul, Germany",2,0.0053475935828877
"Institute for Computational Cosmology, Durham University, Durham DH1 3LE","Planning Division, Cardiff University, Park Place, Cardiff CF10 3UA",2,0.0053475935828877
"Institute for Computational Cosmology, Durham University, Durham DH1 3LE","School of Information Technologies, University of Sydney, NSW, 2006, Australia",1,0.0053475935828877
"Department of Chemistry, Chung Yuan Christian University, Jhongli City, Taoyuan County 32023, Taiwan","Abastumani Observatory, Mt Kanobili, 0301 Abastumani, Georgia",1,0.03125
"SISSA/International School for Advanced Studies, Via Beirut 2-4 Trieste 34014, Italy","Eötvös Loránd University, Department of Astronomy, Pázmány Péter sétány 1/A, Budapest, H-1518, Hungary",1,1.0
"Department of Computer Science, Box 1679B, Vanderbilt University, Nashville, TN 37235, USA"," W. Wheatridge Drive, Tucson, AZ, 85704, USA",2,0.030303030303030304
"Electro Optic Systems Pty Limited, 55A Monaro Street, Queanbeyan, NSW 2620, Australia","CREST, Siddalaghatta Road, Hosakote, Bangalore, India",1,0.2
"CSIRO Astronomy and Space Science, Marsfield NSW 2122, Australia","Astrophysics Group, Keele University, Staffordshire ST5 5BG",1,0.022727272727272728
"University of California Irvine, Irvine, CA 92697–4575, USA","University of Western Ontario, Department of Physics and Astronomy London, Ontario, N6A 3K7, Canada",1,0.007518796992481203
"South Africa Astronomical Observatory, Cape Town, South Africa","Institute de Astrofisica de Canarias, C/ Via Lactea s/n, E-38200 La Laguna, Spain",1,0.037037037037037035
"Bisei Spaceguard Center, Japan Spaceguard Association, 1716-3 Ohrura, Bisei-cho, Ibara, Okayama 714-1411, Japan","Landessternwarte Heidelberg-Königstuhl, 69117 Heidelberg, Germany",2,0.02857142857142857
"Department of Physics and Astronomy, University of Leicester, Leicester","IFCA, CSIC-Univ. de Cantabria, Avda. los Castros, s/n, E-39005 Santander, Spain",1,0.030303030303030304
"Wayne State University, 666 W. Hancock Street, Detroit, MI 48201, USA","Department of Astronomy, University of Michigan, 830 Dennison Building, 500 Church St., Ann Arbor, MI 48109, USA",3,0.03333333333333333
"Medve u. 15, H-1027 Budapest, Hungary","INAF - Osservatorio Astronomico di Palermo, Piazza del Parlamento 1, 90134 Palermo, Italy",1,0.25
"CBA (Colorado), Antelope Hils Observatory, 980 Antelope Drive West, Bennet, CO 80102, USA","CBA-West, USA",1,0.06666666666666667
"Department of Physics, Texas Tech University, Box 41051, Lubbock, TX 79409-1051, USA","Afdeling Sterrenkunde, Radboud Universiteit Nijmegen, Faculteit NWI, Postbus 9010, 6500 GL Nijmegen, the Netherlands",1,0.1
"Ohio Supercomputer Center, Columbus, OH 43212, USA","DGA Maîtrise de l’information, BP 7 35998 Rennes Cedex 9, France",1,0.25
"Mathematics Department, University of Manchester, Manchester M13 9PL","Institut fr Umweltphysik, Universität Bremen, Bremen 28359, Deutschland",1,0.005291005291005291
"Jingdezhen Ceramic Institute, Jingdezhen 333001, Jiangxi, China","Beykent University, Faculty of Science and Letters, Department of Mathematics and Computer, Ayazağa 34396, Istanbul, Turkey",1,1.0
"Osservatorio Astronomico di Castelmartini, via Bartolini 1317, 51036 Larciano, Pistoia, Italy","Carnegie Observatories, 813 Santa Barbara Street, Pasadena, CA 91101",1,1.0
"University of Lódź, PL-90236 Lodz, Poland","Japanese MAGIC Consortium, Division of Physics and Astronomy, Kyoto University, Japan",1,0.07692307692307693
"Department of Geology & Astronomy, West Chester University, West Chester, PA 19383, USA","European Southern Observatory, D-85748 Garching bei München, Germany",1,0.030303030303030304
"Department of Physics, Marquette University, PO Box 1881, Milwaukee, WI 53201-1881, USA","NASA/GSFC, 8463 Greenbelt, MD 20770-2548, USA",1,0.0625
"South Station of the Moscow MV Lomonosov State University, Moscow, Russia, P/O Nauchny, UA-98409 Crimea, Ukraine","Department of Physics and Astronomy, Ohio University, 251B Clippinger Lab, Athens, OH 45701, USA",1,0.08333333333333333
"Queen's University Belfast, University Road, Belfast BT7 1NN","Astronomy Group, University of Southampton, Highfield, Southampton SO17 1BJ",2,0.007518796992481203
"Queen's University Belfast, University Road, Belfast BT7 1NN","Mathematics Department, University of Manchester, Manchester M13 9PL",1,0.007518796992481203
"Department of Astronomy, University of Illinois, Urbana, IL 61820, USA"," Pennsylvania State University, Wilkes-Barre Campus, Old Route 115, P.O. Box PSU, Lehman, PA 18627, USA",1,0.25
"INAF-IASF Palermo, Via Ugo La Malfa 153, I-90146 Palermo, Italy","INFN-Roma La Sapienza, P.le A. Moro 2, I-00185 Roma, Italy",1,0.1111111111111111
"Department of Physics, The Applied Math Program, The University of Arizona, AZ 85721, USA","Department of Astronomy, The University of Arizona, AZ 85721, USA",1,1.0
"Key Laboratory of Modern Astronomy and Astrophysics (Nanjing University), Ministry of Education, Nanjing 210093, China","New York University, 4 Washington Place, New York, NY 10003, USA",1,0.14285714285714285
"UCL Department of Physics and Astronomy, London WC1E 6BT, UK","Astroclub Radebeul, Auf den Ebenbergen 10a, 01445 Radebeul, Germany",1,0.043478260869565216
