"NRAL, Jodrell Bank, nr Macclesfield, Cheshire SK11 9DL","Australia National Telescope Facility, CSIRO, PO Box 76, Epping, New South Wales 17190, Australia",18,0.006329113924050633
"NRAL, Jodrell Bank, nr Macclesfield, Cheshire SK11 9DL","Center for Astrophysics & Space Sciences, University of California, San Diego, 9500 Gilman Drive, La Jolla, CA 92093-0424, USA",2,0.006329113924050633
"University of Hertfordshire, Department of Physical Sciences, College Lane, Hatfield, Herts AL10 9AB","Physics & Astronomy Department, UCLA, Box 951562, 405 Hilgard Avenue, Los Angeles, CA 90025-1562, USA",1,0.004347826086956522
"University of Hertfordshire, Department of Physical Sciences, College Lane, Hatfield, Herts AL10 9AB","Department of Astronomy, University of California, Berkeley, CA 92720, USA",2,0.004347826086956522
"SISSA – via Bonomea, 265, I-34136 Trieste, Italy","Institute for Cosmic Ray Research, Univ. of Tokyo, 5-1-5 Kashiwa-no-ha, Kashiwa City, 277-8582 Chiba, Japan",2,0.004651162790697674
"AAVSO, 25 Birch St, Cambridge, MA 02138, USA","Instituto de Ciencias Nucleares (UNAM), Ap.Postal 70-543, CP 04510, México D.F., México",2,0.0024691358024691358
"AAVSO, 25 Birch St, Cambridge, MA 02138, USA","School of Physics & Astronomy, E.C. Stoner Building, University of Leeds, Leeds LS2 9JT",1,0.0024691358024691358
"AAVSO, 25 Birch St, Cambridge, MA 02138, USA","Galaxy View Observatory, Sequim, WA 98382, USA",1,0.0024691358024691358
"Facultad de Ciencias, Universidad Católica del Norte, Antofagasta, Chile","University of Sheffield, Hicks Building, Hounsfield Road, Sheffield S3 7RH",2,0.029411764705882353
"Centre for Theoretical Studies, IIT, Kharagpur 721302, India","Vilnius University Observatory, Ciurlionio 29, Vilnius, Lithuania",1,0.005263157894736842
"CBA (Nelson), 8 Regent Lane, Richmond, Nelson, New Zealand","NASA/GSFC, 8463 Greenbelt, MD 20770-2548, USA",1,0.006578947368421052
"CBA (Nelson), 8 Regent Lane, Richmond, Nelson, New Zealand","Department of Earth Science, National Taiwan Normal University, No 88, Tingzhou Road, Sec. 4, Taipei 11677, Taiwan",1,0.006578947368421052
"Institute of Astronomy, 72 Tsarigradsko Shosse Blvd., 1784 Sofia, Bulgaria","Faculty of Physics, University of Sofia, 5 James Bourchier Blvd., 1164 Sofia, Bulgaria",4,0.009345794392523364
"LAM-UMR 6110, CNRS & Univ. de Provence, 38 rue Fréderic Juliot-Curie, F-13013 Marseille, France","Faculty of Sciences, The University of Southern Queensland, Toowoomba 4350, Australia",5,0.0037313432835820895
"LAM-UMR 6110, CNRS & Univ. de Provence, 38 rue Fréderic Juliot-Curie, F-13013 Marseille, France","I. A. S. — Planetologia, via Fosso del Cavaliere 100, I-00133 Roma, Italy",1,0.0037313432835820895
"Institute of Astronomy, Madingley Road, CB3 0HA, Cambridge","Astronomy Group, University College London, London WC1E 6BT",1,0.0031446540880503146
"MPE, Giessenbachstrasse 1, D-85741 Garching, Germany","CEA / SACLAY, 91191 Gif sur Yvette cedex, France",15,0.003401360544217687
"Department of Physics & Astronomy, University of Kansas, Lawrence, KS 66045, USA","National Observatory of Athens, I. Metaxa & V. Paulou, Athens 15236, Greece",1,0.05555555555555555
"Leiden University, Leiden Observatory, PO Box 9513, NL-2300 RA, Leiden","Subaru Telescope, 650 N. A‘ohōkū Place, Hilo, HI 96720, USA",10,0.00411522633744856
"Leiden University, Leiden Observatory, PO Box 9513, NL-2300 RA, Leiden","Astrophysics & Supercomputing, Swinburne University, Hawthorn VIC 3122, Australia",4,0.00411522633744856
"Leiden University, Leiden Observatory, PO Box 9513, NL-2300 RA, Leiden"," Iowa Street, Ashland, OR 97520, USA",8,0.00411522633744856
"Pittsburgh Supercomputing Center, 300 S. Craig Street, Pittsburgh, PA 15213, USA","Big Bear Solar Observatory, New Jersey Institute of Technology, Big Bear City, CA 92314, USA",3,0.006756756756756757
"University of Texas at Austin, Austin, TX 78712–1083, USA","CBA (Nelson), 8 Regent Lane, Richmond, Nelson, New Zealand",6,0.0058823529411764705
"University of Central Lancashire, Centre for Astrophysics, Preston PR1 2HE","Consejo Superior de Investigaciones Científicas, C/Serrano 117, E-28006 Madrid, Spain",1,0.0044444444444444444
"IZMIRAN, Troitsk, Moscow Region 142190, Russia","C.A.I.S.M.I. – C.N.R., Largo E. Fermi 5, I-50125 Firenze, Italy",1,0.00909090909090909
"IZMIRAN, Troitsk, Moscow Region 142190, Russia","NASA, MSFC, Huntsville, AL 35812, USA",1,0.00909090909090909
"Big Bear Solar Observatory, New Jersey Institute of Technology, Big Bear City, CA 92314, USA","Afeka, Tel Aviv Academic College of Engineering, Tel Aviv 69107, Israel",7,0.002680965147453083
"Big Bear Solar Observatory, New Jersey Institute of Technology, Big Bear City, CA 92314, USA","The University of Leicester, Leicester LE1 7RH",2,0.002680965147453083
"Big Bear Solar Observatory, New Jersey Institute of Technology, Big Bear City, CA 92314, USA","School of Physics, University of Exeter, Exeter EX4 4QL, UK",1,0.002680965147453083
"Big Bear Solar Observatory, New Jersey Institute of Technology, Big Bear City, CA 92314, USA","Sterrewacht Leiden, Neilss Bohrweg 2, Leiden 233CA, the Netherlands",1,0.002680965147453083
"ESO – Karl-Schwarzschild-Str. 2, 85748 Garching bei München, Germany","Institute of Physics, Savanoriu pr. 231, LT‐02300 Vilnius, Lithuania",1,0.0021008403361344537
"ESO – Karl-Schwarzschild-Str. 2, 85748 Garching bei München, Germany","McDonald Observatory, 1 University Station, Austin, TX 78712, USA",1,0.0021008403361344537
"Departamento de Física e Matemática, PURO/Universidade Federal Fluminense, Rua Recife s/n, Rio das Ostras, RJ 28890-000, Brazil","Campus Box 3255, 264 Phillips Hall, Chapel Hill, NC 27599, USA",1,0.01639344262295082
" Dipartimento di Astronomia,Universitá di Padova, Vicolo dell' Osservatorio 3, Padova I-35122, Italy","Fuculty of Science, Kyushu University, Hakozaki, Fukuoka 812-8581, Japan",1,0.00546448087431694
"DGA Maîtrise de l’information, BP 7 35998 Rennes Cedex 9, France","School of Physics and Astronomy, University of Birmingham, Birmingham",3,0.006944444444444444
"DGA Maîtrise de l’information, BP 7 35998 Rennes Cedex 9, France","Bonn University, Auf dem Hügel 71D, 53121 Bonn, Germany",1,0.006944444444444444
"Imperial College London, South Kensington Campus, London SW7 2AZ","McGill University, 3600 rue University, Montreal, QC H3A 2T8, Canada",2,0.00398406374501992
"Imperial College London, South Kensington Campus, London SW7 2AZ","Centre for Space Astrophysics, Yonsei University, Seoul 120-749, Korea",1,0.00398406374501992
"National Observatory of Athens, I. Metaxa & V. Paulou, Athens 15236, Greece","Department of Physics and Astronomy 3905, University of Wyoming, 1000 E. University, Laramie, WY 82071, USA",1,0.010101010101010102
"Department of Physics & Astronomy, University of Leeds, Leeds LS2 9JT","Department of Astronomy, Indiana University, 727 East 3rd Street, Swain West 319, Bloomington, IN 47405, USA",1,0.0625
"Dipartimento di Fisica ‘E. R. Caianiello’, Università di Salerno, Baronissi, Italy","Nagano National College of Technology, Japan",1,0.013333333333333334
"Portsmouth Grammar School, High Street, Portsmouth PO1 2LN","IF-UFRGS, Av. Bento Gonçalves 9500, CEP 91350-050, Porto Alegre, Rio Grande do Sul, Brazil",1,0.004629629629629629
"University of Southampton, School of Physics and Astronomy, Highfield Campus, Southampton, Hampshire SO17 1BJ","ESO, Casilla 19001, Santiago 19, Chile",2,0.01
"UK Astronomy Technology Centre, Edinburgh EH9 3HJ","Caltech M/C 249-17, Pasadena, CA 91125, USA",1,0.015625
"UK Astronomy Technology Centre, Edinburgh EH9 3HJ","Institute for Computational Cosmology, Durham University, Durham DH1 3LE",1,0.015625
" European Space Agency, ESTEC, 2200 AG Noordwijk, the Netherlands","The Boeing Company, 535 Lipoa Pkwy, Kihei, HI 96753, USA",1,0.005681818181818182
" Hewlett Place, Victoria, BC V8S 497, Canada","Astrophysics Group, Cavendish Laboratory, 19 J. J. Thomson Avenue, Cambridge CB3 0HE",1,0.0028735632183908046
"School of Physics and Astronomy, St Andrews University, North Haugh, St Andrews, Fife KY16 9SS","Anglo-Australian Observatory, Coonabarabran, NSW 2357, Australia",7,0.0038022813688212928
" Astronomy Centre, University of Sussex, Falmer, Brighton BN1 9QH","Baumkamp 8, 22299 Hamburg, Germany",1,0.0056179775280898875
"SKA South Africa, 3rd Floor, The Park, Park Road, Pinelands 7405, South Africa","Southwestern University, 1001 E. University Avenue, Georgetown, Texas 78626, USA",2,0.00546448087431694
" Culham Laboratory, Abingdon, Oxfordshire OX14 3DB","ICREA-ICC, University of Barcelona, Barcelona 08028, Spain",1,0.011494252873563218
"RIKEN, Chiyoda-ku, Tokyo 100-0005, Japan","Institute of Astronomy, Madingley Road, CB3 0HA, Cambridge",2,0.004
"RIKEN, Chiyoda-ku, Tokyo 100-0005, Japan","Fermi National Accelerator Laboratory, Box 500, Batavia, IL 60510, USA",2,0.004
"RIKEN, Chiyoda-ku, Tokyo 100-0005, Japan","Hida Observatory, Graduate School of Science, Kyoto University, Kamitakara, Takayama, Gifu 506-1314, Japan",29,0.004
"RIKEN, Chiyoda-ku, Tokyo 100-0005, Japan","Centre for Computational Sciences, University of Tsukuba, Ten-nodai, 1-1-1 Tsukuba, Ibaraki 305-8577, Japan",4,0.004
"A. Geminale Department of Astronomy, Vicolo dell'Osservatorio 3, 35122 Padova, Italy","Haverford College, Astronomy Department, 370 Lancaster Avenue, Haverford, Pennsylvania, USA",3,0.0034602076124567475
"Fuculty of Science, Kyushu University, Hakozaki, Fukuoka 812-8581, Japan","Royal Observatory Edinburgh, Blackford Hill, Edinburgh, EH9 3HJ",3,0.009345794392523364
"Fuculty of Science, Kyushu University, Hakozaki, Fukuoka 812-8581, Japan","Institut für Astrophysik, Friedrich-Hund-Platz 1, 37077 Göttingen, Germany",2,0.009345794392523364
"Argonne National Laboratory, 9700 S. Cass Avenue, Lemont, IL 60439, USA"," Theoretical Astrophysics Center, Juliane Maries Vej 30, DK-2100 Copenhagen Ø, Denmark",3,0.005319148936170213
"Astronomy Group, University of Southampton, Highfield, Southampton SO17 1BJ","Landessternwarte Heidelberg-Königstuhl, 69117 Heidelberg, Germany",4,0.005154639175257732
"Astronomy Group, University of Southampton, Highfield, Southampton SO17 1BJ","Department of Physics and UFS-Boyden Observatory, University of the Free State (UFS), Bloemfontein 9300, South Africa",1,0.005154639175257732
"INAF - Osservatorio Astronomico di Palermo, Piazza del Parlamento 1, 90134 Palermo, Italy","IFCA, CSIC-Univ. de Cantabria, Avda. los Castros, s/n, E-39005 Santander, Spain",1,0.0027397260273972603
"INAF - Osservatorio Astronomico di Palermo, Piazza del Parlamento 1, 90134 Palermo, Italy","Merrowinger str. 10, D-40223 Düsseldorf, Germany",16,0.0027397260273972603
"INAF - Osservatorio Astronomico di Palermo, Piazza del Parlamento 1, 90134 Palermo, Italy","University of Pennsylvania, Philadelphia, PA 19104, USA",7,0.0027397260273972603
" 14th Street, Suite 1207, Oakland, CA 94612, USA","University of Leicester, Space Research Centre, University Road, Leicester LE1 7RH",2,0.006211180124223602
" 14th Street, Suite 1207, Oakland, CA 94612, USA","Agenzia Spaziale Italiana (ASI) Science Data Center, I-00044 Frascati (Roma), Italy",1,0.006211180124223602
"Macquarie University, Sydney, NSW 2109, Australia","Astronomy Group, University of Southampton, Highfield, Southampton SO17 1BJ",1,0.00847457627118644
"Macquarie University, Sydney, NSW 2109, Australia","OASU-L3ABordeaux, CNRS UMR 5804, BP 89, 33270 Floirac, France",1,0.00847457627118644
", Avenue d Italie, F-75013, Paris, France","Princeton University Observatory, Ivy Lane, Princeton, NJ 08544, USA",3,0.0031746031746031746
"ISAS/JAXA, 3-1-1 Yoshinodai, 229-8510 Sagamihara, Japan","Portsmouth Grammar School, High Street, Portsmouth PO1 2LN",1,0.011111111111111112
"ISAS/JAXA, 3-1-1 Yoshinodai, 229-8510 Sagamihara, Japan"," Korea Astronomy and Space Science Institute, 61-1 Hwaamdong, Yuseong-gu, Daejeon 305–348, Korea",2,0.011111111111111112
"Ulugh Beg Astronomical Institute, Tashkent 700052, Uzbekistan","Eureka Scientific, USA",1,0.00558659217877095
"Ulugh Beg Astronomical Institute, Tashkent 700052, Uzbekistan","University of Maryland, College Park, MD 20742, USA",1,0.00558659217877095
"Ulugh Beg Astronomical Institute, Tashkent 700052, Uzbekistan","Department of Physics, 84 Lomb Memorial Drive, Rochester, NY 14623, USA",2,0.00558659217877095
"School of Physics and Astronomy, Southampton University, Highfield, Southampton SO17 1BJ","Blackett Laboratory Optics Section, Imperial College, London SW7 2BZ",3,0.024390243902439025
"School of Physics and Astronomy, Southampton University, Highfield, Southampton SO17 1BJ"," Space Sciences Building, Cornell University, Ithaca, NY 14853, USA",1,0.024390243902439025
"Raman Research Institute, Sadashivanagar, C. V. Raman Avenue, Bangalore 560080, India","Department of Astronomy, University of Michigan, 830 Dennison Building, 500 Church St., Ann Arbor, MI 48109, USA",1,0.005291005291005291
"Raman Research Institute, Sadashivanagar, C. V. Raman Avenue, Bangalore 560080, India","Department of Physics, University of Zambia, PO Box 32379, Lusaka, Zambia",1,0.005291005291005291
"Royal Observatory Edinburgh, Blackford Hill, Edinburgh, EH9 3HJ","WIYN Inc., 950 North Cherry Avenue, Tucson, Arizona, USA",1,0.0027100271002710027
"Royal Observatory Edinburgh, Blackford Hill, Edinburgh, EH9 3HJ","Jet Propulsion Laboratory, Pasadena, CA 91109-8099, USA",5,0.0027100271002710027
"Royal Observatory Edinburgh, Blackford Hill, Edinburgh, EH9 3HJ","Institute of Astronomy, University of Cambridge, Madingley Road, Cambridge, CB3 0HA",1,0.0027100271002710027
"Subaru Telescope, 650 N. A‘ohōkū Place, Hilo, HI 96720, USA","Centre for Astrophysics Research, University of Hertfordshire, Hatfield",26,0.003278688524590164
"Space Science Institute, 4750 Walnut Street, Boulder Suite 205, CO 80301, USA","University of Central Lancashire, Centre for Astrophysics, Preston PR1 2HE",1,0.0031645569620253164
"Space Science Institute, 4750 Walnut Street, Boulder Suite 205, CO 80301, USA","Astronomy Department, University of Wisconsin‐Madison, 475 North Charter Street, Madison, WI 53706‐1582, USA",1,0.0031645569620253164
"Space Science Institute, 4750 Walnut Street, Boulder Suite 205, CO 80301, USA","University of Pittsburgh, Pittsburgh, PA, 15260, USA",1,0.0031645569620253164
"Institute de Astrofisica de Canarias, C/ Via Lactea s/n, E-38200 La Laguna, Spain","Astrokolkhoz Observatory, PO Box 1351 Cloudcroft, NM 88317, USA",3,0.0027548209366391185
"Blackett Laboratory Optics Section, Imperial College, London SW7 2BZ","INAF - Osservatorio Astronomico di Palermo, Piazza del Parlamento 1, 90134 Palermo, Italy",21,0.0024875621890547263
"Blackett Laboratory Optics Section, Imperial College, London SW7 2BZ","Liverpool John Moores University, Birkenhead CH41 1LD",17,0.0024875621890547263
"Blackett Laboratory Optics Section, Imperial College, London SW7 2BZ","Chinese Academy of Sciences, Beijing Astronomical Observatory, China",2,0.0024875621890547263
"Blackett Laboratory Optics Section, Imperial College, London SW7 2BZ","Departamento de Física y Arquitectura de Computadores, Universidad Miguel Hernández de Elche, 03202-Elche, Spain",2,0.0024875621890547263
"Blackett Laboratory Optics Section, Imperial College, London SW7 2BZ","Cyprus College, 6 Diogenes Street, Engomi, P.O. Box 22006, 1516 Nicosia, Cyprus",6,0.0024875621890547263
"CERN, CH-1211 Geneva 23, Switzerland","Astronomy Department, University of Florida, Gainesville, Florida, 32611, USA",1,0.0040650406504065045
"School of Computer Science and IT, University of Nottingham, Nottingham NG8 1BB","Afdeling Sterrenkunde, Radboud Universiteit Nijmegen, Faculteit NWI, Postbus 9010, 6500 GL Nijmegen, the Netherlands",1,0.006134969325153374
"University of Leicester, Space Research Centre, University Road, Leicester LE1 7RH","Department of Physics and Astronomy, University of Sussex, Brighton, East Sussex BN1 9QH",2,0.005076142131979695
"University of Leicester, Space Research Centre, University Road, Leicester LE1 7RH","CSIRO Astronomy and Space Science, Marsfield NSW 2122, Australia",1,0.005076142131979695
"Astrokolkhoz Observatory, PO Box 1351 Cloudcroft, NM 88317, USA","Leiden University, Leiden Observatory, PO Box 9513, NL-2300 RA, Leiden",1,0.005649717514124294
"Astrokolkhoz Observatory, PO Box 1351 Cloudcroft, NM 88317, USA","Konkoly Observatory, Konkoly Thege M. u. 15-17, H-1121 Budapest, Hungary",1,0.005649717514124294
"CITA, 60 St. George St, Toronto M5S 3H8, ON, Canada","University of Hertfordshire, Department of Physical Sciences, College Lane, Hatfield, Herts AL10 9AB",2,0.00625
"Anglo-Australian Observatory, Coonabarabran, NSW 2357, Australia","LATMOS-CNRS, 11 boulevard d'Alembert, 78280 Guyancourt, France",4,0.0048543689320388345
"Theoretical Astrophysics, University of Tübingen, IAAT, Auf der Morgenstelle 10, Tübingen 72076, Germany","Department of Physics and Astronomy, PO Box 87150, Arizona State University, Tempe, AZ 85287-1504, USA",2,0.014285714285714285
"Caltech M/C 249-17, Pasadena, CA 91125, USA","Herzberg Institute of Astrophysics, 5071 West Saanich Road Victoria, British Columbia, V9E 2E7, Canada",2,0.003048780487804878
"NASA Ames, Moffett Field, CA 94035, USA","Department of Physics and Asrtronomy, James Madison University, 901 Carrier Dr., Harrisonburg, VA 22807, USA",1,0.007246376811594203
"NASA Ames, Moffett Field, CA 94035, USA","University of Wisconsin, 475 N. Charter St, Madison, WI 53706, USA",1,0.007246376811594203
"Afeka, Tel Aviv Academic College of Engineering, Tel Aviv 69107, Israel","University of Washington, Department of Physics, Seattle, WA 98195, USA",1,0.00684931506849315
"Department of Physics and Astronomy, University of Aarhus, Ny Munkegade, Building 1520, DK 8000 Aarhus C, Denmark"," 14th Street, Suite 1207, Oakland, CA 94612, USA",2,0.013333333333333334
"Centre de Physique Théorique de Marseille, 13288 Marseille, France"," Astronomy Centre, University of Sussex, Falmer, Brighton BN1 9QH",1,0.0035842293906810036
"INAF — Osservatorio Astronomico di Monte Porzio, Monte Porzio Catone (Roma), Italy","Johns Hopkins University, 3400 N. Charles Street, 21218, Baltimore, MD, USA",2,0.003968253968253968
"INAF — Osservatorio Astronomico di Monte Porzio, Monte Porzio Catone (Roma), Italy","Osservatorio Astronomico di Castelmartini, via Bartolini 1317, 51036 Larciano, Pistoia, Italy",1,0.003968253968253968
"School of GeoSciences, University of Edinburgh, Grant Institute, The King's Buildings, West Mains Road, Edinburgh EH9 3JW","NOAO, PO Box 26732, Tucson, AZ 85726-6732, USA",1,0.058823529411764705
"Dipartimento di Fisica e Tecnologie Relative, Università di Palermo, Via Archirafi 36, I-90123 Palermo, Italy","CIEMAT, Avda. Complutense 22, 28040 Madrid, Spain",3,0.006622516556291391
"Dipartimento di Fisica e Tecnologie Relative, Università di Palermo, Via Archirafi 36, I-90123 Palermo, Italy","Center for Astrophysics & Space Sciences, University of California, San Diego, 9500 Gilman Drive, La Jolla, CA 92093-0424, USA",2,0.006622516556291391
"CBA-Belgium. Walhostraat 1A, B-3401 Landen, Belgium","CBA-Denmark, Søndervej 38, DK-8350 Hundslund, Denmark",1,0.0053475935828877
" IUCAA, Ganeshkhind, Pune 411007, India","Special Astrophysical Observatory RAS, Karachaevo-Cherkassian res, Nizhnij Arkhyz 36916, Russia",8,0.007352941176470588
"IFCA, CSIC-Univ. de Cantabria, Avda. los Castros, s/n, E-39005 Santander, Spain","Institut for Fysik og Astronomi (IFA), Aarhus Universitet, 8000 Aarhus, Denmark",1,0.005780346820809248
"ASTRON, PO Box 2, NL-7990 AA Dwingeloo, the Netherlands","University of Sheffield, Hicks Building, Hounsfield Road, Sheffield S3 7RH",6,0.003787878787878788
"ASTRON, PO Box 2, NL-7990 AA Dwingeloo, the Netherlands","Chalmers Tekniska Högskola, SE-412 96 Gothenburg, Sweden",8,0.003787878787878788
"ASTRON, PO Box 2, NL-7990 AA Dwingeloo, the Netherlands","Astrofísica da Universidade do Porto, Rua das Estrelas, 4150-762 Porto, Portugal",1,0.003787878787878788
"ASTRON, PO Box 2, NL-7990 AA Dwingeloo, the Netherlands"," School of Physics, University of New South Wales, Sydney, NSW 2052, Australia",2,0.003787878787878788
"ASTRON, PO Box 2, NL-7990 AA Dwingeloo, the Netherlands","CASA, University of Colorado, 389 UCB, Boulder, CO 80309-0389, USA",7,0.003787878787878788
"ASTRON, PO Box 2, NL-7990 AA Dwingeloo, the Netherlands","Mount Stromlo and Siding Spring Observatories, Private Bag, Weston Creek PO, Weston, ACT 2611, Australia",2,0.003787878787878788
"ASTRON, PO Box 2, NL-7990 AA Dwingeloo, the Netherlands","Tartu Observatory, 61602 Tõravere, Estonia",1,0.003787878787878788
"Astrophysics Group, University of Exeter, Stocker Road, Exeter EX4 4QL, UK","Max Planck Institute for Solar System Research, Max-Planck Str. 2, 37191, Katlenburg-Lindau, Germany",1,0.006211180124223602
"Department of Physics & Astronomy, 12 Physics Building, Iowa State University, Ames, IA 50011, USA","Centre for Theoretical Studies, IIT, Kharagpur 721302, India",2,0.009259259259259259
"Physics Department, University of Warwick, Coventry CV4 7AL","Sharif University of Technology, Tehran, Iran",2,0.006329113924050633
"ARCSEC, 98 Gunja-Dong, Gwangjin-Gu, Seoul 143-747, Sejong University, South Korea","Yale University, New Haven, CT 06520-8101, USA",1,0.03333333333333333
"Astrophysics, NAPL, Keble Road, Oxford OX1 3RH"," The Observatories of the Carnegie Institution for Science, Pasadena, CA, USA",2,0.01020408163265306
" Space Sciences Laboratory, University of California, Berkeley, CA, USA","Swinburne University of Technology, Melbourne, Victoria 3122, Australia",1,0.02127659574468085
"H H Wills Physics Laboratory, Tyndall Avenue, Bristol BS8 1TL, UK"," Culham Laboratory, Abingdon, Oxfordshire OX14 3DB",1,0.005813953488372093
"H H Wills Physics Laboratory, Tyndall Avenue, Bristol BS8 1TL, UK","Lawrence Berkeley National Laboratory, Berkeley, CA, USA",1,0.005813953488372093
"Eureka Scientific, USA","Department of Physics, Drexel University, 3141 Chestnut Street, Philadelphia, PA 19104, USA",1,0.005128205128205128
"Astronomy Department, University of Wisconsin‐Madison, 475 North Charter Street, Madison, WI 53706‐1582, USA","Department of Physics and Astronomy, Rutgers, the State University of New Jersey, 136 Frelinghuysen Road, Piscataway, NJ 08854-8019, USA",2,0.010638297872340425
"School of Physics and Astronomy, University of Birmingham, Birmingham"," Hewlett Place, Victoria, BC V8S 497, Canada",8,0.007246376811594203
"School of Physics and Astronomy, University of Birmingham, Birmingham","Uppsala Astronomical Observatory, Box 515, S-75120 Uppsala, Sweden",1,0.007246376811594203
"NASA, MSFC, Huntsville, AL 35812, USA","H H Wills Physics Laboratory, Tyndall Avenue, Bristol BS8 1TL, UK",3,0.008928571428571428
"Research Center of Astronomy, Academy of Athens, Anagnostopoulou 14, GR-10673 Athens, Greece","ETH Zürich, 8093 Zürich, Switzerland",1,0.043478260869565216
"CIEMAT, Avda. Complutense 22, 28040 Madrid, Spain","INFN Pavia, Via A. Bassi 6, I-27100 Pavia, Italy",1,0.002976190476190476
"Fakultät für Mathematik, Ruhr-University of Bochum, Mathematik III, NA 3/70, Universitätsstraße 150, 44780 Bochum, Germany","ESO, Casilla 19001, Santiago 19, Chile",2,0.015625
"Trinity College Dublin, College Green Dublin 2, Ireland","LAM-UMR 6110, CNRS & Univ. de Provence, 38 rue Fréderic Juliot-Curie, F-13013 Marseille, France",2,0.006060606060606061
" W. Wheatridge Drive, Tucson, AZ, 85704, USA","CBA-Belgium. Walhostraat 1A, B-3401 Landen, Belgium",1,0.0025575447570332483
" W. Wheatridge Drive, Tucson, AZ, 85704, USA","Korea Institute for Advanced Study, 207-43 Cheongryangri-dong Dongdaemun-gu, Seoul 130-012, Korea",10,0.0025575447570332483
" W. Wheatridge Drive, Tucson, AZ, 85704, USA","Institute for Solar-Terrestrial Physics, PO Box 4026, Irkutsk, 664033, Russia",1,0.0025575447570332483
" The Observatories of the Carnegie Institution for Science, Pasadena, CA, USA","University of California, San Diego, La Jolla, CA, USA",2,0.014492753623188406
"Swarthmore College, Swarthmore, PA 19081, USA","Tata Institute of Fundamental Research, Mumbai 400 005, India",1,0.003937007874015748
"Swarthmore College, Swarthmore, PA 19081, USA","Astronomy Department, UC Berkeley, Hearst Field Annex B-20, Berkeley, CA 94720-3411, USA",1,0.003937007874015748
"Swarthmore College, Swarthmore, PA 19081, USA","University of California Irvine, Irvine, CA 92697–4575, USA",2,0.003937007874015748
"John von Neumann Institute for Computing, Forschungszentrum Jülich, D-52425 Jülich, Germany","Royal Observatory, Institute of Astronomy, Edinburgh EH9 3HJ",1,0.07692307692307693
" Borrowdale Walk, Northampton NN3 6PW","Physics and Astronomy, Cardiff University, Wales",1,0.030303030303030304
" Osservatorio Astronomico di Brera, Via Bianchi 46, I-23807 Merate (LC), Italy","Institute of Astronomy, Madingley Road, CB3 0HA, Cambridge",10,0.005917159763313609
" Osservatorio Astronomico di Brera, Via Bianchi 46, I-23807 Merate (LC), Italy","Fermi National Accelerator Laboratory, Box 500, Batavia, IL 60510, USA",1,0.005917159763313609
" Osservatorio Astronomico di Brera, Via Bianchi 46, I-23807 Merate (LC), Italy","Siena College, 515 Loudon Road, Loudonville, NY 12211,USA",1,0.005917159763313609
"Department of Earth & Planetary Science, Washington University, 1 Brookings Drive, St Louis, MO 63110, USA","Physics and Astronomy, University of Missouri, Columbia, MO 65211, USA",1,0.09090909090909091
"OASU-L3ABordeaux, CNRS UMR 5804, BP 89, 33270 Floirac, France","Landessternwarte Heidelberg-Königstuhl, 69117 Heidelberg, Germany",2,0.004608294930875576
"OASU-L3ABordeaux, CNRS UMR 5804, BP 89, 33270 Floirac, France","Villanova University, Dept. Astron. Astrophys., 800 E Lancaster Ave, Villanova, PA 19085, USA",1,0.004608294930875576
"OASU-L3ABordeaux, CNRS UMR 5804, BP 89, 33270 Floirac, France","Department of Astronomy, University of Florida, FL 32611-2055, USA",1,0.004608294930875576
"Liverpool John Moores University, Birkenhead CH41 1LD","IFCA, CSIC-Univ. de Cantabria, Avda. los Castros, s/n, E-39005 Santander, Spain",2,0.0031746031746031746
"Liverpool John Moores University, Birkenhead CH41 1LD","Merrowinger str. 10, D-40223 Düsseldorf, Germany",6,0.0031746031746031746
"Liverpool John Moores University, Birkenhead CH41 1LD","Department of Physics, University of Oxford, Oxford OX1 3PU",1,0.0031746031746031746
"Liverpool John Moores University, Birkenhead CH41 1LD","CEPSR, Open University, Milton Keynes",1,0.0031746031746031746
"Baumkamp 8, 22299 Hamburg, Germany","MPE, Giessenbachstrasse 1, D-85741 Garching, Germany",2,0.0064516129032258064
" East 58th Street, Chicago, IL 60615, USA","Portsmouth Grammar School, High Street, Portsmouth PO1 2LN",1,0.006289308176100629
" East 58th Street, Chicago, IL 60615, USA","Department of Physics & Astronomy, University Louisville, Louisville, KY 40292, USA",1,0.006289308176100629
"Kehäkukantie 3B, 00720 Helsinki, Finland","Blackett Laboratory Optics Section, Imperial College, London SW7 2BZ",9,0.00684931506849315
"Kehäkukantie 3B, 00720 Helsinki, Finland"," Space Sciences Building, Cornell University, Ithaca, NY 14853, USA",1,0.00684931506849315
"Kehäkukantie 3B, 00720 Helsinki, Finland","MPIfR, Auf dem Hügel, 53121 Endenich, Bonn, Germany",1,0.00684931506849315
"Princeton University Observatory, Ivy Lane, Princeton, NJ 08544, USA","University of Durham, South Rd, Durham DH1 3LE",2,0.00909090909090909
"Princeton University Observatory, Ivy Lane, Princeton, NJ 08544, USA","ICRANet, p.le della Repubblica 10, I-65100 Pescara, Italy",1,0.00909090909090909
"CEA / SACLAY, 91191 Gif sur Yvette cedex, France","Theoretical Astrophysics, University of Tübingen, IAAT, Auf der Morgenstelle 10, Tübingen 72076, Germany",1,0.003205128205128205
"Instituto de Radio Astronomía Milimétrica, E-18012 Granada, Spain","Department of Astronomy, San Diego State University, 5500 Campanile Drive, San Diego, CA 92182-1221, USA",2,0.0031847133757961785
"Australian National University, Canberra, ACT, Australia","University of Central Lancashire, Centre for Astrophysics, Preston PR1 2HE",7,0.003952569169960474
"Hankasalmi Observatory, Kyllikinkatu 1, FI-40100 Jyväskylä, Finland","Tuorla Observatory, Väisäläntie 20, FIN-21500, Piikkiö, Finland",2,0.030303030303030304
"American Museum of Natural History, 79th Street at Central Park West, New York, NY 10024-5192, USA","CBA-Arkansas, 7021 Whispering Pine, Harrison, AR 72601, USA",1,0.009615384615384616
"ESO, Casilla 19001, Santiago 19, Chile","Raman Research Institute, Sadashivanagar, C. V. Raman Avenue, Bangalore 560080, India",2,0.002702702702702703
"ESO, Casilla 19001, Santiago 19, Chile","Astronomical Observatory Belgrade, Volgina 7, 11000 Belgrade, Serbia, Yugoslavia",3,0.002702702702702703
"ESO, Casilla 19001, Santiago 19, Chile","Department of Astrophysics, Astronomy and Mechanics, Faculty of Physics, University of Athens, 15784 Zografos, Athens, Greece",1,0.002702702702702703
"Centro de Física, IVIC, Caracas 1020A, Venezuela","University of Hertfordshire, Department of Physical Sciences, College Lane, Hatfield, Herts AL10 9AB",1,0.006097560975609756
"Department of Physics and Astronomy, University of Hawaii - Hilo, 200 West Kawili Street, Hilo, Hawaii, 96720-4091, USA","Rudolf Peierls Centre for Theoretical Physics, Oxford",1,0.05263157894736842
"IFCAI-CNR, via La Malfa 153, I-90146 Palermo, Italy","Department of Physics and Astronomy, PO Box 87150, Arizona State University, Tempe, AZ 85287-1504, USA",1,1.0
"DiSBeF – Università degli Studi di Urbino ‘Carlo Bo’, I-61029 Urbino, Italy","Department of Mathematical Sciences, Durham University, South Road, Durham DH1 3LE, UK",2,0.0055248618784530384
"Academia Sinica Institute of Astronomy and Astrophysics (ASIAA), PO Box 23, Taipei 106, Taiwan","Las Cumbres Observatory Global Telescope Network, 6740 Cortona Drive, Suite 102, Santa Barbara, CA 93117, USA",1,0.009174311926605505
"The University of Leicester, Leicester LE1 7RH","CITA, 60 St. George St, Toronto M5S 3H8, ON, Canada",2,0.005847953216374269
"The University of Leicester, Leicester LE1 7RH","Queen's University Belfast, University Road, Belfast BT7 1NN",6,0.005847953216374269
"Address at time of contribution to this work: School of Chemistry, University of Nottingham, University Park, Nottingham NG7 2RD"," Astronomy Centre, University of Sussex, Falmer, Brighton BN1 9QH",21,0.004545454545454545
"Address at time of contribution to this work: School of Chemistry, University of Nottingham, University Park, Nottingham NG7 2RD","Minnesota Institute for Astrophysics, University of Minnesota, 116 Church Street SE, Minneapolis, MN 55455, USA",1,0.004545454545454545
"Department of Physics, The University of Durham, Durham DH1 3LE","Australia National Telescope Facility, CSIRO, PO Box 76, Epping, New South Wales 17190, Australia",1,0.017857142857142856
"Korea Institute for Advanced Study, 207-43 Cheongryangri-dong Dongdaemun-gu, Seoul 130-012, Korea","University of Michigan, 1517 Space Research Building, Ann Arbor, MI 48109–2143, USA",1,0.006896551724137931
" Physics and Astronomy, Louisiana State University, Baton Rouge, LA 70803, USA","Elviraland 194, 2591 GM The Hague, the Netherlands",1,0.04
"Astronomy Group, The Denys Wilkinson Building, Keble Road, Oxford OX1 3RH","Argelander-Institut für Astronomie, Auf dem Hügel 71, Bonn",3,0.004347826086956522
"The Open University, Walton Hall, Milton Keynes MK7 6AA"," Culham Laboratory, Abingdon, Oxfordshire OX14 3DB",5,0.0048543689320388345
"Middle East Technical University's Amateur Astronomical Society, Ankara, Turkey","Subaru Telescope, 650 N. A‘ohōkū Place, Hilo, HI 96720, USA",1,0.043478260869565216
" rue des Battieux 2000 Neuchatel, Switzerland","ANS Collaboration, c/o Osservatorio Astronomico, via dell'Osservatorio 8, 36012 Asiago (VI), Italy",1,0.007462686567164179
"Chalmers Tekniska Högskola, SE-412 96 Gothenburg, Sweden"," ATC, Astrophysics Group, Cavendish Laboratory, Madingley Road, Cambridge CB3 0HE",3,0.006134969325153374
"Dipartimento di Fisica della Materia e Tecnologie Fisiche Avanzate, Università di Messina, Salita Sperone 31, 98166 Messina, Italy","AAVSO, 25 Birch St, Cambridge, MA 02138, USA",1,0.3333333333333333
"Armagh Observatory, College Hill, Armagh BT61 9DG","LAM-UMR 6110, CNRS & Univ. de Provence, 38 rue Fréderic Juliot-Curie, F-13013 Marseille, France",3,0.010309278350515464
"Institute for Astronomy, 2680 Woodlawn Dr, Honolulu, HI 96822, USA","DAMTP, Wilberforce Road, Cambridge CB3 0HA",2,0.005208333333333333
" Greenland Drive, Drouin 3818, Victoria, Australia","Astronomical Institute, Utrecht University, Postbus 80000, 3508 TA Utrecht, the Netherlands",1,0.007462686567164179
"Royal Military College of Canada, Department of Physics, PO Box 17000, Station ‘Forces‘, Kingston, Ontario, Canada K7K 4B4","Department of Geology & Astronomy, West Chester University, West Chester, PA 19383, USA",4,0.014705882352941176
"The Weizmann Institute Centre for Astrophysics, Rehovot 76100, Israel","US Naval Observatory, 10391 West Naval Observatory Road, Flagstaff, AZ 86001-8521, USA",1,0.011235955056179775
" Theoretical Astrophysics Center, Juliane Maries Vej 30, DK-2100 Copenhagen Ø, Denmark"," Brightwater Road, Blackmans Bay, Tasmania 7052, Australia",1,0.004016064257028112
"Department of Physics and Astronomy, University of Kentucky, 177 Chemistry/Physics Building, Lexington, KY 40506, USA","Institute de Astrofisica de Canarias, C/ Via Lactea s/n, E-38200 La Laguna, Spain",2,0.045454545454545456
"Astrophysics Group, Keele University, Staffordshire ST5 5BG","Instituto de Astronomía-UNAM, Km 103 Carretera Tijuana Ensenada, 422860 Ensenada (Baja Cfa), Mexico",1,0.004672897196261682
"Planning Division, Cardiff University, Park Place, Cardiff CF10 3UA","Center for Particle Cosmology, University of Pennsylvania 209 S. 33rd Street, Philadelphia, PA 19104-6396, USA",1,0.012048192771084338
"Abteilung Bioklimatologie, Universität Göttingen, Büsgenweg 2, D-37077 Göttingen, Germany","INAF – IASF Milano, 20133 Milano, Italy",1,0.009345794392523364
"CNRS, Orsay F-91405, France","Landessternwarte Heidelberg-Königstuhl, 69117 Heidelberg, Germany",2,0.011363636363636364
"CNRS, Orsay F-91405, France","Villanova University, Dept. Astron. Astrophys., 800 E Lancaster Ave, Villanova, PA 19085, USA",1,0.011363636363636364
"Chinese Academy of Sciences, Beijing Astronomical Observatory, China","Merrowinger str. 10, D-40223 Düsseldorf, Germany",2,0.005434782608695652
" Cavendish Laboratory, University of Cambridge, 19 JJ Thomson Avenue,Cambridge CB3 0HE","University of British Columbia, 6224 Agricultural Road Vancouver, BC V6T 1Z1 Canada",1,0.014492753623188406
" Cavendish Laboratory, University of Cambridge, 19 JJ Thomson Avenue,Cambridge CB3 0HE","Cardiff University, Queen's Buildings, 5 The Parade, Cardiff CF24 3YB",2,0.014492753623188406
"IPD, UNIVAP, São José dos Campos, SP, 12244-000, Brazil",", Avenue d Italie, F-75013, Paris, France",3,0.008333333333333333
"IPD, UNIVAP, São José dos Campos, SP, 12244-000, Brazil","Institut für Physik und Astronomie, Universität Potsdam, University Campus Golm, Haus 28, Karl-Liebknecht-Str. 24/25, 14476 Potsdam, Germany",1,0.008333333333333333
"Institut für Astrophysik, Friedrich-Hund-Platz 1, 37077 Göttingen, Germany","WIYN Inc., 950 North Cherry Avenue, Tucson, Arizona, USA",1,0.0035211267605633804
"Instituto de Astronomia, Geofísica e Ciências Atmosféricas — USP, Brazil","SKA South Africa, 3rd Floor, The Park, Park Road, Pinelands 7405, South Africa",1,0.014705882352941176
"Astronomy Department, The University of Texas at Austin, 1 University Station C1400, Austin, Texas 78712‐0259, USA","Elviraland 194, 2591 GM The Hague, the Netherlands",1,0.01639344262295082
"I. A. S. — Planetologia, via Fosso del Cavaliere 100, I-00133 Roma, Italy","INFN-Roma La Sapienza, P.le A. Moro 2, I-00185 Roma, Italy",1,0.008130081300813009
"Pontifícia Universidade Católica de Minas Gerais, Rua do Rosário 1081, 32630-000 Betim, MG, Brazil","McGill University, 3600 rue University, Montreal, QC H3A 2T8, Canada",1,0.008403361344537815
"Pontifícia Universidade Católica de Minas Gerais, Rua do Rosário 1081, 32630-000 Betim, MG, Brazil","Centre for Space Astrophysics, Yonsei University, Seoul 120-749, Korea",2,0.008403361344537815
"Northwestern University, Dearborn Observatory, 2131 Tech Drive, Evanston, IL 60208-2900, USA","The Open University, Walton Hall, Milton Keynes MK7 6AA",1,0.021739130434782608
"US Naval Observatory, 10391 West Naval Observatory Road, Flagstaff, AZ 86001-8521, USA","Nagano National College of Technology, Japan",1,0.034482758620689655
"Yale University, New Haven, CT 06520-8101, USA","The Weizmann Institute Centre for Astrophysics, Rehovot 76100, Israel",2,0.011764705882352941
"School of Mathematical Sciences, Monash University, Victoria, 3800, Australia","Address at time of contribution to this work: School of Chemistry, University of Nottingham, University Park, Nottingham NG7 2RD",4,0.014084507042253521
"School of Mathematical Sciences, Monash University, Victoria, 3800, Australia","Universitá di Padova, Vicolo dell' Osservatorio 3-35122, Italy",1,0.014084507042253521
"Lawrence Berkeley National Laboratory, Berkeley, CA, USA","ICREA-ICC, University of Barcelona, Barcelona 08028, Spain",1,0.007633587786259542
"Department of Physics, Faculty of Science, University of Novi Sad, Trg Dositeja Obradovića 4, 21000 Novi Sad, Serbia","Astronomy Department, University of Illinois at Urbana-Champaign, 1002 W. Green Street, Urbana, IL 61801, USA",1,0.25
"Institutt for Matematiske Realfag, Nordlysobservatoriet, Universitet i Tromsø 9000 Tromsø, Norway","Cracow Pedagogical University, ul. Podchorazych 2, 30-084 Krakow, Poland",1,0.02631578947368421
"Departamento de Física y Arquitectura de Computadores, Universidad Miguel Hernández de Elche, 03202-Elche, Spain","IFCA, CSIC-Univ. de Cantabria, Avda. los Castros, s/n, E-39005 Santander, Spain",2,0.02702702702702703
"Laboratory of Physics, Kyoto Pharmaceutical University, Misasagi, Yamashina, Kyoto 607-8414, Japan","Tokyo Metropolitan College of Aeronautics, Tokyo 116-8523, Japan",1,0.058823529411764705
"Hosokawa Powder Technology Research Institute, Hirakata, Osaka, Japan","University of Maryland, College Park, MD 20742, USA",1,0.01020408163265306
"Hosokawa Powder Technology Research Institute, Hirakata, Osaka, Japan","School of PEMS, UNSW@ADFA, Canberra ACT 2600, Australia",1,0.01020408163265306
" Arecibo Observatory, NAIC, HC3 Box 53995, Arecibo, Puerto Rico, PR 00612, USA","Center for Space Research, MIT, NE80-6055, 77 Massachusetts Avenue, Cambridge, MA 02139-4307, USA",2,0.02040816326530612
"Astrophysics & Supercomputing, Swinburne University, Hawthorn VIC 3122, Australia","Centre for Astrophysics Research, University of Hertfordshire, Hatfield",2,0.005154639175257732
" Space Sciences Building, Cornell University, Ithaca, NY 14853, USA","INAF - Osservatorio Astronomico di Palermo, Piazza del Parlamento 1, 90134 Palermo, Italy",1,0.007518796992481203
" Space Sciences Building, Cornell University, Ithaca, NY 14853, USA","Liverpool John Moores University, Birkenhead CH41 1LD",4,0.007518796992481203
" Space Sciences Building, Cornell University, Ithaca, NY 14853, USA","Chinese Academy of Sciences, Beijing Astronomical Observatory, China",2,0.007518796992481203
"Department of Physics & Astronomy, University of Sheffield, Sheffield S3 7RH","Physics Department, University of Warwick, Coventry CV4 7AL",3,0.05
"JBCA School of Physics and Astronomy, The University of Manchester, Alan Turing Building, Oxford Road, Manchester M13 9PL","Instituto de Radio Astronomía Milimétrica, E-18012 Granada, Spain",5,0.008849557522123894
"School of Physics, University of Exeter, Exeter EX4 4QL, UK","Queen's University Belfast, University Road, Belfast BT7 1NN",1,0.02631578947368421
"Tuorla Observatory, Väisäläntie 20, FIN-21500, Piikkiö, Finland","Labóratorio Nacional de Astrofísica, Itajubá, Brazil",1,0.012658227848101266
"Jet Propulsion Laboratory, Pasadena, CA 91109-8099, USA"," Dipartimento di Astronomia,Universitá di Padova, Vicolo dell' Osservatorio 3, Padova I-35122, Italy",1,0.018867924528301886
"University of California, Davis, One Shields Avenue, CA 95616, USA","Lawrence Berkeley National Laboratory, Berkeley, CA, USA",1,0.047619047619047616
"Yerevan Physics Institute, 2 Alikhanian Brothers St., 375036 Yerevan, Armenia","Institut für Astro und Teilchenphysik, Leopold Franzens Universität Innsbruck, Technikerstraße 25/8, A-6020 Innsbruck, Austria",2,0.027777777777777776
"Department of Physics and Astronomy, University of Oklahoma, 440 W. Brooke St., Norman, OK 73019, USA","Pittsburgh Supercomputing Center, 300 S. Craig Street, Pittsburgh, PA 15213, USA",1,0.02127659574468085
"Department of Astronomy and Astrophysics, Penn State, 504 Davey Laboratory, University Park, Pennsylvania 16802, USA","SISSA – via Bonomea, 265, I-34136 Trieste, Italy",1,0.041666666666666664
"Department of Cosmoscience, Hokkaido University, Kita 10 Nishi 8, Kita-ku, Sapporo 060-0810, Japan","Fuculty of Science, Kyushu University, Hakozaki, Fukuoka 812-8581, Japan",1,0.5
"Bonn University, Auf dem Hügel 71D, 53121 Bonn, Germany"," Hewlett Place, Victoria, BC V8S 497, Canada",14,0.005319148936170213
"Bonn University, Auf dem Hügel 71D, 53121 Bonn, Germany","Uppsala Astronomical Observatory, Box 515, S-75120 Uppsala, Sweden",1,0.005319148936170213
"Bonn University, Auf dem Hügel 71D, 53121 Bonn, Germany","Department of Physics and Astronomy, 19-209C, Seoul National University, Gwanak-gu, Seoul 151-747 Republic of Korea",1,0.005319148936170213
"School of Physics, Huazhong University of Science and Technology, Wuhan,China","Gemini Observatory, La Serena, Chile",1,0.02564102564102564
" School of Physics, University of New South Wales, Sydney, NSW 2052, Australia"," ATC, Astrophysics Group, Cavendish Laboratory, Madingley Road, Cambridge CB3 0HE",1,0.0064516129032258064
" School of Physics, University of New South Wales, Sydney, NSW 2052, Australia","Research Center for Space and Cosmic Evolution, Ehime University, Bunkyo-cho 2-5, Matsuyama 790-8577, Japan",1,0.0064516129032258064
"Gemini Observatory, La Serena, Chile","Centre for Relativistic Astrophysics, University of Rome La Sapienza, Italy and USA",2,0.07692307692307693
"Perth Observatory, Walnut Road, Bickley, Perth 6076, WA, Australia","ESO, Casilla 19001, Santiago 19, Chile",1,0.05263157894736842
"Afdeling Sterrenkunde, Radboud Universiteit Nijmegen, Faculteit NWI, Postbus 9010, 6500 GL Nijmegen, the Netherlands","Institute of Astronomy, Madingley Road, CB3 0HA, Cambridge",5,0.006711409395973154
"Afdeling Sterrenkunde, Radboud Universiteit Nijmegen, Faculteit NWI, Postbus 9010, 6500 GL Nijmegen, the Netherlands","Fermi National Accelerator Laboratory, Box 500, Batavia, IL 60510, USA",1,0.006711409395973154
" INAOE, Luis Enrique Erro 1, Tonanzintla, Puebla 72840, Mexico","Department of Physics and Astronomy, McMaster University, 1280 Main Street West, Hamilton, ON, Canada L8S 4M1",2,0.013513513513513514
"Nordita, AlbaNova University Center, Roslagstullsbacken 23, SE 10691 Stockholm, Sweden","University of Leicester, Space Research Centre, University Road, Leicester LE1 7RH",2,0.011904761904761904
"Nordita, AlbaNova University Center, Roslagstullsbacken 23, SE 10691 Stockholm, Sweden","Agenzia Spaziale Italiana (ASI) Science Data Center, I-00044 Frascati (Roma), Italy",1,0.011904761904761904
"CBA-Tennessee, 2007 Cedarmont Drive, Franklin, TN 37067, USA","Foundation for Research and Technology-Hellas, 711 10 Heraklion, Crete, Greece",1,0.03333333333333333
"Astronomy and Astrophysics Department, Villanova University, Villanova, PA 19085, USA","Eureka Scientific, USA",4,0.008064516129032258
"Astronomy and Astrophysics Department, Villanova University, Villanova, PA 19085, USA","University of Maryland, College Park, MD 20742, USA",7,0.008064516129032258
"Baker Observatory and Department of Physics, Astronomy and Materials Science, Missouri State University, 901 S. National, Springfield, MO 65897, USA","Department of Physics, University of Zambia, PO Box 32379, Lusaka, Zambia",1,0.012345679012345678
"Hazelwood Observatory, RMB 4036 Matta Drive, Hazelwood South, Victoria 3840, Australia","Faculty of Education, Nagasaki University, Nagasaki 852-8521, Japan",1,0.2
"School of Computing and Mathematical Sciences, Glasgow Caledonian University, Glasgow G4 0BA","RIKEN, Chiyoda-ku, Tokyo 100-0005, Japan",2,0.030303030303030304
"Universitäts–Sternwarte Göttingen, Geismarlandstraße 11, D-37083 Göttingen, Germany","Astronomy Group, The Denys Wilkinson Building, Keble Road, Oxford OX1 3RH",1,0.5
"ESA, Villafranca del Castillo, Spain"," Astronomy Centre, University of Sussex, Falmer, Brighton BN1 9QH",1,0.009259259259259259
"Saint Petersburg State University, Universitetskaya nab., 7/9, 199034, Saint Petersburg, Russia","Ulugh Beg Astronomical Institute, Tashkent 700052, Uzbekistan",1,0.3333333333333333
"Konkoly Observatory, Konkoly Thege M. u. 15-17, H-1121 Budapest, Hungary","Subaru Telescope, 650 N. A‘ohōkū Place, Hilo, HI 96720, USA",2,0.0058823529411764705
"Konkoly Observatory, Konkoly Thege M. u. 15-17, H-1121 Budapest, Hungary"," Iowa Street, Ashland, OR 97520, USA",1,0.0058823529411764705
"Physics and Astronomy Department, University of Sheffield, Sheffield S3 7RH","CBA (Nelson), 8 Regent Lane, Richmond, Nelson, New Zealand",1,0.5
"Goupe d'Astrophysique, UMR 5024 CNRS, Case CC72, Place Bataillon, 34095 Montpellier Cedex 5, France","Penn State Worthington Scranton, 120 Ridge View Drive, Dunmore, PA, 18512, USA",1,0.045454545454545456
"Department of Physics, University of Johannesburg, PO Box 524, 2006 Auckland Park, South Africa","AAVSO, 25 Birch St, Cambridge, MA 02138, USA",1,0.022727272727272728
"Astronomical Institute, Charles University, V Holešovičkách 2, CZ‐180 00 Prague, Czech Republic","DGA Maîtrise de l’information, BP 7 35998 Rennes Cedex 9, France",1,0.04
"The Institute for Computational Astrophysics, Saint Mary's University, Halifax, NS, B3H 3C3 Canada","National Science Foundation, Division of Astronomical Sciences",1,0.030303030303030304
"Department of Physics, Virginia Polytechnic Institute & State University, 910 Drillfield Drive, Blacksburg, VA 24061, USA","Institute de Astrofisica de Canarias, C/ Via Lactea s/n, E-38200 La Laguna, Spain",2,0.023809523809523808
"Joint Institute for Galaxy and Cosmology (JOINGC) of SHAO and USTC, Shanghai 200030, China","Department of Physics & Astronomy, Vanderbilt University, 1807 Station B, Nashville, TN 37235, USA",1,0.04
"Institute of Astronomy, Cambridge University, Madingley Road, Cambridge CB3 0HA","University of Leicester, Space Research Centre, University Road, Leicester LE1 7RH",1,0.041666666666666664
"CPHT, École Polytechnique, 91128 Palaiseau France","Centrum Astronomii UMK, ul.Gagarina 11, 87-100 Torun, Poland",3,0.02702702702702703
"CPHT, École Polytechnique, 91128 Palaiseau France","European Associated Laboratory for Gamma-Ray Astronomy, jointly supported by CNRS and MPG",1,0.02702702702702703
"Institute for Computational Cosmology, Durham University, Durham DH1 3LE","Department of Mathematical Sciences, Durham University, South Road, Durham DH1 3LE, UK",6,0.0053475935828877
"Institute for Computational Cosmology, Durham University, Durham DH1 3LE","Herzberg Institute of Astrophysics, 5071 West Saanich Road Victoria, British Columbia, V9E 2E7, Canada",1,0.0053475935828877
"Departement of Physics, Institute of Materials Science, Faculty of Materials Science and Technology, Slovak University of Technology in Bratislava, Jána Bottu 25, 91724 Trnava, The Slovak Republic","Center for Backyard Astrophysics (Exmouth), Norcape Observatory, PO Box 300, Exmouth 6707, Australia",1,0.1111111111111111
"Department of Physics & Astronomy, Vanderbilt University, 1807 Station B, Nashville, TN 37235, USA","Johns Hopkins University, 3400 N. Charles Street, 21218, Baltimore, MD, USA",1,0.034482758620689655
"Western Kentucky University, 1906 College Heights Blvd, Bowling Green, 42101 Kentucky, USA","Macquarie University, Sydney, NSW 2109, Australia",2,0.02857142857142857
"Department of Computer Science, Box 1679B, Vanderbilt University, Nashville, TN 37235, USA","Astrophysics & Supercomputing, Swinburne University, Hawthorn VIC 3122, Australia",1,0.030303030303030304
"Department of Physics, METU, Ankara 06531, Turkey","School of Mechanical, Electrical and Information Engineering, Shandong University, Weihai 264209, China",1,1.0
"Cyprus College, 6 Diogenes Street, Engomi, P.O. Box 22006, 1516 Nicosia, Cyprus","IFCA, CSIC-Univ. de Cantabria, Avda. los Castros, s/n, E-39005 Santander, Spain",1,0.030303030303030304
"Cyprus College, 6 Diogenes Street, Engomi, P.O. Box 22006, 1516 Nicosia, Cyprus","Merrowinger str. 10, D-40223 Düsseldorf, Germany",2,0.030303030303030304
"Tennessee State University, 3500 John A. Merritt Blvd., PO Box 9501, Nashville, TN 37209, USA","NASA Ames, Moffett Field, CA 94035, USA",3,0.03571428571428571
"Bisei Spaceguard Center, Japan Spaceguard Association, 1716-3 Ohrura, Bisei-cho, Ibara, Okayama 714-1411, Japan","RIKEN, Chiyoda-ku, Tokyo 100-0005, Japan",2,0.02857142857142857
"Department of Physics, Texas Tech University, Box 41051, Lubbock, TX 79409-1051, USA","Special Astrophysical Observatory RAS, Karachaevo-Cherkassian res, Nizhnij Arkhyz 36916, Russia",1,0.1
"Carnegie Observatories, 813 Santa Barbara Street, Pasadena, CA 91101","Trinity College Dublin, College Green Dublin 2, Ireland",1,0.02631578947368421
"Department of Physics, University of Missouri-Kansas City, 5100 Rockhill Road, Kansas City, MO 64110, USA","University of California, San Diego, La Jolla, CA, USA",1,0.05
"School of Physics and Astronomy, University of Nottingham","Institute de Astrofisica de Canarias, C/ Via Lactea s/n, E-38200 La Laguna, Spain",1,0.3333333333333333
"Mathematics Department, University of Manchester, Manchester M13 9PL","Physics Department, Queen's University, Belfast BT7 1NN",1,0.005291005291005291
"Mathematics Department, University of Manchester, Manchester M13 9PL","Landessternwarte Heidelberg-Königstuhl, 69117 Heidelberg, Germany",1,0.005291005291005291
"Institute of Astronomy, The Observatories, University of Cambridge, Madingley Road, Cambridge CB3 0HA","Astronomy Department, The University of Texas at Austin, 1 University Station C1400, Austin, Texas 78712‐0259, USA",1,0.16666666666666666
"Department of Physics of Complex Systems, Eötvös Loránd University, 1117 Budapest, Hungary","Johns Hopkins University, 3400 N. Charles Street, 21218, Baltimore, MD, USA",1,0.5
" Department of Physics and Astronomy, Texas A&M University, College Station, TX 77845, USA","Department of Physics, University of Missouri-Kansas City, 5100 Rockhill Road, Kansas City, MO 64110, USA",1,0.045454545454545456
"Labóratorio Nacional de Astrofísica, Itajubá, Brazil"," ATC, Astrophysics Group, Cavendish Laboratory, Madingley Road, Cambridge CB3 0HE",2,0.008130081300813009
"University of Lódź, PL-90236 Lodz, Poland","University of California at Santa Barbara, California, USA",1,0.07692307692307693
"Institute for Defense Analyses, 4850 Mark Center Dr, Alexandria, VA 22311, USA"," H Street, SW, Washington, DC 20024-2725, USA",1,0.1
"Southwestern University, Georgetown, TX, USA","University of Leicester, Space Research Centre, University Road, Leicester LE1 7RH",1,0.03571428571428571
"JHU-APL, 11100 Johns Hopkins Road, Laurel, MD 20723, USA"," European Space Agency, ESTEC, 2200 AG Noordwijk, the Netherlands",1,0.14285714285714285
"Mt. John Observatory, PO Box 56, Lake Tekapo 8770, New Zealand","Nagano National College of Technology, Japan",1,0.25
"ESA-ESOC, 64293 Darmstadt, Germany","Hong Kong Polytechnic University, Hong Kong",1,0.09090909090909091
"Università di Siena, and INFN Pisa, I-53100 Siena, Italy","Laboratori d'Estudis Geofísics Eduard Fontseré (LEGEF), IEC, E-47. 08001 Barcelona, Spain",1,0.05555555555555555
"Instituto de Física Aplicada a las Ciencias y las Tecnologías, Universidad de Alicante, E 03080 Alicante, Spain","IFIC, Universitat de València – CSIC, E-46071 Valencia, Spain",1,1.0
"Department of Astronomy, University of Madison-Wisconsin, 2535 Sterling Hall, 475 N. Charter Street, Madison, WI 53076, USA","Department of Physics and Astronomy, McMaster University, 1280 Main Street West, Hamilton, ON, Canada L8S 4M1",1,0.5
"Institute of Space Sciences (CSIC–IEEC), UAB, Barcelona 08193, Spain","Eureka Scientific, USA",2,0.038461538461538464
"Department of Applied Physics, Technical University, 8 Kliment Ohridski Blvd, 1000 Sofia, Bulgaria","Landessternwarte Heidelberg-Königstuhl, 69117 Heidelberg, Germany",2,0.3333333333333333
