"CREST, Siddalaghatta Road, Hosakote, Bangalore, India","Grupo de Mecánica Celeste, Facultad de Ciencias, 47005 Valladolid, Spain",2,0.004424778761061947
"NRAL, Jodrell Bank, nr Macclesfield, Cheshire SK11 9DL","Center for Particle Cosmology, University of Pennsylvania 209 S. 33rd Street, Philadelphia, PA 19104-6396, USA",7,0.006329113924050633
"Centrum Astronomii UMK, ul.Gagarina 11, 87-100 Torun, Poland","Physics and Astronomy, University of Missouri, Columbia, MO 65211, USA",1,0.010752688172043012
"University of Hertfordshire, Department of Physical Sciences, College Lane, Hatfield, Herts AL10 9AB","Royal Observatory Edinburgh, Blackford Hill, Edinburgh, EH9 3HJ",14,0.004347826086956522
"University of Hertfordshire, Department of Physical Sciences, College Lane, Hatfield, Herts AL10 9AB","Institut für Astrophysik, Friedrich-Hund-Platz 1, 37077 Göttingen, Germany",1,0.004347826086956522
"SISSA – via Bonomea, 265, I-34136 Trieste, Italy","Physics Department, Queen's University, Belfast BT7 1NN",1,0.004651162790697674
"SISSA – via Bonomea, 265, I-34136 Trieste, Italy","Landessternwarte Heidelberg-Königstuhl, 69117 Heidelberg, Germany",6,0.004651162790697674
"AAVSO, 25 Birch St, Cambridge, MA 02138, USA","IFCA, CSIC-Univ. de Cantabria, Avda. los Castros, s/n, E-39005 Santander, Spain",1,0.0024691358024691358
"AAVSO, 25 Birch St, Cambridge, MA 02138, USA","Merrowinger str. 10, D-40223 Düsseldorf, Germany",11,0.0024691358024691358
"AAVSO, 25 Birch St, Cambridge, MA 02138, USA","University of Pennsylvania, Philadelphia, PA 19104, USA",1,0.0024691358024691358
"AAVSO, 25 Birch St, Cambridge, MA 02138, USA","Department of Chemistry, Chung Yuan Christian University, Jhongli City, Taoyuan County 32023, Taiwan",2,0.0024691358024691358
"School of Physics, Monash University, Clayton, VIC 3800, Australia","Cardiff University, Queen's Buildings, 5 The Parade, Cardiff CF24 3YB",2,0.018867924528301886
"Centre for Theoretical Studies, IIT, Kharagpur 721302, India","MPE, Giessenbachstrasse 1, D-85741 Garching, Germany",4,0.005263157894736842
"Institute of Astronomy, 72 Tsarigradsko Shosse Blvd., 1784 Sofia, Bulgaria","Stockholm Observatory, SE-133 36 Saltsjöbaden, Sweden",1,0.009345794392523364
"Institute of Astronomy, 72 Tsarigradsko Shosse Blvd., 1784 Sofia, Bulgaria","University of Maryland, College Park, MD 20742, USA",1,0.009345794392523364
"LAM-UMR 6110, CNRS & Univ. de Provence, 38 rue Fréderic Juliot-Curie, F-13013 Marseille, France","Department of Astronomy, University of Michigan, 830 Dennison Building, 500 Church St., Ann Arbor, MI 48109, USA",1,0.0037313432835820895
"LAM-UMR 6110, CNRS & Univ. de Provence, 38 rue Fréderic Juliot-Curie, F-13013 Marseille, France","Institute for Astronomy, University of Hawaii",1,0.0037313432835820895
"MPE, Giessenbachstrasse 1, D-85741 Garching, Germany","Theoretical Astrophysics, University of Tübingen, IAAT, Auf der Morgenstelle 10, Tübingen 72076, Germany",5,0.003401360544217687
"Leiden University, Leiden Observatory, PO Box 9513, NL-2300 RA, Leiden","NASA Ames, Moffett Field, CA 94035, USA",2,0.00411522633744856
"Leiden University, Leiden Observatory, PO Box 9513, NL-2300 RA, Leiden","Research School of Astronomy & Astrophysics, ANU, Canberra, Australia",3,0.00411522633744856
"University of Michigan, 1517 Space Research Building, Ann Arbor, MI 48109–2143, USA","Universitätssternwarte München, Scheinerstr 1, 81679 München, Germany",1,0.045454545454545456
"Astronomical Observatory of Jagiellonia University, 30-274 Krakow, Poland","RIKEN, Chiyoda-ku, Tokyo 100-0005, Japan",1,0.012345679012345678
"University of Texas at Austin, Austin, TX 78712–1083, USA","Leiden University, Leiden Observatory, PO Box 9513, NL-2300 RA, Leiden",2,0.0058823529411764705
"University of Texas at Austin, Austin, TX 78712–1083, USA","Konkoly Observatory, Konkoly Thege M. u. 15-17, H-1121 Budapest, Hungary",3,0.0058823529411764705
"University of Central Lancashire, Centre for Astrophysics, Preston PR1 2HE","Rudolf Peierls Centre for Theoretical Physics, Oxford",2,0.0044444444444444444
"University of Central Lancashire, Centre for Astrophysics, Preston PR1 2HE","Divisão de Astrofísica, INPE/MCT CP 515, 12201-970 SP, Brazil",2,0.0044444444444444444
"ESO – Karl-Schwarzschild-Str. 2, 85748 Garching bei München, Germany","Institut de Physique Nucléaire de Lyon, 69622 Villeurbanne, France",1,0.0021008403361344537
"Departamento de Física e Matemática, PURO/Universidade Federal Fluminense, Rua Recife s/n, Rio das Ostras, RJ 28890-000, Brazil","Nigde University, Department of Physics, Nigde, Turkey, 51200",2,0.01639344262295082
" Dipartimento di Astronomia,Universitá di Padova, Vicolo dell' Osservatorio 3, Padova I-35122, Italy","Instituto de Radio Astronomía Milimétrica, E-18012 Granada, Spain",3,0.00546448087431694
"Imperial College London, South Kensington Campus, London SW7 2AZ","IZMIRAN, Troitsk, Moscow Region 142190, Russia",1,0.00398406374501992
"Imperial College London, South Kensington Campus, London SW7 2AZ","United Laboratory for Optical Astrometry, The Chinese Academy of Sciences, China",1,0.00398406374501992
"Imperial College London, South Kensington Campus, London SW7 2AZ","Department of Physics & Astronomy, Kelvin Building, University of Glasgow, Glasgow G12 8QQ",1,0.00398406374501992
"Astronomy Department, University of Florida, Gainesville, Florida, 32611, USA","Centro de Física, IVIC, Caracas 1020A, Venezuela",1,0.015151515151515152
"C.A.I.S.M.I. – C.N.R., Largo E. Fermi 5, I-50125 Firenze, Italy","Centre de Visió per Computador, Campus Universitat Autònoma de Barcelona, 08193 Cerdanyola del Vallès (Barcelona), Spain",1,0.006711409395973154
"C.A.I.S.M.I. – C.N.R., Largo E. Fermi 5, I-50125 Firenze, Italy","Johns Hopkins University, 3400 N. Charles Street, 21218, Baltimore, MD, USA",2,0.006711409395973154
"INAF – IASF Milano, 20133 Milano, Italy","Aix-Marseille Université, PIIM UMR-CNRS 7345, F-13397 Marseille, France",1,0.006060606060606061
"University of Western Ontario, London, ON N6A 3K7, Canada","Australia National Telescope Facility, CSIRO, PO Box 76, Epping, New South Wales 17190, Australia",6,0.007518796992481203
"Australia National Telescope Facility, CSIRO, PO Box 76, Epping, New South Wales 17190, Australia","Special Astrophysical Observatory RAS, Karachaevo-Cherkassian res, Nizhnij Arkhyz 36916, Russia",2,0.0038022813688212928
"Australia National Telescope Facility, CSIRO, PO Box 76, Epping, New South Wales 17190, Australia","School of Physics & Astronomy, E.C. Stoner Building, University of Leeds, Leeds LS2 9JT",8,0.0038022813688212928
"Australia National Telescope Facility, CSIRO, PO Box 76, Epping, New South Wales 17190, Australia","Berkeley Wireless Research Center, University of California, Berkeley, CA 94704, USA",1,0.0038022813688212928
"University of California Santa Barbara, Department of Physics, Santa Barbara, CA 93106, USA"," East 58th Street, Chicago, IL 60615, USA",2,0.018518518518518517
"Earth & Space Sciences, University of Washington, Seattle WA, USA 98195","University of Sheffield, Hicks Building, Hounsfield Road, Sheffield S3 7RH",1,0.012658227848101266
"Earth & Space Sciences, University of Washington, Seattle WA, USA 98195","Chalmers Tekniska Högskola, SE-412 96 Gothenburg, Sweden",1,0.012658227848101266
"Earth & Space Sciences, University of Washington, Seattle WA, USA 98195","Astrofísica da Universidade do Porto, Rua das Estrelas, 4150-762 Porto, Portugal",1,0.012658227848101266
"University of Southampton, School of Physics and Astronomy, Highfield Campus, Southampton, Hampshire SO17 1BJ","School of GeoSciences, University of Edinburgh, Grant Institute, The King's Buildings, West Mains Road, Edinburgh EH9 3JW",2,0.01
"University of Durham, South Rd, Durham DH1 3LE","John von Neumann Institute for Computing, Forschungszentrum Jülich, D-52425 Jülich, Germany",3,0.004464285714285714
"University of Durham, South Rd, Durham DH1 3LE","Institute of Computer Science and Center for Neural Computation,The Hebrew University, Jerusalem 91904, Israel",1,0.004464285714285714
" Hewlett Place, Victoria, BC V8S 497, Canada","CEA / SACLAY, 91191 Gif sur Yvette cedex, France",14,0.0028735632183908046
"Centrum Astronomiczne im. M. Kopernika, Bartycka 18, 00–716 Warszawa, Poland","Astronomical Observatory of Jagiellonia University, 30-274 Krakow, Poland",6,0.005434782608695652
"Centrum Astronomiczne im. M. Kopernika, Bartycka 18, 00–716 Warszawa, Poland","Carnegie Observatories, 813 Santa Barbara Street, Pasadena, CA 91101",2,0.005434782608695652
"School of Physics and Astronomy, St Andrews University, North Haugh, St Andrews, Fife KY16 9SS","Fundación Galileo Galilei - INAF, Rambla José Ana Fernández Pérez, 7, 38712 San Antonio de Breña Baja, Spain",1,0.0038022813688212928
" Astronomy Centre, University of Sussex, Falmer, Brighton BN1 9QH","Vista University, Mamelodi Campus, Private Bag X1311, Silverton 0127, South Africa",3,0.0056179775280898875
" Astronomy Centre, University of Sussex, Falmer, Brighton BN1 9QH","University of Tasmania, GPO Box 252-37, Hobart, 7001, Australia",1,0.0056179775280898875
" H Street, SW, Washington, DC 20024-2725, USA"," European Space Agency, ESTEC, 2200 AG Noordwijk, the Netherlands",1,0.007751937984496124
"Josai Junior College, 1-1 Keyakidai, Sakado-shi, Saitama 350-0295, Japan","Department of Physics, Gibbit Hill Road, University of Warwick, Coventry CV4 7AL, UK",1,0.0136986301369863
"SAAO, PO Box 9, Observatory, 7935, South Africa","Ulugh Beg Astronomical Institute, Tashkent 700052, Uzbekistan",1,0.0051813471502590676
"SAAO, PO Box 9, Observatory, 7935, South Africa","Hosokawa Powder Technology Research Institute, Hirakata, Osaka, Japan",1,0.0051813471502590676
"SAAO, PO Box 9, Observatory, 7935, South Africa","Astronomy and Astrophysics Department, Villanova University, Villanova, PA 19085, USA",1,0.0051813471502590676
"SAAO, PO Box 9, Observatory, 7935, South Africa","School of Physics, University of the Witwatersrand, Private Bag 3, Wits 2050, Johannesburg, South Africa",3,0.0051813471502590676
"SKA South Africa, 3rd Floor, The Park, Park Road, Pinelands 7405, South Africa","Bronberg Observatory, CBA Pretoria, PO Box 11426, Tiegerpoort 0056, South Africa",14,0.00546448087431694
"SKA South Africa, 3rd Floor, The Park, Park Road, Pinelands 7405, South Africa","Faculty of Engineering, Hokkai-Gakuen University, Sapporo, Japan",3,0.00546448087431694
"DAMTP, Wilberforce Road, Cambridge CB3 0HA","Subaru Telescope, 650 N. A‘ohōkū Place, Hilo, HI 96720, USA",9,0.0033333333333333335
"DAMTP, Wilberforce Road, Cambridge CB3 0HA","Astrophysics & Supercomputing, Swinburne University, Hawthorn VIC 3122, Australia",4,0.0033333333333333335
"DAMTP, Wilberforce Road, Cambridge CB3 0HA"," Iowa Street, Ashland, OR 97520, USA",4,0.0033333333333333335
"RIKEN, Chiyoda-ku, Tokyo 100-0005, Japan","Big Bear Solar Observatory, New Jersey Institute of Technology, Big Bear City, CA 92314, USA",2,0.004
"Morrison Fellow, UCO/Lick Observatories, 1156 High St., Santa Cruz, CA 95064, USA","NASA, MSFC, Huntsville, AL 35812, USA",1,0.010416666666666666
"Astroclub Radebeul, Auf den Ebenbergen 10a, 01445 Radebeul, Germany","Institute of Astronomy, Cambridge",1,0.004484304932735426
"Rudolf Peierls Centre for Theoretical Physics, Oxford"," Hewlett Place, Victoria, BC V8S 497, Canada",1,0.011904761904761904
"Denys Wilkinson Building, University of Oxford, Keble Road, Oxford","McGill University, 3600 rue University, Montreal, QC H3A 2T8, Canada",1,0.010638297872340425
"Fuculty of Science, Kyushu University, Hakozaki, Fukuoka 812-8581, Japan","Nippon Meteor Society, 2-16-8 Mikunihonmachi, Yodogawa-ku, 532-0005 Osaka, Japan",1,0.009345794392523364
"INAF - Osservatorio Astronomico di Palermo, Piazza del Parlamento 1, 90134 Palermo, Italy","H H Wills Physics Laboratory, Tyndall Avenue, Bristol BS8 1TL, UK",1,0.0027397260273972603
"INAF - Osservatorio Astronomico di Palermo, Piazza del Parlamento 1, 90134 Palermo, Italy","The Open University, Walton Hall, Milton Keynes MK7 6AA",2,0.0027397260273972603
"INAF - Osservatorio Astronomico di Palermo, Piazza del Parlamento 1, 90134 Palermo, Italy","University of California, Davis, One Shields Avenue, CA 95616, USA",1,0.0027397260273972603
"Macquarie University, Sydney, NSW 2109, Australia","Australian National University, Canberra, ACT, Australia",1,0.00847457627118644
", Avenue d Italie, F-75013, Paris, France","Department of Physics and Astronomy 3905, University of Wyoming, 1000 E. University, Laramie, WY 82071, USA",1,0.0031746031746031746
"La Plata Observatory and CONICET, Paseo del Bosque, 1900 La Plata, Argentina","IF-UFRGS, Av. Bento Gonçalves 9500, CEP 91350-050, Porto Alegre, Rio Grande do Sul, Brazil",6,0.015384615384615385
"School of Physics and Astronomy, Southampton University, Highfield, Southampton SO17 1BJ","Departamento de Fisica, Ingeniera de Sistemas y Teora de la Seal, Escuela Politcnica Superior, University of Alicante, Ap. 99, 03080 Alicante, Spain",2,0.024390243902439025
"Royal Observatory Edinburgh, Blackford Hill, Edinburgh, EH9 3HJ","DGA Maîtrise de l’information, BP 7 35998 Rennes Cedex 9, France",7,0.0027100271002710027
"National Astronomical Observatories-CAS, 40-5 South Beijing Road, Urumqi 830011, China","LAM-UMR 6110, CNRS & Univ. de Provence, 38 rue Fréderic Juliot-Curie, F-13013 Marseille, France",1,0.019230769230769232
"Subaru Telescope, 650 N. A‘ohōkū Place, Hilo, HI 96720, USA","DAMTP, Wilberforce Road, Cambridge CB3 0HA",4,0.003278688524590164
"Subaru Telescope, 650 N. A‘ohōkū Place, Hilo, HI 96720, USA"," Soar Telescope, La Serena, Chile",1,0.003278688524590164
"Space Science Institute, 4750 Walnut Street, Boulder Suite 205, CO 80301, USA","NRAO Headquarters, 520 Edgemont Road, Charlottesville, VA 22903, USA",5,0.0031645569620253164
"Space Science Institute, 4750 Walnut Street, Boulder Suite 205, CO 80301, USA","Department of Physics and Astronomy, University of Nevada at Las Vegas, Las Vegas, NV 89154, USA",1,0.0031645569620253164
"Institute de Astrofisica de Canarias, C/ Via Lactea s/n, E-38200 La Laguna, Spain","Bartol Research Institute, Department of Physics & Astronomy, University of Delaware, Newark, DE 19716, USA",1,0.0027548209366391185
"Institute de Astrofisica de Canarias, C/ Via Lactea s/n, E-38200 La Laguna, Spain","CBA-Belgium. Walhostraat 1A, B-3401 Landen, Belgium",3,0.0027548209366391185
"Institute de Astrofisica de Canarias, C/ Via Lactea s/n, E-38200 La Laguna, Spain","Korea Institute for Advanced Study, 207-43 Cheongryangri-dong Dongdaemun-gu, Seoul 130-012, Korea",2,0.0027548209366391185
"Blackett Laboratory Optics Section, Imperial College, London SW7 2BZ","Hankasalmi Observatory, Kyllikinkatu 1, FI-40100 Jyväskylä, Finland",2,0.0024875621890547263
"School of Computer Science and IT, University of Nottingham, Nottingham NG8 1BB","Astronomy Department, University of Florida, 211 Bryant Space Science Center, PO Box 112055, Gainesville, FL 32611-2055, USA",1,0.006134969325153374
"University of Leicester, Space Research Centre, University Road, Leicester LE1 7RH","Josai Junior College, 1-1 Keyakidai, Sakado-shi, Saitama 350-0295, Japan",1,0.005076142131979695
"CITA, 60 St. George St, Toronto M5S 3H8, ON, Canada","Institut für Astronomie, ETH Zurich, Wolfgang-Pauli-Str. 27, 8093 Zurich, Switzerland",1,0.00625
"Caltech M/C 249-17, Pasadena, CA 91125, USA","Institute of Astronomy, Madingley Road, CB3 0HA, Cambridge",7,0.003048780487804878
"Caltech M/C 249-17, Pasadena, CA 91125, USA","Hida Observatory, Graduate School of Science, Kyoto University, Kamitakara, Takayama, Gifu 506-1314, Japan",2,0.003048780487804878
"Caltech M/C 249-17, Pasadena, CA 91125, USA","Siena College, 515 Loudon Road, Loudonville, NY 12211,USA",1,0.003048780487804878
"Department of Physics and Astronomy, University of Aarhus, Ny Munkegade, Building 1520, DK 8000 Aarhus C, Denmark","Institute de Astrofisica de Canarias, C/ Via Lactea s/n, E-38200 La Laguna, Spain",2,0.013333333333333334
"Centre de Physique Théorique de Marseille, 13288 Marseille, France","Department of Physics and Astronomy, McMaster University, 1280 Main Street West, Hamilton, ON, Canada L8S 4M1",1,0.0035842293906810036
"INAF — Osservatorio Astronomico di Monte Porzio, Monte Porzio Catone (Roma), Italy","Institute for Astronomy, 2680 Woodlawn Dr, Honolulu, HI 96822, USA",1,0.003968253968253968
"Nigde University, Department of Physics, Nigde, Turkey, 51200","Department of Physics and Astronomy, Leicester University, Leicester LE1 7RH",1,0.013157894736842105
" Department of Astronomy, Yale University, PO Box 208101, New Haven CT 06520-8101, USA","Astronomical Institute, University of Wrocław, ul. Kopernika 11, 51-622 Wrocław, Poland",1,0.007246376811594203
"CBA-Belgium. Walhostraat 1A, B-3401 Landen, Belgium","INAF – IASF Milano, 20133 Milano, Italy",1,0.0053475935828877
"IFCA, CSIC-Univ. de Cantabria, Avda. los Castros, s/n, E-39005 Santander, Spain","Astronomy Group, University of Southampton, Highfield, Southampton SO17 1BJ",1,0.005780346820809248
"IFCA, CSIC-Univ. de Cantabria, Avda. los Castros, s/n, E-39005 Santander, Spain","OASU-L3ABordeaux, CNRS UMR 5804, BP 89, 33270 Floirac, France",3,0.005780346820809248
"IFCA, CSIC-Univ. de Cantabria, Avda. los Castros, s/n, E-39005 Santander, Spain","CNRS, Orsay F-91405, France",2,0.005780346820809248
"Department of Physics & Astronomy, 12 Physics Building, Iowa State University, Ames, IA 50011, USA","Eureka Scientific, USA",1,0.009259259259259259
"McGill University, 3600 rue University, Montreal, QC H3A 2T8, Canada","University of Durham, South Rd, Durham DH1 3LE",1,0.007462686567164179
"McGill University, 3600 rue University, Montreal, QC H3A 2T8, Canada","Department of Physics and Atmospheric Science, Dalhousie University Halifax, NS B3H 3J5, Canada",2,0.007462686567164179
"Fermi National Accelerator Laboratory, Box 500, Batavia, IL 60510, USA","Institute of Astronomy, 72 Tsarigradsko Shosse Blvd., 1784 Sofia, Bulgaria",1,0.005434782608695652
"Physics Department, University of Warwick, Coventry CV4 7AL","Research and Scientific Support Department of ESA, ESTEC, Postbus 299, Keplerlaan 1, Noordwijk NL-2200 AG, the Netherlands",1,0.006329113924050633
"H H Wills Physics Laboratory, Tyndall Avenue, Bristol BS8 1TL, UK","INAF - Osservatorio Astronomico di Palermo, Piazza del Parlamento 1, 90134 Palermo, Italy",2,0.005813953488372093
"H H Wills Physics Laboratory, Tyndall Avenue, Bristol BS8 1TL, UK","Liverpool John Moores University, Birkenhead CH41 1LD",4,0.005813953488372093
"H H Wills Physics Laboratory, Tyndall Avenue, Bristol BS8 1TL, UK","Astronomy Centre, CPES, University of Sussex, Falmer, Brighton, Sussex BN1 9QJ",1,0.005813953488372093
"Landessternwarte Heidelberg-Königstuhl, 69117 Heidelberg, Germany","Universidade de Caxias do Sul, 95070-560 Caxias do Sul, RS, Brazil",2,0.0030303030303030303
"Astronomy Department, University of Wisconsin‐Madison, 475 North Charter Street, Madison, WI 53706‐1582, USA","Abteilung Bioklimatologie, Universität Göttingen, Büsgenweg 2, D-37077 Göttingen, Germany",2,0.010638297872340425
"Department of Physics and Astronomy, University of California, Los Angeles, USA","Indian Institute of Science Education and Research, 900, NCL Innovation Park, Dr Homi Bhabha Road Pune, Maharashtra 411008, India",1,0.14285714285714285
"Department of Astronomy, University of Michigan, 830 Dennison Building, 500 Church St., Ann Arbor, MI 48109, USA","University of Western Ontario, London, ON N6A 3K7, Canada",1,0.005988023952095809
"Department of Astronomy, University of Michigan, 830 Dennison Building, 500 Church St., Ann Arbor, MI 48109, USA"," Pennsylvania State University, Wilkes-Barre Campus, Old Route 115, P.O. Box PSU, Lehman, PA 18627, USA",4,0.005988023952095809
"LATMOS-CNRS, 11 boulevard d'Alembert, 78280 Guyancourt, France","Astronomy Group, The Denys Wilkinson Building, Keble Road, Oxford OX1 3RH",2,0.008333333333333333
"School of Physics and Astronomy, University of Birmingham, Birmingham","Koninklijke Sterrenwacht van Belgie, Brussels, Belgium",1,0.007246376811594203
"Johns Hopkins University, 3400 N. Charles Street, 21218, Baltimore, MD, USA"," 14th Street, Suite 1207, Oakland, CA 94612, USA",2,0.004739336492890996
"NASA, MSFC, Huntsville, AL 35812, USA","Johns Hopkins University, 3400 N. Charles Street, 21218, Baltimore, MD, USA",2,0.008928571428571428
"NASA, MSFC, Huntsville, AL 35812, USA","Department of Physics & Astronomy, University of Manitoba, Winnipeg, Manitoba R3T 2N2, Canada",1,0.008928571428571428
" Pennsylvania State University, Wilkes-Barre Campus, Old Route 115, P.O. Box PSU, Lehman, PA 18627, USA","CIEMAT, Avda. Complutense 22, 28040 Madrid, Spain",3,0.0056179775280898875
" Pennsylvania State University, Wilkes-Barre Campus, Old Route 115, P.O. Box PSU, Lehman, PA 18627, USA","Center for Astrophysics & Space Sciences, University of California, San Diego, 9500 Gilman Drive, La Jolla, CA 92093-0424, USA",3,0.0056179775280898875
" Pennsylvania State University, Wilkes-Barre Campus, Old Route 115, P.O. Box PSU, Lehman, PA 18627, USA","Department of Physics, University of North Texas, Denton, TX 76203, USA",1,0.0056179775280898875
"CIEMAT, Avda. Complutense 22, 28040 Madrid, Spain","Instituto de Astronomia, Geofísica e Ciências Atmosféricas — USP, Brazil",2,0.002976190476190476
"School of Physical Sciences and NCPST, DCU, Glasnevin, Dublin 9, Ireland","Astrofísica da Universidade do Porto, Rua das Estrelas, 4150-762 Porto, Portugal",1,0.00980392156862745
"School of Physical Sciences and NCPST, DCU, Glasnevin, Dublin 9, Ireland","Labóratorio Nacional de Astrofísica, Itajubá, Brazil",5,0.00980392156862745
"Uppsala Astronomical Observatory, Box 515, S-75120 Uppsala, Sweden","CEA / SACLAY, 91191 Gif sur Yvette cedex, France",3,0.004878048780487805
"Swarthmore College, Swarthmore, PA 19081, USA","William Jewell College, 500 College Hill Liberty, MO 64048, USA",1,0.003937007874015748
"Department of Mathematics, University of Newcastle upon Tyne, NE1 7RU","Ulugh Beg Astronomical Institute, Tashkent 700052, Uzbekistan",1,0.25
" Borrowdale Walk, Northampton NN3 6PW","Astrophysics Group, Keele University, Staffordshire ST5 5BG",2,0.030303030303030304
" Osservatorio Astronomico di Brera, Via Bianchi 46, I-23807 Merate (LC), Italy","Big Bear Solar Observatory, New Jersey Institute of Technology, Big Bear City, CA 92314, USA",2,0.005917159763313609
"Crimea Astrophysical Observatory, Yalta, 334242 Crimea, Ukraine","Astronomical Observatory of the Autonomous Region of the Aosta Valley (OAVdA), Loc. Lignan 39, I-11020 Nus (Aosta), Italy",1,0.014925373134328358
"IFAC-CNR, Firenze & ISTI-CNR, 56124 Pisa, Italy","C.A.I.S.M.I. – C.N.R., Largo E. Fermi 5, I-50125 Firenze, Italy",1,0.022727272727272728
"OASU-L3ABordeaux, CNRS UMR 5804, BP 89, 33270 Floirac, France","Department of Physics, University of Namibia, Private Bag 13301, Windhoek, Namibia",3,0.004608294930875576
"Liverpool John Moores University, Birkenhead CH41 1LD","H H Wills Physics Laboratory, Tyndall Avenue, Bristol BS8 1TL, UK",14,0.0031746031746031746
"Liverpool John Moores University, Birkenhead CH41 1LD","The Open University, Walton Hall, Milton Keynes MK7 6AA",7,0.0031746031746031746
"Liverpool John Moores University, Birkenhead CH41 1LD","University of California, Davis, One Shields Avenue, CA 95616, USA",1,0.0031746031746031746
"University of Melbourne, Parkville, Victoria 3010, Australia","Department of Physics, The University of Durham, Durham DH1 3LE",1,0.011111111111111112
" East 58th Street, Chicago, IL 60615, USA","National Center for Space Weather, Beijing 100081, China",1,0.006289308176100629
"Kehäkukantie 3B, 00720 Helsinki, Finland","Department of Physics and Astronomy, University of Aarhus, Ny Munkegade, Building 1520, DK 8000 Aarhus C, Denmark",3,0.00684931506849315
"CEA / SACLAY, 91191 Gif sur Yvette cedex, France","AAVSO, 25 Birch St, Cambridge, MA 02138, USA",18,0.003205128205128205
"CEA / SACLAY, 91191 Gif sur Yvette cedex, France","Department of Philosophy, Tufts University, Medford, MA, 02155-7059, USA",2,0.003205128205128205
"CEA / SACLAY, 91191 Gif sur Yvette cedex, France","Department of Physics, Texas Tech University, Box 41051, Lubbock, TX 79409-1051, USA",1,0.003205128205128205
"Instituto de Radio Astronomía Milimétrica, E-18012 Granada, Spain","Caltech M/C 249-17, Pasadena, CA 91125, USA",2,0.0031847133757961785
"Instituto de Radio Astronomía Milimétrica, E-18012 Granada, Spain","DiSBeF – Università degli Studi di Urbino ‘Carlo Bo’, I-61029 Urbino, Italy",1,0.0031847133757961785
"Instituto de Radio Astronomía Milimétrica, E-18012 Granada, Spain","University of California at Santa Barbara, California, USA",3,0.0031847133757961785
"Instituto de Radio Astronomía Milimétrica, E-18012 Granada, Spain","Institute for Computational Cosmology, Durham University, Durham DH1 3LE",4,0.0031847133757961785
"Instituto de Radio Astronomía Milimétrica, E-18012 Granada, Spain","Mt John Observatory, PO Box 56, Lake Tekapo 8770, New Zealand",1,0.0031847133757961785
"NASA/GSFC, 8463 Greenbelt, MD 20770-2548, USA","Kehäkukantie 3B, 00720 Helsinki, Finland",1,0.003875968992248062
"Australian National University, Canberra, ACT, Australia","NRAO Headquarters, 520 Edgemont Road, Charlottesville, VA 22903, USA",1,0.003952569169960474
"American Museum of Natural History, 79th Street at Central Park West, New York, NY 10024-5192, USA","ESO – Karl-Schwarzschild-Str. 2, 85748 Garching bei München, Germany",1,0.009615384615384616
"ESO, Casilla 19001, Santiago 19, Chile","Anglo-Australian Observatory, Coonabarabran, NSW 2357, Australia",4,0.002702702702702703
"Elviraland 194, 2591 GM The Hague, the Netherlands","Centre de Physique Théorique de Marseille, 13288 Marseille, France",2,0.0035211267605633804
"Elviraland 194, 2591 GM The Hague, the Netherlands","Address at time of contribution to this work: School of Chemistry, University of Nottingham, University Park, Nottingham NG7 2RD",5,0.0035211267605633804
"Elviraland 194, 2591 GM The Hague, the Netherlands","ESA, Villafranca del Castillo, Spain",4,0.0035211267605633804
"European Southern Observatory, D-85748 Garching bei München, Germany","Imperial College London, South Kensington Campus, London SW7 2AZ",1,0.0136986301369863
"European Southern Observatory, D-85748 Garching bei München, Germany","Pontifícia Universidade Católica de Minas Gerais, Rua do Rosário 1081, 32630-000 Betim, MG, Brazil",1,0.0136986301369863
"DiSBeF – Università degli Studi di Urbino ‘Carlo Bo’, I-61029 Urbino, Italy","Institute of Astronomy, Madingley Road, CB3 0HA, Cambridge",9,0.0055248618784530384
"DiSBeF – Università degli Studi di Urbino ‘Carlo Bo’, I-61029 Urbino, Italy","Fermi National Accelerator Laboratory, Box 500, Batavia, IL 60510, USA",1,0.0055248618784530384
"The University of Leicester, Leicester LE1 7RH","Department of Physics, Science Laboratories, South Road, Durham",1,0.005847953216374269
"Address at time of contribution to this work: School of Chemistry, University of Nottingham, University Park, Nottingham NG7 2RD","Department of Physics and Astronomy, McMaster University, 1280 Main Street West, Hamilton, ON, Canada L8S 4M1",2,0.004545454545454545
"Korea Institute for Advanced Study, 207-43 Cheongryangri-dong Dongdaemun-gu, Seoul 130-012, Korea","INAF – IASF Milano, 20133 Milano, Italy",1,0.006896551724137931
"Merrowinger str. 10, D-40223 Düsseldorf, Germany","OASU-L3ABordeaux, CNRS UMR 5804, BP 89, 33270 Floirac, France",4,0.003003003003003003
"Merrowinger str. 10, D-40223 Düsseldorf, Germany","CNRS, Orsay F-91405, France",7,0.003003003003003003
"Merrowinger str. 10, D-40223 Düsseldorf, Germany","Foundation for Research and Technology-Hellas, 711 10 Heraklion, Crete, Greece",1,0.003003003003003003
"Merrowinger str. 10, D-40223 Düsseldorf, Germany","Mathematics Department, University of Manchester, Manchester M13 9PL",1,0.003003003003003003
"Astronomy Group, The Denys Wilkinson Building, Keble Road, Oxford OX1 3RH","University of Central Lancashire, Centre for Astrophysics, Preston PR1 2HE",1,0.004347826086956522
"The Open University, Walton Hall, Milton Keynes MK7 6AA","INAF - Osservatorio Astronomico di Palermo, Piazza del Parlamento 1, 90134 Palermo, Italy",2,0.0048543689320388345
"The Open University, Walton Hall, Milton Keynes MK7 6AA","Liverpool John Moores University, Birkenhead CH41 1LD",4,0.0048543689320388345
"The Open University, Walton Hall, Milton Keynes MK7 6AA","University of Notre Dame, Department of Physics, 225 Nieuwland Science Hall, Notre Dame, IN 46556, USA",1,0.0048543689320388345
"University of Maryland, College Park, MD 20742, USA","Physics Department, University of Warwick, Coventry CV4 7AL",1,0.009615384615384616
"University of Maryland, College Park, MD 20742, USA","FivePrime Therapeutics, 1650 Owens Street, Suite 200, San Francisco, CA 94158-2216, USA",1,0.009615384615384616
"Hans Raj College, University of Delhi, Delhi 110007, India","CSIRO Astronomy and Space Science, Marsfield NSW 2122, Australia",1,0.125
" rue des Battieux 2000 Neuchatel, Switzerland","IZMIRAN, Troitsk, Moscow Region 142190, Russia",1,0.007462686567164179
"Department of Astronomy, Oxford University, Oxford OX1 3RH","CITA, 60 St. George St, Toronto M5S 3H8, ON, Canada",1,0.1111111111111111
"Geophysical Fluid Dynamics Laboratory, 201 Forrestal Road, Princeton, NJ 08540, USA"," Astronomy Centre, University of Sussex, Falmer, Brighton BN1 9QH",2,0.037037037037037035
"Chalmers Tekniska Högskola, SE-412 96 Gothenburg, Sweden","Instituto de Astrofísica de Andalucía (IAA-CSIC), Granada, Andalucía 18080, Spain",1,0.006134969325153374
"Institute for Astronomy, 2680 Woodlawn Dr, Honolulu, HI 96822, USA","CBA-Tennessee, 2007 Cedarmont Drive, Franklin, TN 37067, USA",1,0.005208333333333333
"Swinburne University of Technology, Centre for Astrophysics and Supercomputing Mail H30, PO Box 218, VIC 3122, Australia","CEA / SACLAY, 91191 Gif sur Yvette cedex, France",2,0.008130081300813009
"Department of Physics and Astronomy, Rutgers, the State University of New Jersey, 136 Frelinghuysen Road, Piscataway, NJ 08854-8019, USA"," European Space Agency, ESTEC, 2200 AG Noordwijk, the Netherlands",1,0.014285714285714285
" Greenland Drive, Drouin 3818, Victoria, Australia","Hosokawa Powder Technology Research Institute, Hirakata, Osaka, Japan",1,0.007462686567164179
" Greenland Drive, Drouin 3818, Victoria, Australia","Astronomy and Astrophysics Department, Villanova University, Villanova, PA 19085, USA",1,0.007462686567164179
"Royal Military College of Canada, Department of Physics, PO Box 17000, Station ‘Forces‘, Kingston, Ontario, Canada K7K 4B4","Astrophysics Group, Keele University, Staffordshire ST5 5BG",1,0.014705882352941176
"W. M. Keck Observatory, 65-1120 Mamalahoa Hwy, Kamuela, HI 96743, USA","Department of Physics and Astronomy, University of Hawaii - Hilo, 200 West Kawili Street, Hilo, Hawaii, 96720-4091, USA",1,0.058823529411764705
"The Weizmann Institute Centre for Astrophysics, Rehovot 76100, Israel"," H Street, SW, Washington, DC 20024-2725, USA",2,0.011235955056179775
" Theoretical Astrophysics Center, Juliane Maries Vej 30, DK-2100 Copenhagen Ø, Denmark","HE Space Operations GmbH, Flughafenallee 24, D-28199 Bremen, Germany",2,0.004016064257028112
" Theoretical Astrophysics Center, Juliane Maries Vej 30, DK-2100 Copenhagen Ø, Denmark","Shanghai Astronomical Observatory, 80 Nandan Rd, Shanghai, 200030, China",1,0.004016064257028112
" Theoretical Astrophysics Center, Juliane Maries Vej 30, DK-2100 Copenhagen Ø, Denmark","NRAO Array Operations Center, PO Box 0, Socorro, NM 87801-0387, USA",3,0.004016064257028112
"Astrophysics Group, Keele University, Staffordshire ST5 5BG","University of Maryland, Baltimore County, MD 21250, USA",1,0.004672897196261682
"Astrophysics Group, Keele University, Staffordshire ST5 5BG","Institut für Astro und Teilchenphysik, Leopold Franzens Universität Innsbruck, Technikerstraße 25/8, A-6020 Innsbruck, Austria",1,0.004672897196261682
"Abteilung Bioklimatologie, Universität Göttingen, Büsgenweg 2, D-37077 Göttingen, Germany","Uppsala Astronomical Observatory, Box 515, S-75120 Uppsala, Sweden",2,0.009345794392523364
"Chinese Academy of Sciences, Beijing Astronomical Observatory, China","The Open University, Walton Hall, Milton Keynes MK7 6AA",1,0.005434782608695652
"Beijing Joint Astrophysics Centre, Beijing University, Zhong Guang Cun, Beijing 100871, P. R. China","AAVSO, 25 Birch St, Cambridge, MA 02138, USA",1,0.08333333333333333
"IPD, UNIVAP, São José dos Campos, SP, 12244-000, Brazil","ESO, Casilla 19001, Santiago 19, Chile",3,0.008333333333333333
"Institut für Astrophysik, Friedrich-Hund-Platz 1, 37077 Göttingen, Germany","DGA Maîtrise de l’information, BP 7 35998 Rennes Cedex 9, France",6,0.0035211267605633804
"Institut für Astrophysik, Friedrich-Hund-Platz 1, 37077 Göttingen, Germany","Warsaw University Observatory, Al. Ujazdowskie 4, PL-00-478, Poland",1,0.0035211267605633804
"Institut für Astrophysik, Friedrich-Hund-Platz 1, 37077 Göttingen, Germany","New York University, 4 Washington Place, New York, NY 10003, USA",3,0.0035211267605633804
"University of Tasmania, GPO Box 252-37, Hobart, 7001, Australia","ESO – Karl-Schwarzschild-Str. 2, 85748 Garching bei München, Germany",1,0.02631578947368421
"Instituto de Astronomia, Geofísica e Ciências Atmosféricas — USP, Brazil","Centro Brasileiro de Pesquisas Físicas, Rua Dr. Xavier Sigaud 150, 22290-180 Rio de Janeiro – RJ, Brazil",1,0.014705882352941176
"LERMA, Observatoire de Paris, UMR8112, 61, avenue de l'Observatoire, Paris F‐75014, France","Centre for Space Research, North-West University, Potchefstroom Campus, 2520 Potchefstroom, South Africa",1,0.005050505050505051
"RMB 2493, Ellinbank, Victoria 3820, Australia","Variable Star Observers League in Japan (VSOLJ), 1-401-810 Azuma, Tsukuba 305-0031, Japan",1,0.25
"I. A. S. — Planetologia, via Fosso del Cavaliere 100, I-00133 Roma, Italy","IASF–Bologna/INAF, Via Gobetti 101, I-4012 Bologna, Italy",11,0.008130081300813009
"Real Observatorio de la Armada, 11110 San Fernando, Spain","Laboratori d'Estudis Geofísics Eduard Fontseré (LEGEF), IEC, E-47. 08001 Barcelona, Spain",1,0.5
" Rue du Dr Laulaigne, 49670 Valanjou, France","Konkoly Observatory, Konkoly Thege M. u. 15-17, H-1121 Budapest, Hungary",1,0.012195121951219513
"Villanova University, Dept. Astron. Astrophys., 800 E Lancaster Ave, Villanova, PA 19085, USA",Planet Hunter,1,0.07142857142857142
"Astrophysics Group, Department of Physics, UMIST, PO Box 88, Manchester M60 1QD","School of Physics & Astronomy, Cardiff University, Cardiff CF24 3AA",1,0.018518518518518517
"Pontifícia Universidade Católica de Minas Gerais, Rua do Rosário 1081, 32630-000 Betim, MG, Brazil","United Laboratory for Optical Astrometry, The Chinese Academy of Sciences, China",1,0.008403361344537815
"Northwestern University, Dearborn Observatory, 2131 Tech Drive, Evanston, IL 60208-2900, USA","Johns Hopkins University, 3400 N. Charles Street, 21218, Baltimore, MD, USA",1,0.021739130434782608
"School of Physics & Astronomy, Cardiff University, Cardiff CF24 3AA","Australia National Telescope Facility, CSIRO, PO Box 76, Epping, New South Wales 17190, Australia",1,0.018518518518518517
"Graduate Institute of Astronomy, National Central University, Chung-Li 32054, Taiwan","Department of Mathematics, SUNY Oswego, Oswego, NY 13126, USA",2,0.029411764705882353
"Yale University, New Haven, CT 06520-8101, USA","ISAS/JAXA, 3-1-1 Yoshinodai, 229-8510 Sagamihara, Japan",1,0.011764705882352941
"Yale University, New Haven, CT 06520-8101, USA"," East 58th Street, Chicago, IL 60615, USA",2,0.011764705882352941
"Astronomy Division, Department of Physical Sciences, PO Box 3000, FIN-90014 University of Oulu, Finland","Tartu Observatory, 61602 Tõravere, Estonia",1,0.043478260869565216
"Astronomy Division, Department of Physical Sciences, PO Box 3000, FIN-90014 University of Oulu, Finland","Labóratorio Nacional de Astrofísica, Itajubá, Brazil",1,0.043478260869565216
"Astronomy Department, UC Berkeley, Hearst Field Annex B-20, Berkeley, CA 94720-3411, USA","Albert Einstein Institute, Am Muhlenberg 1 D-14476 Golm, Germany",1,0.005208333333333333
"Astronomy Department, UC Berkeley, Hearst Field Annex B-20, Berkeley, CA 94720-3411, USA","Elviraland 194, 2591 GM The Hague, the Netherlands",5,0.005208333333333333
"Lawrence Berkeley National Laboratory, Berkeley, CA, USA"," Space Sciences Laboratory, University of California, Berkeley, CA, USA",1,0.007633587786259542
"Dipartimento di Scienze Fisiche, Universit‘a Federico II, Via Cinthia, 80126 Naples, Italy","C.A.I.S.M.I. – C.N.R., Largo E. Fermi 5, I-50125 Firenze, Italy",1,0.03225806451612903
"Hosokawa Powder Technology Research Institute, Hirakata, Osaka, Japan","Department of Astronomy, University Toronto, Ontario, M5S3H8, Canada",2,0.01020408163265306
"Cracow Pedagogical University, ul. Podchorazych 2, 30-084 Krakow, Poland","Warsaw University Observatory, Al. Ujazdowskie 4, PL-00-478, Poland",1,0.010526315789473684
"Department of Astronomy, San Diego State University, 5500 Campanile Drive, San Diego, CA 92182-1221, USA","Department of Physics and Astronomy, East Los Angeles College, Monterey Park, CA 91754, USA",1,0.023809523809523808
"Astrophysics & Supercomputing, Swinburne University, Hawthorn VIC 3122, Australia","DAMTP, Wilberforce Road, Cambridge CB3 0HA",1,0.005154639175257732
" Space Sciences Building, Cornell University, Ithaca, NY 14853, USA","University of California, San Diego, La Jolla, CA, USA",3,0.007518796992481203
" Space Sciences Building, Cornell University, Ithaca, NY 14853, USA","Department of Physics, 210 Hodges Hall, West Virginia University, Morgantown, WV 26506, USA",2,0.007518796992481203
"University of California at Santa Barbara, California, USA","Institute of Astronomy, Madingley Road, CB3 0HA, Cambridge",1,0.007042253521126761
"University of California at Santa Barbara, California, USA","Fermi National Accelerator Laboratory, Box 500, Batavia, IL 60510, USA",3,0.007042253521126761
"Departamento de Fisica, Ingeniera de Sistemas y Teora de la Seal, Escuela Politcnica Superior, University of Alicante, Ap. 99, 03080 Alicante, Spain","Institute de Astrofisica de Canarias, C/ Via Lactea s/n, E-38200 La Laguna, Spain",1,0.16666666666666666
"Tuorla Observatory, Väisäläntie 20, FIN-21500, Piikkiö, Finland","Department of Physics, University of Colorado Denver, CO 80217-3364, USA",1,0.012658227848101266
"Centre for Space Astrophysics, Yonsei University, Seoul 120-749, Korea","University of Durham, South Rd, Durham DH1 3LE",2,0.010638297872340425
"Siena College, 515 Loudon Road, Loudonville, NY 12211,USA","Department of Physics & Astronomy, 12 Physics Building, Iowa State University, Ames, IA 50011, USA",1,0.008264462809917356
"Alfred-Wegener-Institut für Polar- und Meeresforschung, Bürgermeister-Smidt-Straße 20, 27568 Bremerhaven, Germany","Tuorla Observatory, Väisäläntie 20, FIN-21500, Piikkiö, Finland",1,0.25
"Department of Physics and Astronomy, University of Oklahoma, 440 W. Brooke St., Norman, OK 73019, USA"," Pennsylvania State University, Wilkes-Barre Campus, Old Route 115, P.O. Box PSU, Lehman, PA 18627, USA",1,0.02127659574468085
"Bonn University, Auf dem Hügel 71D, 53121 Bonn, Germany"," INAOE, Luis Enrique Erro 1, Tonanzintla, Puebla 72840, Mexico",1,0.005319148936170213
"DMI, Università di Salerno, via S. Allende, 84081 Baronissi (Salerno), Italy","CIEMAT, Avda. Complutense 22, 28040 Madrid, Spain",1,0.16666666666666666
Rhine Stellar Dynamics Network (RSDN),"Chalmers Tekniska Högskola, SE-412 96 Gothenburg, Sweden",1,0.058823529411764705
"Sterrewacht Leiden, Niels Bohrweg 2, 2333 CA Leiden, the Netherlands","Elviraland 194, 2591 GM The Hague, the Netherlands",1,0.06666666666666667
"Afdeling Sterrenkunde, Radboud Universiteit Nijmegen, Faculteit NWI, Postbus 9010, 6500 GL Nijmegen, the Netherlands","Big Bear Solar Observatory, New Jersey Institute of Technology, Big Bear City, CA 92314, USA",4,0.006711409395973154
"Department of Physics, Fukushima Medical University, Fukushima-City 960-1295, Japan","Nippon Meteor Society, 2-16-8 Mikunihonmachi, Yodogawa-ku, 532-0005 Osaka, Japan",1,0.5
"University of Notre Dame, Department of Physics, 225 Nieuwland Science Hall, Notre Dame, IN 46556, USA","Physics Department, University of California at Santa Cruz, 1156 High Street, CA 95064",1,0.05263157894736842
"Thüringer Landessternwarte Tautenburg, Karl-Schwarzschild-Observatorium, 07778 Tautenburg, Germany","AAVSO, 25 Birch St, Cambridge, MA 02138, USA",1,0.0625
"School of Mechanical, Electrical and Information Engineering, Shandong University, Weihai 264209, China","Guangzhou, China",1,0.07692307692307693
"Laboratoire d'Astrophysique de l'Observatoire de Grenoble (LAOG), 414 rue de la Piscine, BP 53-X Grenoble, France","INAF Osservatorio Astronomico di Bologna, Italy",1,0.03333333333333333
"Physics Department, University of California at Santa Cruz, 1156 High Street, CA 95064","Liverpool John Moores University, Birkenhead CH41 1LD",1,0.1111111111111111
"Konkoly Observatory, Konkoly Thege M. u. 15-17, H-1121 Budapest, Hungary","NASA Ames, Moffett Field, CA 94035, USA",9,0.0058823529411764705
"Bellatrix Astronomical Observatory, Via Madonna de Loco 47, 03023 Ceccano (FR), Italy","Sharif University of Technology, Tehran, Iran",1,0.02857142857142857
"Caltech, 1200 E. California Blvd, CA 91125-0001, USA","C.A.I.S.M.I. – C.N.R., Largo E. Fermi 5, I-50125 Firenze, Italy",1,0.058823529411764705
"Department of Physics, Virginia Polytechnic Institute & State University, 910 Drillfield Drive, Blacksburg, VA 24061, USA","Afeka, Tel Aviv Academic College of Engineering, Tel Aviv 69107, Israel",1,0.023809523809523808
"School of Information Technologies, University of Sydney, NSW, 2006, Australia","Center for EUV Astrophysics, 2150 Kittredge Street, University of California, Berkeley, CA 94720-7450, USA",1,0.004132231404958678
"Department of Physics, Providence Womens’ College, Malaparamba, Calicut 673009, India","Department of Physics, Sultan Qaboos University, Muscat 123, Oman",1,1.0
"Physics Department, Arizona State University, Tempe, Arizona 85287, USA","LAM-UMR 6110, CNRS & Univ. de Provence, 38 rue Fréderic Juliot-Curie, F-13013 Marseille, France",1,0.027777777777777776
" Iowa Street, Ashland, OR 97520, USA","DAMTP, Wilberforce Road, Cambridge CB3 0HA",1,0.009523809523809525
"Institute for Computational Cosmology, Durham University, Durham DH1 3LE","Institute of Astronomy, Madingley Road, CB3 0HA, Cambridge",7,0.0053475935828877
"Institute for Computational Cosmology, Durham University, Durham DH1 3LE","Fermi National Accelerator Laboratory, Box 500, Batavia, IL 60510, USA",1,0.0053475935828877
"Institute for Computational Cosmology, Durham University, Durham DH1 3LE","Hida Observatory, Graduate School of Science, Kyoto University, Kamitakara, Takayama, Gifu 506-1314, Japan",1,0.0053475935828877
"Institute for Computational Cosmology, Durham University, Durham DH1 3LE","Centre for Computational Sciences, University of Tsukuba, Ten-nodai, 1-1-1 Tsukuba, Ibaraki 305-8577, Japan",1,0.0053475935828877
"Institute for Computational Cosmology, Durham University, Durham DH1 3LE","Siena College, 515 Loudon Road, Loudonville, NY 12211,USA",5,0.0053475935828877
"Department of Physics & Astronomy, Vanderbilt University, 1807 Station B, Nashville, TN 37235, USA","Astronomy Department, University of Illinois at Urbana-Champaign, 1002 W. Green Street, Urbana, IL 61801, USA",2,0.034482758620689655
"Department of Chemistry, Chung Yuan Christian University, Jhongli City, Taoyuan County 32023, Taiwan","Astronomy Group, University of Southampton, Highfield, Southampton SO17 1BJ",1,0.03125
"Western Kentucky University, 1906 College Heights Blvd, Bowling Green, 42101 Kentucky, USA","Blackett Laboratory Optics Section, Imperial College, London SW7 2BZ",1,0.02857142857142857
"Laboratoire de Spectrométrie Physique (CNRS UMR 5588), Université Joseph Fourier de Grenoble, 38402 Saint Martin d'Héres, France",", Avenue d Italie, F-75013, Paris, France",2,0.02
"Laboratoire de Spectrométrie Physique (CNRS UMR 5588), Université Joseph Fourier de Grenoble, 38402 Saint Martin d'Héres, France","Institut für Physik und Astronomie, Universität Potsdam, University Campus Golm, Haus 28, Karl-Liebknecht-Str. 24/25, 14476 Potsdam, Germany",1,0.02
"Department of Computer Science, Box 1679B, Vanderbilt University, Nashville, TN 37235, USA","NASA Ames, Moffett Field, CA 94035, USA",1,0.030303030303030304
"National Academy of Sciences of the Republic of Armenia, 0019 Yerevan, Armenia","Abteilung Bioklimatologie, Universität Göttingen, Büsgenweg 2, D-37077 Göttingen, Germany",1,0.043478260869565216
"Mount Stromlo and Siding Spring Observatories, Private Bag, Weston Creek PO, Weston, ACT 2611, Australia","University of Michigan, 1517 Space Research Building, Ann Arbor, MI 48109–2143, USA",2,0.010869565217391304
"Department of Physics and Astronomy, 19-209C, Seoul National University, Gwanak-gu, Seoul 151-747 Republic of Korea","CEA / SACLAY, 91191 Gif sur Yvette cedex, France",1,0.03571428571428571
"Astronomy Centre, Department of Physics and Astronomy, Pevensey II Building, University of Sussex, Falmer, Brighton BN1 9QH, UK","University of Texas at Austin, Austin, TX 78712–1083, USA",1,0.14285714285714285
"Copernicus Astronomical Center, Warsaw, Poland","University of Oslo, Institute of Theoretical Astrophysics, PO Box 1029 — Blindern, N-0315 Oslo, Norway",1,0.07692307692307693
"Copernicus Astronomical Center, Warsaw, Poland","Cracow Pedagogical University, ul. Podchorazych 2, 30-084 Krakow, Poland",1,0.07692307692307693
"Copernicus Astronomical Center, Warsaw, Poland","South Africa Astronomical Observatory, Cape Town, South Africa",1,0.07692307692307693
"Perth Exoplanet Survey Telescope, Perth, Australia","Landessternwarte Heidelberg-Königstuhl, 69117 Heidelberg, Germany",1,0.047619047619047616
"Space Systems/Loral MS G-76, 3825 Fabian Way, Palo Alto, CA 94303, USA","Centrum Astronomii UMK, ul.Gagarina 11, 87-100 Torun, Poland",1,1.0
"Department of Physics, Hebei Normal University, 113 Yuhua Dong Road, Shijiazhuang 050016, China","Centre de Physique Théorique de Marseille, 13288 Marseille, France",1,0.14285714285714285
"University Utrecht, PO Box 80000, 3508 TA Utrecht, the Netherlands","ASTRON, PO Box 2, NL-7990 AA Dwingeloo, the Netherlands",1,1.0
"DESY, D-15735 Zeuthen, Germany","Abteilung Bioklimatologie, Universität Göttingen, Büsgenweg 2, D-37077 Göttingen, Germany",1,0.02631578947368421
"Faulkes Telescope Project, University of Glamorgan, Pontypridd CF37 1DL, UK","CIEMAT, Avda. Complutense 22, 28040 Madrid, Spain",1,0.1
"Department of Natural Sciences, The Open University of Israel, PO Box 808, Ra'anana 43537, Israel"," Department of Astronomy, Yale University, PO Box 208101, New Haven CT 06520-8101, USA",1,0.1111111111111111
"Faculty of Physics, University Duisburg-Essen, Lotharstraße 1, D-47048 Duisburg, Germany","ESO – Karl-Schwarzschild-Str. 2, 85748 Garching bei München, Germany",2,0.09090909090909091
"Meyer Observatory and Central Texas Astronomical Society, Waco, TX, USA","JILA, University of Colorado, Boulder, CO, USA",1,0.034482758620689655
"Dipartimento di Fisica, Università del Salento and INFN Sezione di Lecce, CP 193, I-73100 Lecce, Italy","Dipartimento di Fisica ‘E. R. Caianiello’, Università di Salerno, Baronissi, Italy",1,0.3333333333333333
"Circolo Astrofili Talmassons, I-33030 Talmassons, Italy","Department of Physics, University of Colorado Denver, CO 80217-3364, USA",1,0.125
"Department of Physics & Astronomy, University of Utah, 115 South 1400 East #201, Salt Lake City, UT 84112, USA","Yale University, New Haven, CT 06520-8101, USA",2,0.020833333333333332
"Croatian MAGIC Consortium, Rudjer Boskovic Institute, University of Rijeka and University of Split, HR-10000 Zagreb, Croatia","University of California at Santa Barbara, California, USA",1,0.058823529411764705
"Jodrell Bank Centre for Astrophysics, University of Manchester Alan Turing Building, Manchester M13 9PL","Sharif University of Technology, Tehran, Iran",1,0.03333333333333333
