"CREST, Siddalaghatta Road, Hosakote, Bangalore, India","Fingerprint Digital Media, 9 Victoria Close, Newtownards, Co. Down, BT23 7GY",3,0.004424778761061947
"NRAL, Jodrell Bank, nr Macclesfield, Cheshire SK11 9DL","Centre for Astronomy, National University of Ireland, Galway, Newcastle Rd, Galway, Ireland",2,0.006329113924050633
"University of Hertfordshire, Department of Physical Sciences, College Lane, Hatfield, Herts AL10 9AB","The University of Leicester, Leicester LE1 7RH",4,0.004347826086956522
"University of Hertfordshire, Department of Physical Sciences, College Lane, Hatfield, Herts AL10 9AB","Institute of Physics and Astronomy, University of Aarhus, DK-8000, Aarhus, Denmark",1,0.004347826086956522
"‘E. Fermi’ Center, Via Panisperna 89 A, Compendio del Viminale, I-00184 Rome, Italy","IPD, UNIVAP, São José dos Campos, SP, 12244-000, Brazil",1,0.008547008547008548
"AAVSO, 25 Birch St, Cambridge, MA 02138, USA","Pittsburgh Supercomputing Center, 300 S. Craig Street, Pittsburgh, PA 15213, USA",10,0.0024691358024691358
"School of Physics, Monash University, Clayton, VIC 3800, Australia","Uppsala Astronomical Observatory, Box 515, S-75120 Uppsala, Sweden",1,0.018867924528301886
"School of Physics, Monash University, Clayton, VIC 3800, Australia","Swinburne University of Technology, Centre for Astrophysics and Supercomputing Mail H30, PO Box 218, VIC 3122, Australia",4,0.018867924528301886
"Centre for Theoretical Studies, IIT, Kharagpur 721302, India","Bonn University, Auf dem Hügel 71D, 53121 Bonn, Germany",3,0.005263157894736842
"CBA (Nelson), 8 Regent Lane, Richmond, Nelson, New Zealand","Chungbuk National University Observatory, Cheongju, Korea 361-763",1,0.006578947368421052
"Institute of Astronomy, 72 Tsarigradsko Shosse Blvd., 1784 Sofia, Bulgaria","Graduate Institute of Astronomy, National Central University, Chung-Li 32054, Taiwan",1,0.009345794392523364
"School of Physics & Astronomy, University of Wales, Cardiff","H H Wills Physics Laboratory, Tyndall Avenue, Bristol BS8 1TL, UK",1,0.05555555555555555
"Argelander-Institut für Astronomie, Auf dem Hügel 71, Bonn","Space Science Institute, 4750 Walnut Street, Boulder Suite 205, CO 80301, USA",2,0.009615384615384616
"Department of Physics & Astronomy, University of Kansas, Lawrence, KS 66045, USA","Argonne National Laboratory, 9700 S. Cass Avenue, Lemont, IL 60439, USA",1,0.05555555555555555
"Leiden University, Leiden Observatory, PO Box 9513, NL-2300 RA, Leiden","LAM-UMR 6110, CNRS & Univ. de Provence, 38 rue Fréderic Juliot-Curie, F-13013 Marseille, France",4,0.00411522633744856
"Pittsburgh Supercomputing Center, 300 S. Craig Street, Pittsburgh, PA 15213, USA","DAMTP, Wilberforce Road, Cambridge CB3 0HA",3,0.006756756756756757
"Physics Department, Queen's University, Belfast BT7 1NN","CBA-Belgium. Walhostraat 1A, B-3401 Landen, Belgium",1,0.01282051282051282
"Big Bear Solar Observatory, New Jersey Institute of Technology, Big Bear City, CA 92314, USA","ESO – Karl-Schwarzschild-Str. 2, 85748 Garching bei München, Germany",11,0.002680965147453083
"ESO – Karl-Schwarzschild-Str. 2, 85748 Garching bei München, Germany","Anglo-Australian Observatory, Coonabarabran, NSW 2357, Australia",7,0.0021008403361344537
" Dipartimento di Astronomia,Universitá di Padova, Vicolo dell' Osservatorio 3, Padova I-35122, Italy","Centre de Physique Théorique de Marseille, 13288 Marseille, France",4,0.00546448087431694
" Dipartimento di Astronomia,Universitá di Padova, Vicolo dell' Osservatorio 3, Padova I-35122, Italy","Address at time of contribution to this work: School of Chemistry, University of Nottingham, University Park, Nottingham NG7 2RD",3,0.00546448087431694
" Dipartimento di Astronomia,Universitá di Padova, Vicolo dell' Osservatorio 3, Padova I-35122, Italy","ESA, Villafranca del Castillo, Spain",1,0.00546448087431694
"Imperial College London, South Kensington Campus, London SW7 2AZ","Helmholtz-Zentrum Dresden-Rossendorf, POB 51 01 19, D-01314 Dresden, Germany",1,0.00398406374501992
"Agencia Córdoba Ciencia, Alvarez de Arenales 230, Cordoba, Argentina"," rue des Battieux 2000 Neuchatel, Switzerland",1,0.016666666666666666
"Agencia Córdoba Ciencia, Alvarez de Arenales 230, Cordoba, Argentina","Pontifícia Universidade Católica de Minas Gerais, Rua do Rosário 1081, 32630-000 Betim, MG, Brazil",8,0.016666666666666666
"INAF – IASF Milano, 20133 Milano, Italy","JBCA School of Physics and Astronomy, The University of Manchester, Alan Turing Building, Oxford Road, Manchester M13 9PL",1,0.006060606060606061
"IASF–Bologna/INAF, Via Gobetti 101, I-4012 Bologna, Italy","Haverford College, Astronomy Department, 370 Lancaster Avenue, Haverford, Pennsylvania, USA",3,0.0049504950495049506
"University of Western Ontario, London, ON N6A 3K7, Canada","Royal Military College of Canada, Department of Physics, PO Box 17000, Station ‘Forces‘, Kingston, Ontario, Canada K7K 4B4",4,0.007518796992481203
"Portsmouth Grammar School, High Street, Portsmouth PO1 2LN","Institute for Astronomy, 2680 Woodlawn Dr, Honolulu, HI 96822, USA",3,0.004629629629629629
"Portsmouth Grammar School, High Street, Portsmouth PO1 2LN","Astronomy Department, University of Illinois at Urbana-Champaign, 1002 W. Green Street, Urbana, IL 61801, USA",4,0.004629629629629629
"Earth & Space Sciences, University of Washington, Seattle WA, USA 98195","Center for Particle Cosmology, University of Pennsylvania 209 S. 33rd Street, Philadelphia, PA 19104-6396, USA",1,0.012658227848101266
"University of Southampton, School of Physics and Astronomy, Highfield Campus, Southampton, Hampshire SO17 1BJ"," Department of Physics and Astronomy, Texas A&M University, College Station, TX 77845, USA",1,0.01
"UK Astronomy Technology Centre, Edinburgh EH9 3HJ","Landessternwarte Heidelberg-Königstuhl, 69117 Heidelberg, Germany",3,0.015625
"University of Durham, South Rd, Durham DH1 3LE","Astronomy Group, University of Southampton, Highfield, Southampton SO17 1BJ",3,0.004464285714285714
"University of Durham, South Rd, Durham DH1 3LE","OASU-L3ABordeaux, CNRS UMR 5804, BP 89, 33270 Floirac, France",2,0.004464285714285714
"University of Durham, South Rd, Durham DH1 3LE","Tokyo Metropolitan College of Aeronautics, Tokyo 116-8523, Japan",1,0.004464285714285714
"University of Durham, South Rd, Durham DH1 3LE","Mathematics Department, University of Manchester, Manchester M13 9PL",2,0.004464285714285714
"University of Durham, South Rd, Durham DH1 3LE","Colorado College, 14 East Cache La Poudre Street, Colorado Springs, CO 80903, USA",1,0.004464285714285714
" European Space Agency, ESTEC, 2200 AG Noordwijk, the Netherlands","MPE, Giessenbachstrasse 1, D-85741 Garching, Germany",3,0.005681818181818182
" Hewlett Place, Victoria, BC V8S 497, Canada","Academia Sinica Institute of Astronomy and Astrophysics (ASIAA), PO Box 23, Taipei 106, Taiwan",7,0.0028735632183908046
" Hewlett Place, Victoria, BC V8S 497, Canada","Institut d'Astrophysique et de Géophysique de l'Université de Liège, Belgium",1,0.0028735632183908046
"Centrum Astronomiczne im. M. Kopernika, Bartycka 18, 00–716 Warszawa, Poland"," Korea Astronomy and Space Science Institute, 61-1 Hwaamdong, Yuseong-gu, Daejeon 305–348, Korea",3,0.005434782608695652
"Centrum Astronomiczne im. M. Kopernika, Bartycka 18, 00–716 Warszawa, Poland","Astrophysics Department University of Oxford, 1 Keble Road, Oxford OX1 3RH",1,0.005434782608695652
"School of Physics and Astronomy, St Andrews University, North Haugh, St Andrews, Fife KY16 9SS","Eureka Scientific, USA",5,0.0038022813688212928
"School of Physics and Astronomy, St Andrews University, North Haugh, St Andrews, Fife KY16 9SS","University of Maryland, College Park, MD 20742, USA",1,0.0038022813688212928
"School of Physics and Astronomy, St Andrews University, North Haugh, St Andrews, Fife KY16 9SS","The W.J. McDonald Observatory, Fort Davis, TX 79734-9875, USA",1,0.0038022813688212928
" Astronomy Centre, University of Sussex, Falmer, Brighton BN1 9QH","Department of Physics, UC Davis, One Shields Ave, Davis, CA 95616, USA",3,0.0056179775280898875
" H Street, SW, Washington, DC 20024-2725, USA","Department of Physics & Astronomy, Michigan State University, 3255 Biomedical and Physical Sciences Building, East Lansing, MI 48824, USA",1,0.007751937984496124
" H Street, SW, Washington, DC 20024-2725, USA","School of Information Technologies, University of Sydney, NSW, 2006, Australia",1,0.007751937984496124
"Josai Junior College, 1-1 Keyakidai, Sakado-shi, Saitama 350-0295, Japan","Department of Astronomy, University of Michigan, 830 Dennison Building, 500 Church St., Ann Arbor, MI 48109, USA",1,0.0136986301369863
"SKA South Africa, 3rd Floor, The Park, Park Road, Pinelands 7405, South Africa",", Avenue d Italie, F-75013, Paris, France",4,0.00546448087431694
"SKA South Africa, 3rd Floor, The Park, Park Road, Pinelands 7405, South Africa","Astrophysics Group, Physics Department, University of the Western Cape, Private Bag X17, 7535, Bellville, Cape Town, South Africa",1,0.00546448087431694
"A. Geminale Department of Astronomy, Vicolo dell'Osservatorio 3, 35122 Padova, Italy","ASTRON, PO Box 2, NL-7990 AA Dwingeloo, the Netherlands",3,0.0034602076124567475
"A. Geminale Department of Astronomy, Vicolo dell'Osservatorio 3, 35122 Padova, Italy","Department of Physics and Astronomy, Mail Drop 111, University of Toledo, 2801 West Bancroft Street, Toledo, OH 43606, USA",1,0.0034602076124567475
"A. Geminale Department of Astronomy, Vicolo dell'Osservatorio 3, 35122 Padova, Italy","Tuorla Observatory, Väisäläntie 20, FIN-21500, Piikkiö, Finland",4,0.0034602076124567475
"Astrophysics Group, Cavendish Laboratory, 19 J. J. Thomson Avenue, Cambridge CB3 0HE","Leiden University, Leiden Observatory, PO Box 9513, NL-2300 RA, Leiden",1,0.038461538461538464
"Department of Physics and Astronomy, McMaster University, 1280 Main Street West, Hamilton, ON, Canada L8S 4M1","University of Hertfordshire, Department of Physical Sciences, College Lane, Hatfield, Herts AL10 9AB",4,0.009615384615384616
"Astroclub Radebeul, Auf den Ebenbergen 10a, 01445 Radebeul, Germany","Universidade de Caxias do Sul, 95070-560 Caxias do Sul, RS, Brazil",1,0.004484304932735426
"Rudolf Peierls Centre for Theoretical Physics, Oxford","Abteilung Bioklimatologie, Universität Göttingen, Büsgenweg 2, D-37077 Göttingen, Germany",1,0.011904761904761904
"Fuculty of Science, Kyushu University, Hakozaki, Fukuoka 812-8581, Japan","Astronomy Department, The University of Texas at Austin, 1 University Station C1400, Austin, Texas 78712‐0259, USA",1,0.009345794392523364
"Astronomy Group, University of Southampton, Highfield, Southampton SO17 1BJ","SKA South Africa, 3rd Floor, The Park, Park Road, Pinelands 7405, South Africa",2,0.005154639175257732
"INAF - Osservatorio Astronomico di Palermo, Piazza del Parlamento 1, 90134 Palermo, Italy","University of Western Ontario, London, ON N6A 3K7, Canada",1,0.0027397260273972603
"INAF - Osservatorio Astronomico di Palermo, Piazza del Parlamento 1, 90134 Palermo, Italy"," Pennsylvania State University, Wilkes-Barre Campus, Old Route 115, P.O. Box PSU, Lehman, PA 18627, USA",8,0.0027397260273972603
"INAF - Osservatorio Astronomico di Palermo, Piazza del Parlamento 1, 90134 Palermo, Italy","DMI, Università di Salerno, via S. Allende, 84081 Baronissi (Salerno), Italy",1,0.0027397260273972603
"Macquarie University, Sydney, NSW 2109, Australia","Department of Mathematical Sciences, Durham University, South Road, Durham DH1 3LE, UK",1,0.00847457627118644
", Avenue d Italie, F-75013, Paris, France",NA,1,0.0031746031746031746
"ISAS/JAXA, 3-1-1 Yoshinodai, 229-8510 Sagamihara, Japan"," 14th Street, Suite 1207, Oakland, CA 94612, USA",2,0.011111111111111112
"ISAS/JAXA, 3-1-1 Yoshinodai, 229-8510 Sagamihara, Japan","University of Melbourne, Parkville, Victoria 3010, Australia",1,0.011111111111111112
"INFN Pavia, Via A. Bassi 6, I-27100 Pavia, Italy","CERN, CH-1211 Geneva 23, Switzerland",2,0.024390243902439025
"Royal Observatory Edinburgh, Blackford Hill, Edinburgh, EH9 3HJ","Cavendish Laboratory, Madingley Road, Cambridge CB3 0HE",1,0.0027100271002710027
"Royal Observatory Edinburgh, Blackford Hill, Edinburgh, EH9 3HJ"," W. Wheatridge Drive, Tucson, AZ, 85704, USA",38,0.0027100271002710027
"Royal Observatory Edinburgh, Blackford Hill, Edinburgh, EH9 3HJ","Department of Physics and Astronomy, Box 870324, University of Alabama, Tuscaloosa, AL 35487, USA",1,0.0027100271002710027
"Subaru Telescope, 650 N. A‘ohōkū Place, Hilo, HI 96720, USA","ISAS/JAXA, 3-1-1 Yoshinodai, 229-8510 Sagamihara, Japan",5,0.003278688524590164
"Subaru Telescope, 650 N. A‘ohōkū Place, Hilo, HI 96720, USA"," East 58th Street, Chicago, IL 60615, USA",1,0.003278688524590164
"Subaru Telescope, 650 N. A‘ohōkū Place, Hilo, HI 96720, USA","Département de physique, de génie physique et d'optique and Centre de recherche en astrophysique du Québec (CRAQ), Université Laval, Québec, QC G1V 0A6, Canada",1,0.003278688524590164
"Institute de Astrofisica de Canarias, C/ Via Lactea s/n, E-38200 La Laguna, Spain","Astronomy Department, University of Minnesota, Minneapolis, MN 55455, USA",2,0.0027548209366391185
"Institute de Astrofisica de Canarias, C/ Via Lactea s/n, E-38200 La Laguna, Spain","Alfred-Wegener-Institut für Polar- und Meeresforschung, Bürgermeister-Smidt-Straße 20, 27568 Bremerhaven, Germany",1,0.0027548209366391185
"Aryabhatta Research Institute of Observational Sciences (ARIES), Nainital-263 002, Uttrakhand, India","NASA/GSFC, 8463 Greenbelt, MD 20770-2548, USA",1,0.0625
"School of Computer Science and IT, University of Nottingham, Nottingham NG8 1BB","School of Aerospace, Tsinghua University, Beijing 100084, China",1,0.006134969325153374
"University of Leicester, Space Research Centre, University Road, Leicester LE1 7RH","Macquarie University, Sydney, NSW 2109, Australia",3,0.005076142131979695
"University of Leicester, Space Research Centre, University Road, Leicester LE1 7RH","CBA-Tennessee, 2007 Cedarmont Drive, Franklin, TN 37067, USA",1,0.005076142131979695
"Astrokolkhoz Observatory, PO Box 1351 Cloudcroft, NM 88317, USA","Institute Isaac Newton of Chile, Yugoslavia Branch, Belgrade, Serbia",1,0.005649717514124294
"Astrokolkhoz Observatory, PO Box 1351 Cloudcroft, NM 88317, USA","CNRS, IRAP, F-31028 Toulouse Cedex 4, France",1,0.005649717514124294
"Department of Physics and Astronomy 3905, University of Wyoming, 1000 E. University, Laramie, WY 82071, USA","CEA / SACLAY, 91191 Gif sur Yvette cedex, France",1,0.01694915254237288
"Anglo-Australian Observatory, Coonabarabran, NSW 2357, Australia","A. Geminale Department of Astronomy, Vicolo dell'Osservatorio 3, 35122 Padova, Italy",2,0.0048543689320388345
"Anglo-Australian Observatory, Coonabarabran, NSW 2357, Australia","W. M. Keck Observatory, 65-1120 Mamalahoa Hwy, Kamuela, HI 96743, USA",2,0.0048543689320388345
"Anglo-Australian Observatory, Coonabarabran, NSW 2357, Australia","UC, Berkeley, USA",1,0.0048543689320388345
"Caltech M/C 249-17, Pasadena, CA 91125, USA"," Dipartimento di Astronomia,Universitá di Padova, Vicolo dell' Osservatorio 3, Padova I-35122, Italy",19,0.003048780487804878
"NASA Ames, Moffett Field, CA 94035, USA","Ulugh Beg Astronomical Institute, Tashkent 700052, Uzbekistan",2,0.007246376811594203
"Afeka, Tel Aviv Academic College of Engineering, Tel Aviv 69107, Israel"," Space Sciences Laboratory, University of California, Berkeley, CA, USA",1,0.00684931506849315
"Department of Physics and Astronomy, University of Aarhus, Ny Munkegade, Building 1520, DK 8000 Aarhus C, Denmark"," Department of Astronomy, Yale University, PO Box 208101, New Haven CT 06520-8101, USA",2,0.013333333333333334
"Centre de Physique Théorique de Marseille, 13288 Marseille, France","Subaru Telescope, 650 N. A‘ohōkū Place, Hilo, HI 96720, USA",2,0.0035842293906810036
"Centre de Physique Théorique de Marseille, 13288 Marseille, France","Astrophysics & Supercomputing, Swinburne University, Hawthorn VIC 3122, Australia",1,0.0035842293906810036
"INAF — Osservatorio Astronomico di Monte Porzio, Monte Porzio Catone (Roma), Italy","Astrophysics Group, Keele University, Staffordshire ST5 5BG",5,0.003968253968253968
"Nigde University, Department of Physics, Nigde, Turkey, 51200","Big Bear Solar Observatory, New Jersey Institute of Technology, Big Bear City, CA 92314, USA",1,0.013157894736842105
" Department of Astronomy, Yale University, PO Box 208101, New Haven CT 06520-8101, USA","Fingerprint Digital Media, 9 Victoria Close, Newtownards, Co. Down, BT23 7GY",1,0.007246376811594203
"CBA-Belgium. Walhostraat 1A, B-3401 Landen, Belgium"," IFAE, Edifici Cn., Campus UAB, E-08193 Bellaterra, Spain",1,0.0053475935828877
" IUCAA, Ganeshkhind, Pune 411007, India","Pittsburgh Supercomputing Center, 300 S. Craig Street, Pittsburgh, PA 15213, USA",2,0.007352941176470588
" IUCAA, Ganeshkhind, Pune 411007, India","Hans Raj College, University of Delhi, Delhi 110007, India",2,0.007352941176470588
"ASTRON, PO Box 2, NL-7990 AA Dwingeloo, the Netherlands","Center for EUV Astrophysics, 2150 Kittredge Street, University of California, Berkeley, CA 94720-7450, USA",1,0.003787878787878788
"Department of Physics & Astronomy, 12 Physics Building, Iowa State University, Ames, IA 50011, USA","Graduate Institute of Astronomy, National Central University, Chung-Li 32054, Taiwan",1,0.009259259259259259
" Space Sciences Laboratory, University of California, Berkeley, CA, USA","AAVSO, 25 Birch St, Cambridge, MA 02138, USA",2,0.02127659574468085
"H H Wills Physics Laboratory, Tyndall Avenue, Bristol BS8 1TL, UK","ESO, Casilla 19001, Santiago 19, Chile",2,0.005813953488372093
"Eureka Scientific, USA","DGA Maîtrise de l’information, BP 7 35998 Rennes Cedex 9, France",1,0.005128205128205128
"Eureka Scientific, USA","Department of Physics, Western Michigan University, 1120 Everett Tower, Kalamazoo, MI 49008, USA",1,0.005128205128205128
"Eureka Scientific, USA","Warsaw University Observatory, Al. Ujazdowskie 4, PL-00-478, Poland",2,0.005128205128205128
"Eureka Scientific, USA","New York University, 4 Washington Place, New York, NY 10003, USA",4,0.005128205128205128
"Landessternwarte Heidelberg-Königstuhl, 69117 Heidelberg, Germany","CBA-Belgium. Walhostraat 1A, B-3401 Landen, Belgium",5,0.0030303030303030303
"Landessternwarte Heidelberg-Königstuhl, 69117 Heidelberg, Germany","Institute for Solar-Terrestrial Physics, PO Box 4026, Irkutsk, 664033, Russia",1,0.0030303030303030303
"United Laboratory for Optical Astrometry, The Chinese Academy of Sciences, China","Astrophysics Group, Cavendish Laboratory, 19 J. J. Thomson Avenue, Cambridge CB3 0HE",1,0.008130081300813009
"Department of Astronomy, University of Michigan, 830 Dennison Building, 500 Church St., Ann Arbor, MI 48109, USA","Royal Observatory, Institute of Astronomy, Edinburgh EH9 3HJ",1,0.005988023952095809
"Department of Astronomy, University of Michigan, 830 Dennison Building, 500 Church St., Ann Arbor, MI 48109, USA","Department of Physics, Texas A& M University, College Station, Texas 77843-4242, USA",1,0.005988023952095809
"Agder College, Grooseveien 36, N-4890 Grimstad, Norway","Southwestern University, 1001 E. University Avenue, Georgetown, Texas 78626, USA",2,0.03225806451612903
"ARIES, Manora Peak, Nainital 263129, India","Department of Physics, University of Tromso, N-9037 Tromso, Norway",2,0.008849557522123894
"Johns Hopkins University, 3400 N. Charles Street, 21218, Baltimore, MD, USA","School of Computer Science and IT, University of Nottingham, Nottingham NG8 1BB",22,0.004739336492890996
"Johns Hopkins University, 3400 N. Charles Street, 21218, Baltimore, MD, USA","University of Sussex, Astronomy Centre, Brighton BN1 9QJ",1,0.004739336492890996
" Korea Astronomy and Space Science Institute, 61-1 Hwaamdong, Yuseong-gu, Daejeon 305–348, Korea","Institute for Astronomy, 2680 Woodlawn Dr, Honolulu, HI 96822, USA",2,0.006666666666666667
"CIEMAT, Avda. Complutense 22, 28040 Madrid, Spain","FRACTAL SLNE, C/Tulipán 2, p13 1-A, E-28231 Las Rozas (Madrid), Spain",1,0.002976190476190476
"School of Physical Sciences and NCPST, DCU, Glasnevin, Dublin 9, Ireland","Center for Particle Cosmology, University of Pennsylvania 209 S. 33rd Street, Philadelphia, PA 19104-6396, USA",1,0.00980392156862745
"Fakultät für Mathematik, Ruhr-University of Bochum, Mathematik III, NA 3/70, Universitätsstraße 150, 44780 Bochum, Germany","Laboratoire d'Astronomie Spatiale, Traverse du Siphon, F-13376 Marseille Cedex 12, France",1,0.015625
"Beykent University, Faculty of Science and Letters, Department of Mathematics and Computer, Ayazağa 34396, Istanbul, Turkey","Cracow Pedagogical University, ul. Podchorazych 2, 30-084 Krakow, Poland",1,0.023809523809523808
" W. Wheatridge Drive, Tucson, AZ, 85704, USA","University of British Columbia, 6224 Agricultural Road Vancouver, BC V6T 1Z1 Canada",7,0.0025575447570332483
" W. Wheatridge Drive, Tucson, AZ, 85704, USA","Cardiff University, Queen's Buildings, 5 The Parade, Cardiff CF24 3YB",2,0.0025575447570332483
" W. Wheatridge Drive, Tucson, AZ, 85704, USA","NOAO, Tuscon, AZ, USA",1,0.0025575447570332483
" The Observatories of the Carnegie Institution for Science, Pasadena, CA, USA","MPE, Giessenbachstrasse 1, D-85741 Garching, Germany",3,0.014492753623188406
"Swarthmore College, Swarthmore, PA 19081, USA","Princeton University Observatory, Ivy Lane, Princeton, NJ 08544, USA",2,0.003937007874015748
"Consejo Superior de Investigaciones Científicas, C/Serrano 117, E-28006 Madrid, Spain","Astroclub Radebeul, Auf den Ebenbergen 10a, 01445 Radebeul, Germany",4,0.011764705882352941
" Big Horn Ridge, NE, Albuquerque, NM 87122, USA","Nikolaev National University, Nikolska 24, Nikolaev 54030, Ukraine",1,0.012987012987012988
"Crimea Astrophysical Observatory, Yalta, 334242 Crimea, Ukraine","Tuorla Observatory, Väisäläntie 20, FIN-21500, Piikkiö, Finland",1,0.014925373134328358
"Crimea Astrophysical Observatory, Yalta, 334242 Crimea, Ukraine","Circolo Astrofili Talmassons, I-33030 Talmassons, Italy",1,0.014925373134328358
"Observatori Astronòmic, Universitat de València, Edifici Instituts d'Investigació, Poligon La Coma, 46980 Paterna, València, Spain","ASDC, via Galileo Galilei, I-00044, Frascati, Italy",1,0.08333333333333333
"Koninklijke Sterrenwacht van Belgie, Brussels, Belgium","NASA Ames, Moffett Field, CA 94035, USA",16,0.005988023952095809
"National Science Foundation, Division of Astronomical Sciences","Leiden University, Leiden Observatory, PO Box 9513, NL-2300 RA, Leiden",1,0.125
"Divisão de Astrofísica, INPE/MCT CP 515, 12201-970 SP, Brazil","Rudolf Peierls Centre for Theoretical Physics, Oxford",1,0.022222222222222223
"Liverpool John Moores University, Birkenhead CH41 1LD","University of Western Ontario, London, ON N6A 3K7, Canada",1,0.0031746031746031746
"Liverpool John Moores University, Birkenhead CH41 1LD"," Pennsylvania State University, Wilkes-Barre Campus, Old Route 115, P.O. Box PSU, Lehman, PA 18627, USA",5,0.0031746031746031746
"University of Melbourne, Parkville, Victoria 3010, Australia","Department of Physics, University of Bristol, Bristol BS8 1TL",1,0.011111111111111112
"Schnörringen Telescope Science Institute, Waldbröl, Germany","School of Earth & Space Exploration, Arizona State University, PO Box 871404, Tempe, Arizona, USA",1,0.027777777777777776
"Institut de Physique Nucléaire de Lyon, 69622 Villeurbanne, France","CITA, 60 St. George St, Toronto M5S 3H8, ON, Canada",1,0.0625
" East 58th Street, Chicago, IL 60615, USA"," 14th Street, Suite 1207, Oakland, CA 94612, USA",1,0.006289308176100629
"Electric Wave Propagation Institute of China, Xinxiang 453003, China","Johns Hopkins University, 3400 N. Charles Street, 21218, Baltimore, MD, USA",1,0.05263157894736842
"ATNF-CSIRO, Epping, Sydney, Australia","LERMA, Observatoire de Paris, UMR8112, 61, avenue de l'Observatoire, Paris F‐75014, France",1,0.037037037037037035
"Princeton University Observatory, Ivy Lane, Princeton, NJ 08544, USA","Bucknell University, Lewisburg, PA, USA",1,0.00909090909090909
"CEA / SACLAY, 91191 Gif sur Yvette cedex, France","Instituto de Astrofísica de Andalucía (IAA-CSIC), Granada, Andalucía 18080, Spain",1,0.003205128205128205
"Instituto de Radio Astronomía Milimétrica, E-18012 Granada, Spain","Física Teórica, Univ. de Sevilla, Apdo. 1065, E-41080 Sevilla, Spain",2,0.0031847133757961785
"NASA/GSFC, 8463 Greenbelt, MD 20770-2548, USA","Instituto de Ciencias Nucleares (UNAM), Ap.Postal 70-543, CP 04510, México D.F., México",1,0.003875968992248062
"NASA/GSFC, 8463 Greenbelt, MD 20770-2548, USA","Special Astrophysical Observatory RAS, Karachaevo-Cherkassian res, Nizhnij Arkhyz 36916, Russia",1,0.003875968992248062
"Hankasalmi Observatory, Kyllikinkatu 1, FI-40100 Jyväskylä, Finland","Labóratorio Nacional de Astrofísica, Itajubá, Brazil",1,0.030303030303030304
"Astronomický ústav AV ČR, Fričova 298, CZ-251 65 Ondřejov, Czech Republic","Astronomy Department, University of Minnesota, Minneapolis, MN 55455, USA",1,0.02040816326530612
"ESO, Casilla 19001, Santiago 19, Chile","Centre for Theoretical Studies, IIT, Kharagpur 721302, India",1,0.002702702702702703
"Centro de Física, IVIC, Caracas 1020A, Venezuela","CAAUL, Observatório Astronómico de Lisboa, Tapada da Ajuda, 1349-018 Lisboa, Portugal",1,0.006097560975609756
"Centro de Física, IVIC, Caracas 1020A, Venezuela","School of Physics, Huazhong University of Science and Technology, Wuhan,China",5,0.006097560975609756
"Elviraland 194, 2591 GM The Hague, the Netherlands","I. A. S. — Planetologia, via Fosso del Cavaliere 100, I-00133 Roma, Italy",2,0.0035211267605633804
"Elviraland 194, 2591 GM The Hague, the Netherlands","Faculty of Science and Technology, Hirosaki University, 3 bunkyo-cho, Hirosaki, Aomori, 036-8561, Japan",1,0.0035211267605633804
"Centre de Recherche Astronomique de Lyon, 9 Avenue Charles André, 69230 Saint-Genis-Laval, France","Denys Wilkinson Building, University of Oxford, Keble Road, Oxford",5,0.012195121951219513
"European Southern Observatory, D-85748 Garching bei München, Germany"," The Observatories of the Carnegie Institution for Science, Pasadena, CA, USA",1,0.0136986301369863
"DiSBeF – Università degli Studi di Urbino ‘Carlo Bo’, I-61029 Urbino, Italy"," Dipartimento di Astronomia,Universitá di Padova, Vicolo dell' Osservatorio 3, Padova I-35122, Italy",6,0.0055248618784530384
"DiSBeF – Università degli Studi di Urbino ‘Carlo Bo’, I-61029 Urbino, Italy","INAOE, Apartado Postal 51 y 216, Puebla, Mexico",1,0.0055248618784530384
"The University of Leicester, Leicester LE1 7RH"," Space Sciences Laboratory, University of California, Berkeley, CA, USA",3,0.005847953216374269
"Address at time of contribution to this work: School of Chemistry, University of Nottingham, University Park, Nottingham NG7 2RD","Subaru Telescope, 650 N. A‘ohōkū Place, Hilo, HI 96720, USA",14,0.004545454545454545
"Address at time of contribution to this work: School of Chemistry, University of Nottingham, University Park, Nottingham NG7 2RD","Astrophysics & Supercomputing, Swinburne University, Hawthorn VIC 3122, Australia",5,0.004545454545454545
"Address at time of contribution to this work: School of Chemistry, University of Nottingham, University Park, Nottingham NG7 2RD"," Iowa Street, Ashland, OR 97520, USA",7,0.004545454545454545
"Department of Mathematical Sciences, Durham University, South Road, Durham DH1 3LE, UK","Big Bear Solar Observatory, New Jersey Institute of Technology, Big Bear City, CA 92314, USA",8,0.00625
"Korea Institute for Advanced Study, 207-43 Cheongryangri-dong Dongdaemun-gu, Seoul 130-012, Korea","Department of Physics and Astronomy, Rutgers, the State University of New Jersey, 136 Frelinghuysen Road, Piscataway, NJ 08854-8019, USA",3,0.006896551724137931
"Astronomy Group, The Denys Wilkinson Building, Keble Road, Oxford OX1 3RH","Earth & Space Sciences, University of Washington, Seattle WA, USA 98195",2,0.004347826086956522
"Astronomy Group, The Denys Wilkinson Building, Keble Road, Oxford OX1 3RH","Einstein Fellow/Yale Center for Astronomy and Astrophysics, Yale University, PO Box 208121, New Haven, CT 06520, USA",2,0.004347826086956522
"The Open University, Walton Hall, Milton Keynes MK7 6AA","ESO, Casilla 19001, Santiago 19, Chile",3,0.0048543689320388345
"The Open University, Walton Hall, Milton Keynes MK7 6AA","Laboratoire d'Astrophysique de l'Observatoire de Grenoble (LAOG), 414 rue de la Piscine, BP 53-X Grenoble, France",1,0.0048543689320388345
"MIT Haystack Observatory, Off Route 40, Westford, MA 01886, USA",ARC Centre of Excellence for All-sky Astrophysics (CAASTRO),1,0.04
"Astrophysics Department University of Oxford, 1 Keble Road, Oxford OX1 3RH","Institute for Astronomy, 2680 Woodlawn Dr, Honolulu, HI 96822, USA",1,0.005
"Tata Institute of Fundamental Research, Mumbai 400 005, India","Merrowinger str. 10, D-40223 Düsseldorf, Germany",1,0.011494252873563218
"Institute for Astronomy, 2680 Woodlawn Dr, Honolulu, HI 96822, USA","University of Leicester, Space Research Centre, University Road, Leicester LE1 7RH",1,0.005208333333333333
"Swinburne University of Technology, Centre for Astrophysics and Supercomputing Mail H30, PO Box 218, VIC 3122, Australia","Academia Sinica Institute of Astronomy and Astrophysics (ASIAA), PO Box 23, Taipei 106, Taiwan",2,0.008130081300813009
"The Weizmann Institute Centre for Astrophysics, Rehovot 76100, Israel","INAF - Osservatorio Astronomico di Palermo, Piazza del Parlamento 1, 90134 Palermo, Italy",1,0.011235955056179775
"The Weizmann Institute Centre for Astrophysics, Rehovot 76100, Israel","Liverpool John Moores University, Birkenhead CH41 1LD",2,0.011235955056179775
"Gretelbaumbachstr. 31, 97424 Schweinfurt, Germany","NASA Ames, Moffett Field, CA 94035, USA",1,0.017857142857142856
"Astrophysics Group, Keele University, Staffordshire ST5 5BG","RIKEN, Chiyoda-ku, Tokyo 100-0005, Japan",3,0.004672897196261682
"Astrophysics Group, Keele University, Staffordshire ST5 5BG","Physical Research Laboratory, Ahmedabad 390 009, India",1,0.004672897196261682
"Astrophysics Group, Keele University, Staffordshire ST5 5BG","Afdeling Sterrenkunde, Radboud Universiteit Nijmegen, Faculteit NWI, Postbus 9010, 6500 GL Nijmegen, the Netherlands",5,0.004672897196261682
"Abteilung Bioklimatologie, Universität Göttingen, Büsgenweg 2, D-37077 Göttingen, Germany","Rudolf Peierls Centre for Theoretical Physics, Oxford",1,0.009345794392523364
"School of Physics, University of Sydney, 2006, Australia","LATMOS-CNRS, 11 boulevard d'Alembert, 78280 Guyancourt, France",2,0.017857142857142856
"Chinese Academy of Sciences, Beijing Astronomical Observatory, China","University of Western Ontario, London, ON N6A 3K7, Canada",1,0.005434782608695652
"Bucknell University, Lewisburg, PA, USA","Australia National Telescope Facility, CSIRO, PO Box 76, Epping, New South Wales 17190, Australia",1,0.05555555555555555
"IPD, UNIVAP, São José dos Campos, SP, 12244-000, Brazil","Astronomical Institute of the Romanian Academy, Bucharest, Romania",1,0.008333333333333333
"Institut für Astrophysik, Friedrich-Hund-Platz 1, 37077 Göttingen, Germany"," W. Wheatridge Drive, Tucson, AZ, 85704, USA",9,0.0035211267605633804
"Institut für Astrophysik, Friedrich-Hund-Platz 1, 37077 Göttingen, Germany","GREYC CNRS UMR 6072, Image Processing Group, ENSICAEN 14050, Caen Cedex, France",1,0.0035211267605633804
"Department of Earth and Space Science, Osaka University, 1-1 Machikaneyama, Toyonaka, Osaka 560-0043, Japan","ISAS/JAXA, 3-1-1 Yoshinodai, 229-8510 Sagamihara, Japan",1,0.2
"University of Tasmania, GPO Box 252-37, Hobart, 7001, Australia"," Monash Ave, Nedlands, WA 6009, Australia",1,0.02631578947368421
"Physics & Astronomy, East Tennessee State University, Johnson City, TN 37614, USA","Elviraland 194, 2591 GM The Hague, the Netherlands",1,0.02702702702702703
" Delphon Str., Thessaloniki 546 43, Greece","CAAUL, Observatório Astronómico de Lisboa, Tapada da Ajuda, 1349-018 Lisboa, Portugal",1,0.037037037037037035
"KIPAC, PO Box 20450, MS29, Stanford, CA 94309, USA","University of California Santa Barbara, Department of Physics, Santa Barbara, CA 93106, USA",1,0.01
"LERMA, Observatoire de Paris, UMR8112, 61, avenue de l'Observatoire, Paris F‐75014, France","Lawrence Berkeley National Laboratory, Berkeley, CA, USA",1,0.005050505050505051
"Department of Astronomy, Beijing Normal University, 19 Avenue Xinjiekouwai, Beijing 100875, China","Subaru Telescope, 650 N. A‘ohōkū Place, Hilo, HI 96720, USA",2,0.029411764705882353
"Department of Physics, UC Davis, One Shields Ave, Davis, CA 95616, USA","HE Space Operations GmbH, Flughafenallee 24, D-28199 Bremen, Germany",1,0.02
"University of Technology Sydney, Broadway, NSW 2007, Australia","The University of Leicester, Leicester LE1 7RH",4,0.08333333333333333
"School of Earth & Space Exploration, Arizona State University, PO Box 871404, Tempe, Arizona, USA"," Hewlett Place, Victoria, BC V8S 497, Canada",1,0.043478260869565216
"Astronomy Department, The University of Texas at Austin, 1 University Station C1400, Austin, Texas 78712‐0259, USA","The Open University, Walton Hall, Milton Keynes MK7 6AA",2,0.01639344262295082
"LinkLab, 4506 Graystone Ave., Bronx NY 10471, USA","Department of Astronomy, Indiana University, 727 East 3rd Street, Swain West 319, Bloomington, IN 47405, USA",1,0.06666666666666667
"LinkLab, 4506 Graystone Ave., Bronx NY 10471, USA","Department of Physics, University of Ljubljana, Jadranska 19, 1000 Ljubljana, Slovenia",1,0.06666666666666667
" Rue du Dr Laulaigne, 49670 Valanjou, France","NRAO Headquarters, 520 Edgemont Road, Charlottesville, VA 22903, USA",1,0.012195121951219513
" Rue du Dr Laulaigne, 49670 Valanjou, France","Department of Physics and Astronomy, SUNY Stony Brook, Stony Brook, NY 11794-3800, USA",1,0.012195121951219513
"Warsaw University Observatory, Al. Ujazdowskie 4, PL-00-478, Poland","IFAC-CNR, Firenze & ISTI-CNR, 56124 Pisa, Italy",1,0.015873015873015872
"Institut für Astro und Teilchenphysik, Leopold Franzens Universität Innsbruck, Technikerstraße 25/8, A-6020 Innsbruck, Austria","Grupo de Mecánica Celeste, Facultad de Ciencias, 47005 Valladolid, Spain",1,0.010416666666666666
"Department of Physics and Asrtronomy, James Madison University, 901 Carrier Dr., Harrisonburg, VA 22807, USA","Royal Observatory Edinburgh, Blackford Hill, Edinburgh, EH9 3HJ",2,0.023809523809523808
"Astronomy Department, UC Berkeley, Hearst Field Annex B-20, Berkeley, CA 94720-3411, USA","Merrowinger str. 10, D-40223 Düsseldorf, Germany",4,0.005208333333333333
"Obserwatorium Astronomiczne, Uniwersytet Jagiellonski, ul. Orla 171, 30-244 Kraków, Poland","Centrum Astronomiczne im. M. Kopernika, Bartycka 18, 00–716 Warszawa, Poland",1,0.05
"GREYC CNRS UMR 6072, Image Processing Group, ENSICAEN 14050, Caen Cedex, France","University of British Columbia, 6224 Agricultural Road Vancouver, BC V6T 1Z1 Canada",1,0.02040816326530612
"GREYC CNRS UMR 6072, Image Processing Group, ENSICAEN 14050, Caen Cedex, France","ARIES, Manora Peak, Nainital 263129, India",3,0.02040816326530612
"GREYC CNRS UMR 6072, Image Processing Group, ENSICAEN 14050, Caen Cedex, France","Cardiff University, Queen's Buildings, 5 The Parade, Cardiff CF24 3YB",1,0.02040816326530612
"Lawrence Berkeley National Laboratory, Berkeley, CA, USA","IASF–Bologna/INAF, Via Gobetti 101, I-4012 Bologna, Italy",1,0.007633587786259542
"Sharif University of Technology, Tehran, Iran","ASTRON, PO Box 2, NL-7990 AA Dwingeloo, the Netherlands",1,0.02702702702702703
"Cracow Pedagogical University, ul. Podchorazych 2, 30-084 Krakow, Poland"," W. Wheatridge Drive, Tucson, AZ, 85704, USA",1,0.010526315789473684
"Cracow Pedagogical University, ul. Podchorazych 2, 30-084 Krakow, Poland","GREYC CNRS UMR 6072, Image Processing Group, ENSICAEN 14050, Caen Cedex, France",1,0.010526315789473684
"Astrophysics & Supercomputing, Swinburne University, Hawthorn VIC 3122, Australia"," East 58th Street, Chicago, IL 60615, USA",11,0.005154639175257732
" Space Sciences Building, Cornell University, Ithaca, NY 14853, USA","School of GeoSciences, University of Edinburgh, Grant Institute, The King's Buildings, West Mains Road, Edinburgh EH9 3JW",3,0.007518796992481203
"University of Washington, Department of Physics, Seattle, WA 98195, USA","Geophysical Fluid Dynamics Laboratory, 201 Forrestal Road, Princeton, NJ 08540, USA",1,0.009345794392523364
"JBCA School of Physics and Astronomy, The University of Manchester, Alan Turing Building, Oxford Road, Manchester M13 9PL","Argelander-Institut für Astronomie, Auf dem Hügel 71, Bonn",1,0.008849557522123894
"Aerospace Research Laboratories, Northrop Grumman Aerospace Systems, Redondo Beach, CA 90278, USA","NRAO Array Operations Center, PO Box 0, Socorro, NM 87801-0387, USA",1,0.25
"Department of Physics, Gibbit Hill Road, University of Warwick, Coventry CV4 7AL, UK","Space Science Institute, 4750 Walnut Street, Boulder Suite 205, CO 80301, USA",1,0.02
"University of California, Davis, One Shields Avenue, CA 95616, USA","ESO, Casilla 19001, Santiago 19, Chile",1,0.047619047619047616
"Yerevan Physics Institute, 2 Alikhanian Brothers St., 375036 Yerevan, Armenia","Baumkamp 8, 22299 Hamburg, Germany",1,0.027777777777777776
"Department of Physics, Nara Women's University, Kitauoyanishimachi, Nara, Nara 630-8506, Japan","Fermi National Accelerator Laboratory, Box 500, Batavia, IL 60510, USA",1,0.14285714285714285
Apache Point Observatory,"Princeton University Observatory, Ivy Lane, Princeton, NJ 08544, USA",2,0.0136986301369863
"Laboratori d'Estudis Geofísics Eduard Fontseré (LEGEF), IEC, E-47. 08001 Barcelona, Spain","Eureka Scientific, USA",1,0.005319148936170213
"Afdeling Sterrenkunde, Radboud Universiteit Nijmegen, Faculteit NWI, Postbus 9010, 6500 GL Nijmegen, the Netherlands","Centre for Astrophysics Research, University of Hertfordshire, Hatfield",2,0.006711409395973154
"Afdeling Sterrenkunde, Radboud Universiteit Nijmegen, Faculteit NWI, Postbus 9010, 6500 GL Nijmegen, the Netherlands","Center for Information Technology (CIT), University of Groningen, NL-9700 CA Groningen, the Netherlands",1,0.006711409395973154
"Department of Astrophysical Sciences, Princeton University","RIKEN, Chiyoda-ku, Tokyo 100-0005, Japan",2,0.015151515151515152
"Department of Physics & Astronomy, Michigan State University, 3255 Biomedical and Physical Sciences Building, East Lansing, MI 48824, USA","Universidade de Caxias do Sul, 95070-560 Caxias do Sul, RS, Brazil",1,0.015384615384615385
"University of Notre Dame, Department of Physics, 225 Nieuwland Science Hall, Notre Dame, IN 46556, USA"," Pennsylvania State University, Wilkes-Barre Campus, Old Route 115, P.O. Box PSU, Lehman, PA 18627, USA",1,0.05263157894736842
"Astronomy and Astrophysics Department, Villanova University, Villanova, PA 19085, USA","New Mexico State University, 1320 Frenger Street, Las Cruces, NM, 88003, USA",1,0.008064516129032258
"School of Mechanical, Electrical and Information Engineering, Shandong University, Weihai 264209, China"," W. Wheatridge Drive, Tucson, AZ, 85704, USA",1,0.07692307692307693
"ESA, Villafranca del Castillo, Spain","Subaru Telescope, 650 N. A‘ohōkū Place, Hilo, HI 96720, USA",1,0.009259259259259259
"ESA, Villafranca del Castillo, Spain","Dublin City University, Dublin 9, Ireland",1,0.009259259259259259
"ESA, Villafranca del Castillo, Spain"," Iowa Street, Ashland, OR 97520, USA",1,0.009259259259259259
"Konkoly Observatory, Konkoly Thege M. u. 15-17, H-1121 Budapest, Hungary","LAM-UMR 6110, CNRS & Univ. de Provence, 38 rue Fréderic Juliot-Curie, F-13013 Marseille, France",1,0.0058823529411764705
"Konkoly Observatory, Konkoly Thege M. u. 15-17, H-1121 Budapest, Hungary","Department of Physics and Astronomy, East Los Angeles College, Monterey Park, CA 91754, USA",1,0.0058823529411764705
"Goupe d'Astrophysique, UMR 5024 CNRS, Case CC72, Place Bataillon, 34095 Montpellier Cedex 5, France","Imperial College London, South Kensington Campus, London SW7 2AZ",2,0.045454545454545456
"Department of Physics, College of Science, University of Wasit, Kut, Wasit, Iraq","JBCA School of Physics and Astronomy, The University of Manchester, Alan Turing Building, Oxford Road, Manchester M13 9PL",1,1.0
"CASA, University of Colorado, 389 UCB, Boulder, CO 80309-0389, USA","Associate of the Minor Planet Centre, 1-3-19 Takenokuchi, Sumoto, Hyogo 656-0011, Japan",1,0.006097560975609756
"Baker Observatory, Missouri State University, Springfield, MO 65648, USA","Institute de Astrofisica de Canarias, C/ Via Lactea s/n, E-38200 La Laguna, Spain",1,0.03333333333333333
"The Institute for Computational Astrophysics, Saint Mary's University, Halifax, NS, B3H 3C3 Canada","Academia Sinica Institute of Astronomy and Astrophysics (ASIAA), PO Box 23, Taipei 106, Taiwan",1,0.030303030303030304
"The Institute for Computational Astrophysics, Saint Mary's University, Halifax, NS, B3H 3C3 Canada","Wayne State University, 666 W. Hancock Street, Detroit, MI 48201, USA",1,0.030303030303030304
"RAL Space, STFC-Rutherford Appleton Laboratory, Harwell Campus, Chilton, Didcot, Oxon OX11 0QX","Blackett Laboratory Optics Section, Imperial College, London SW7 2BZ",1,0.043478260869565216
"Lunar and Planetary Laboratory, University of Arizona, Sonett Space Science Building, Tucson, AZ, 85721-0063, USA",", Avenue d Italie, F-75013, Paris, France",2,0.05
"School of Information Technologies, University of Sydney, NSW, 2006, Australia","Universidade de Caxias do Sul, 95070-560 Caxias do Sul, RS, Brazil",1,0.004132231404958678
"Aix-Marseille Université, PIIM UMR-CNRS 7345, F-13397 Marseille, France","CIEMAT, Avda. Complutense 22, 28040 Madrid, Spain",1,0.029411764705882353
" Iowa Street, Ashland, OR 97520, USA","ISAS/JAXA, 3-1-1 Yoshinodai, 229-8510 Sagamihara, Japan",1,0.009523809523809525
" Iowa Street, Ashland, OR 97520, USA"," East 58th Street, Chicago, IL 60615, USA",3,0.009523809523809525
"Tekov Observatory, Sokolovská 21, 934 01, Levice, Slovak Republic","Astronomical Observatory of Jagiellonia University, 30-274 Krakow, Poland",1,0.2
"Institute for Computational Cosmology, Durham University, Durham DH1 3LE"," Dipartimento di Astronomia,Universitá di Padova, Vicolo dell' Osservatorio 3, Padova I-35122, Italy",5,0.0053475935828877
"Physics and Astronomy, University of Georgia, 240 Physics, Athens, GA 30602, USA","University of California, Berkeley, Dept. of Astronomy, 601 Campbell Hall 3411, Berkeley, CA 94720, USA",2,0.1111111111111111
PLANET/RoboNet Collaborations,"Landessternwarte Heidelberg-Königstuhl, 69117 Heidelberg, Germany",1,0.3333333333333333
"University of California Irvine, Irvine, CA 92697–4575, USA","IFCA, CSIC-Univ. de Cantabria, Avda. los Castros, s/n, E-39005 Santander, Spain",1,0.007518796992481203
"University of California Irvine, Irvine, CA 92697–4575, USA","Merrowinger str. 10, D-40223 Düsseldorf, Germany",1,0.007518796992481203
"University of California Irvine, Irvine, CA 92697–4575, USA","University of Pennsylvania, Philadelphia, PA 19104, USA",1,0.007518796992481203
"University of California Irvine, Irvine, CA 92697–4575, USA","Department of Physics, University of Oxford, Oxford OX1 3PU",1,0.007518796992481203
"Department of Physics, 210 Hodges Hall, West Virginia University, Morgantown, WV 26506, USA"," School of Physics, University of New South Wales, Sydney, NSW 2052, Australia",1,0.038461538461538464
"Eötvös Loránd University, Department of Astronomy, Pázmány Péter sétány 1/A, Budapest, H-1518, Hungary","University of Szeged, Department of Exp. Physics and Astron. Obs., H-6720 Szeged, Dómtér 9, Hungary",1,0.05555555555555555
"University of California at Berkeley, Berkeley, CA 94720-3411, USA"," Hewlett Place, Victoria, BC V8S 497, Canada",1,0.25
"Carnegie Observatories, 813 Santa Barbara Street, Pasadena, CA 91101","Kehäkukantie 3B, 00720 Helsinki, Finland",2,0.02631578947368421
"Department of Physics & Astronomy, University of Manitoba, Winnipeg, Manitoba R3T 2N2, Canada","Department of Physics, Durham University, Durham DH1 3LE",1,0.041666666666666664
"Mathematics Department, University of Manchester, Manchester M13 9PL","SKA South Africa, 3rd Floor, The Park, Park Road, Pinelands 7405, South Africa",1,0.005291005291005291
"Mathematics Department, University of Manchester, Manchester M13 9PL","Chemistry Department, George Mason University, Fairfax, VA 22030, USA",2,0.005291005291005291
"Durham University, South Road, Durham DH1 3LE, UK","Pontifícia Universidade Católica de Minas Gerais, Rua do Rosário 1081, 32630-000 Betim, MG, Brazil",1,0.2
"Labóratorio Nacional de Astrofísica, Itajubá, Brazil","Associate of the Minor Planet Centre, 1-3-19 Takenokuchi, Sumoto, Hyogo 656-0011, Japan",1,0.008130081300813009
"Department of Astronomy, University of Massachusetts, MA 01003, USA","Merrowinger str. 10, D-40223 Düsseldorf, Germany",1,0.3333333333333333
"Sydney Institute for Astronomy, University of Sydney, Sydney, NSW 2006, Australia","Joint Institute for Galaxy and Cosmology (JOINGC) of SHAO and USTC, Shanghai 200030, China",1,0.029411764705882353
"Astrophysics Group, Cavendish Laboratory, JJ Thomson Avenue, Cambridge","Lawrence Berkeley National Laboratory, Berkeley, CA, USA",1,0.03333333333333333
"Laboratoire de Mathématiques Appliquées, ENSTA, 32 Bd Victor, Paris, France","DGA Maîtrise de l’information, BP 7 35998 Rennes Cedex 9, France",1,0.3333333333333333
"Department of Physics and Astronomy, University of North Carolina, NC, USA","Institute for Solar-Terrestrial Physics, PO Box 4026, Irkutsk, 664033, Russia",1,0.0625
"Department of Physics, Marquette University, PO Box 1881, Milwaukee, WI 53201-1881, USA","Astronomy Department, UC Berkeley, Hearst Field Annex B-20, Berkeley, CA 94720-3411, USA",1,0.0625
"University of Sussex, Falmer, Brighton BN1 9QH, UK","Baumkamp 8, 22299 Hamburg, Germany",1,0.047619047619047616
"Leiden Observatory, Universiteit Leiden, Niels Bohrweg 2, NL-2333 CA Leiden, the Netherlands","MPE, Giessenbachstrasse 1, D-85741 Garching, Germany",1,0.5
"Institut de Ciencies de l'Espai (ICE, IEEC-CSIC), Campus UAB, Fac. de Ciencies, Torre C5-parell, 2a planta, 08193 Barcelona, Spain","Columbia Astrophysics Laboratory, 550 W. 120th Street, New York, NY 10027, USA",2,0.02702702702702703
"Wachovia Corporation, NC6740, 100 N. Main Street, Winston-Salem, NC 27101, USA","Institute for Cosmic Ray Research, Univ. of Tokyo, 5-1-5 Kashiwa-no-ha, Kashiwa City, 277-8582 Chiba, Japan",1,0.3333333333333333
"Arizona State University, School of Earth and Space Exploration, Tempe, AZ 85287, USA","The University of Melbourne, School of Physics, Parkville, VIC 3010, Australia",1,0.16666666666666666
"Institute of Space Sciences (CSIC–IEEC), UAB, Barcelona 08193, Spain"," Astronomy Centre, University of Sussex, Falmer, Brighton BN1 9QH",1,0.038461538461538464
