"CREST, Siddalaghatta Road, Hosakote, Bangalore, India","McGill University, 3600 rue University, Montreal, QC H3A 2T8, Canada",4,0.004424778761061947
"CREST, Siddalaghatta Road, Hosakote, Bangalore, India","Centre for Space Astrophysics, Yonsei University, Seoul 120-749, Korea",1,0.004424778761061947
"Centrum Astronomii UMK, ul.Gagarina 11, 87-100 Torun, Poland","Graduate Institute of Astronomy, National Central University, Chung-Li 32054, Taiwan",1,0.010752688172043012
"University of Hertfordshire, Department of Physical Sciences, College Lane, Hatfield, Herts AL10 9AB","H H Wills Physics Laboratory, Tyndall Avenue, Bristol BS8 1TL, UK",5,0.004347826086956522
"University of Hertfordshire, Department of Physical Sciences, College Lane, Hatfield, Herts AL10 9AB","The Open University, Walton Hall, Milton Keynes MK7 6AA",6,0.004347826086956522
"University of Hertfordshire, Department of Physical Sciences, College Lane, Hatfield, Herts AL10 9AB","Department of Applied Mathematics, The University of Leeds, Leeds",1,0.004347826086956522
"‘E. Fermi’ Center, Via Panisperna 89 A, Compendio del Viminale, I-00184 Rome, Italy","Dipartimento di Fisica e Tecnologie Relative, Università di Palermo, Via Archirafi 36, I-90123 Palermo, Italy",10,0.008547008547008548
"AAVSO, 25 Birch St, Cambridge, MA 02138, USA","Observatório Nacional, Rio de Janeiro, RJ, Brazil",1,0.0024691358024691358
"AAVSO, 25 Birch St, Cambridge, MA 02138, USA","Niels Bohr Institute, Copenhagen University, DK-2100 Copenhagen, Denmark",1,0.0024691358024691358
"Centre for Theoretical Studies, IIT, Kharagpur 721302, India","National Center for Space Weather, Beijing 100081, China",1,0.005263157894736842
"CBA (Nelson), 8 Regent Lane, Richmond, Nelson, New Zealand","Nagano National College of Technology, Japan",6,0.006578947368421052
"CBA (Nelson), 8 Regent Lane, Richmond, Nelson, New Zealand","Solar Terrestrial Environment Laboratory, Nagoya University, Nagoya 464, Japan",1,0.006578947368421052
"Institute of Astronomy, 72 Tsarigradsko Shosse Blvd., 1784 Sofia, Bulgaria","ESAC, ESA, Box 78, Villanueva de la Cañada, E-28691 Madrid, Spain",1,0.009345794392523364
"Argelander-Institut für Astronomie, Auf dem Hügel 71, Bonn","AAVSO, 25 Birch St, Cambridge, MA 02138, USA",4,0.009615384615384616
"LAM-UMR 6110, CNRS & Univ. de Provence, 38 rue Fréderic Juliot-Curie, F-13013 Marseille, France","Argonne National Laboratory, 9700 S. Cass Avenue, Lemont, IL 60439, USA",2,0.0037313432835820895
"Institute of Astronomy, Madingley Road, CB3 0HA, Cambridge","Swarthmore College, Swarthmore, PA 19081, USA",1,0.0031446540880503146
"Institute of Astronomy, Madingley Road, CB3 0HA, Cambridge","Department of Physics and Astronomy, UCL, Gower Place, London WC1E 6BT",1,0.0031446540880503146
"Institute of Astronomy, Madingley Road, CB3 0HA, Cambridge","IUCAA, Pune University Campus, Pune 411007, Maharashtra, India",1,0.0031446540880503146
"MPE, Giessenbachstrasse 1, D-85741 Garching, Germany","Warsaw University Observatory, Al. Ujazdowskie 4, PL-00-478, Poland",4,0.003401360544217687
"MPE, Giessenbachstrasse 1, D-85741 Garching, Germany","New York University, 4 Washington Place, New York, NY 10003, USA",4,0.003401360544217687
"IF-UFRGS, Av. Bento Gonçalves 9500, CEP 91350-050, Porto Alegre, Rio Grande do Sul, Brazil","Baker Observatory, Missouri State University, Springfield, MO 65648, USA",1,0.0070921985815602835
"Institut für Astronomie, ETH Zurich, Wolfgang-Pauli-Str. 27, 8093 Zurich, Switzerland","Department of Physics & Astronomy, University of Kansas, Lawrence, KS 66045, USA",2,0.011363636363636364
"Astronomy Department, University of Minnesota, Minneapolis, MN 55455, USA","Astronomy Department, UC Berkeley, Hearst Field Annex B-20, Berkeley, CA 94720-3411, USA",2,0.030303030303030304
"University of Texas at Austin, Austin, TX 78712–1083, USA","Morrison Fellow, UCO/Lick Observatories, 1156 High St., Santa Cruz, CA 95064, USA",1,0.0058823529411764705
"Big Bear Solar Observatory, New Jersey Institute of Technology, Big Bear City, CA 92314, USA","Institute of Astronomy, Cambridge CB3 0HA",2,0.002680965147453083
"Big Bear Solar Observatory, New Jersey Institute of Technology, Big Bear City, CA 92314, USA","Physics and Astronomy, Cardiff University, Wales",2,0.002680965147453083
"Big Bear Solar Observatory, New Jersey Institute of Technology, Big Bear City, CA 92314, USA","CASS, PO Box 76, Epping, NSW 1710, Australia",1,0.002680965147453083
"ESO – Karl-Schwarzschild-Str. 2, 85748 Garching bei München, Germany","Institute of Astronomy, Madingley Road, CB3 0HA, Cambridge",24,0.0021008403361344537
"ESO – Karl-Schwarzschild-Str. 2, 85748 Garching bei München, Germany","Fermi National Accelerator Laboratory, Box 500, Batavia, IL 60510, USA",5,0.0021008403361344537
"ESO – Karl-Schwarzschild-Str. 2, 85748 Garching bei München, Germany","Hida Observatory, Graduate School of Science, Kyoto University, Kamitakara, Takayama, Gifu 506-1314, Japan",6,0.0021008403361344537
"ESO – Karl-Schwarzschild-Str. 2, 85748 Garching bei München, Germany","Centre for Computational Sciences, University of Tsukuba, Ten-nodai, 1-1-1 Tsukuba, Ibaraki 305-8577, Japan",1,0.0021008403361344537
"ESO – Karl-Schwarzschild-Str. 2, 85748 Garching bei München, Germany","Siena College, 515 Loudon Road, Loudonville, NY 12211,USA",14,0.0021008403361344537
" Dipartimento di Astronomia,Universitá di Padova, Vicolo dell' Osservatorio 3, Padova I-35122, Italy","National Technical University of Athens, GR-15773, Athens, Greece",2,0.00546448087431694
"DGA Maîtrise de l’information, BP 7 35998 Rennes Cedex 9, France","Institute de Astrofisica de Canarias, C/ Via Lactea s/n, E-38200 La Laguna, Spain",5,0.006944444444444444
"Imperial College London, South Kensington Campus, London SW7 2AZ","Department of Physics and Astronomy, McMaster University, 1280 Main Street West, Hamilton, ON, Canada L8S 4M1",2,0.00398406374501992
"University of British Columbia, 6224 Agricultural Road Vancouver, BC V6T 1Z1 Canada","Institute for Astronomy, 2680 Woodlawn Dr, Honolulu, HI 96822, USA",1,0.007575757575757576
"University of British Columbia, 6224 Agricultural Road Vancouver, BC V6T 1Z1 Canada","Astronomy Department, University of Illinois at Urbana-Champaign, 1002 W. Green Street, Urbana, IL 61801, USA",1,0.007575757575757576
"IASF–Bologna/INAF, Via Gobetti 101, I-4012 Bologna, Italy","INAF — Osservatorio Astronomico di Monte Porzio, Monte Porzio Catone (Roma), Italy",7,0.0049504950495049506
"University of Western Ontario, London, ON N6A 3K7, Canada","Royal Observatory Edinburgh, Blackford Hill, Edinburgh, EH9 3HJ",2,0.007518796992481203
"University of Western Ontario, London, ON N6A 3K7, Canada","Institut für Astrophysik, Friedrich-Hund-Platz 1, 37077 Göttingen, Germany",5,0.007518796992481203
"University of Sheffield, Hicks Building, Hounsfield Road, Sheffield S3 7RH"," Theoretical Astrophysics Center, Juliane Maries Vej 30, DK-2100 Copenhagen Ø, Denmark",1,0.007246376811594203
"National Observatory of Athens, I. Metaxa & V. Paulou, Athens 15236, Greece","Fakultät für Mathematik, Ruhr-University of Bochum, Mathematik III, NA 3/70, Universitätsstraße 150, 44780 Bochum, Germany",1,0.010101010101010102
"NRAO Headquarters, 520 Edgemont Road, Charlottesville, VA 22903, USA","Merrowinger str. 10, D-40223 Düsseldorf, Germany",3,0.00980392156862745
"Portsmouth Grammar School, High Street, Portsmouth PO1 2LN","Astronomy Group, University of Southampton, Highfield, Southampton SO17 1BJ",1,0.004629629629629629
"Portsmouth Grammar School, High Street, Portsmouth PO1 2LN","OASU-L3ABordeaux, CNRS UMR 5804, BP 89, 33270 Floirac, France",3,0.004629629629629629
"Portsmouth Grammar School, High Street, Portsmouth PO1 2LN","CNRS, Orsay F-91405, France",2,0.004629629629629629
"Portsmouth Grammar School, High Street, Portsmouth PO1 2LN","Tokyo Metropolitan College of Aeronautics, Tokyo 116-8523, Japan",1,0.004629629629629629
"Portsmouth Grammar School, High Street, Portsmouth PO1 2LN","Mathematics Department, University of Manchester, Manchester M13 9PL",2,0.004629629629629629
"Australia National Telescope Facility, CSIRO, PO Box 76, Epping, New South Wales 17190, Australia","Cardiff University, Queen's Buildings, 5 The Parade, Cardiff CF24 3YB",2,0.0038022813688212928
"University of California Santa Barbara, Department of Physics, Santa Barbara, CA 93106, USA","MPE, Giessenbachstrasse 1, D-85741 Garching, Germany",2,0.018518518518518517
"Earth & Space Sciences, University of Washington, Seattle WA, USA 98195","Princeton University Observatory, Ivy Lane, Princeton, NJ 08544, USA",1,0.012658227848101266
"Max Planck Institute for Solar System Research, Max-Planck Str. 2, 37191, Katlenburg-Lindau, Germany","Blackett Laboratory Optics Section, Imperial College, London SW7 2BZ",1,0.008130081300813009
"Max Planck Institute for Solar System Research, Max-Planck Str. 2, 37191, Katlenburg-Lindau, Germany","Łódź University, Department of Physics, Pomorska 149/153, 90–236 Łódź, Poland",1,0.008130081300813009
"Max Planck Institute for Solar System Research, Max-Planck Str. 2, 37191, Katlenburg-Lindau, Germany"," Space Sciences Building, Cornell University, Ithaca, NY 14853, USA",1,0.008130081300813009
"University of Durham, South Rd, Durham DH1 3LE","Theoretical Astrophysics, University of Tübingen, IAAT, Auf der Morgenstelle 10, Tübingen 72076, Germany",1,0.004464285714285714
" European Space Agency, ESTEC, 2200 AG Noordwijk, the Netherlands","IASF–Bologna/INAF, Via Gobetti 101, I-4012 Bologna, Italy",4,0.005681818181818182
" Hewlett Place, Victoria, BC V8S 497, Canada","Jet Propulsion Laboratory, Pasadena, CA 91109-8099, USA",2,0.0028735632183908046
"School of Physics and Astronomy, St Andrews University, North Haugh, St Andrews, Fife KY16 9SS","Centre for Astrophysics Research, University of Hertfordshire, Hatfield",1,0.0038022813688212928
" Astronomy Centre, University of Sussex, Falmer, Brighton BN1 9QH","University of Central Lancashire, Centre for Astrophysics, Preston PR1 2HE",19,0.0056179775280898875
" H Street, SW, Washington, DC 20024-2725, USA","Astrokolkhoz Observatory, PO Box 1351 Cloudcroft, NM 88317, USA",4,0.007751937984496124
" H Street, SW, Washington, DC 20024-2725, USA","INAF, Trieste Astronomical Observatory, Via G. B. Tiepolo 11, 1-34143 Trieste, Italy",1,0.007751937984496124
"National Center for Space Weather, Beijing 100081, China","Chinese Academy of Sciences, Beijing Astronomical Observatory, China",4,0.014492753623188406
"Center for Particle Cosmology, University of Pennsylvania 209 S. 33rd Street, Philadelphia, PA 19104-6396, USA","Astronomy Department, University of Florida, Gainesville, Florida, 32611, USA",1,0.006289308176100629
"Center for Particle Cosmology, University of Pennsylvania 209 S. 33rd Street, Philadelphia, PA 19104-6396, USA","Racah Institute of Physics, The Hebrew University, Jerusalem",1,0.006289308176100629
" Culham Laboratory, Abingdon, Oxfordshire OX14 3DB","RIKEN, Chiyoda-ku, Tokyo 100-0005, Japan",4,0.011494252873563218
" Culham Laboratory, Abingdon, Oxfordshire OX14 3DB","Afdeling Sterrenkunde, Radboud Universiteit Nijmegen, Faculteit NWI, Postbus 9010, 6500 GL Nijmegen, the Netherlands",1,0.011494252873563218
"DAMTP, Wilberforce Road, Cambridge CB3 0HA","Leiden University, Leiden Observatory, PO Box 9513, NL-2300 RA, Leiden",9,0.0033333333333333335
"A. Geminale Department of Astronomy, Vicolo dell'Osservatorio 3, 35122 Padova, Italy","LATMOS-CNRS, 11 boulevard d'Alembert, 78280 Guyancourt, France",2,0.0034602076124567475
"A. Geminale Department of Astronomy, Vicolo dell'Osservatorio 3, 35122 Padova, Italy","Columbia Astrophysics Laboratory, 550 W. 120th Street, New York, NY 10027, USA",1,0.0034602076124567475
"A. Geminale Department of Astronomy, Vicolo dell'Osservatorio 3, 35122 Padova, Italy","Universitá dell'Insubria, Como, Italy",1,0.0034602076124567475
"Physics Department, Science Labs, South Road, Durham DH1 3LE","Chemistry Department, George Mason University, Fairfax, VA 22030, USA",1,0.009900990099009901
"Department of Physics and Astronomy, McMaster University, 1280 Main Street West, Hamilton, ON, Canada L8S 4M1","United Laboratory for Optical Astrometry, The Chinese Academy of Sciences, China",3,0.009615384615384616
"Astroclub Radebeul, Auf den Ebenbergen 10a, 01445 Radebeul, Germany",NA,1,0.004484304932735426
"Rudolf Peierls Centre for Theoretical Physics, Oxford","CITA, 60 St. George St, Toronto M5S 3H8, ON, Canada",1,0.011904761904761904
"Rudolf Peierls Centre for Theoretical Physics, Oxford","Queen's University Belfast, University Road, Belfast BT7 1NN",1,0.011904761904761904
"Denys Wilkinson Building, University of Oxford, Keble Road, Oxford"," Astronomy Centre, University of Sussex, Falmer, Brighton BN1 9QH",2,0.010638297872340425
"Fuculty of Science, Kyushu University, Hakozaki, Fukuoka 812-8581, Japan","Johns Hopkins University, 3400 N. Charles Street, 21218, Baltimore, MD, USA",1,0.009345794392523364
"Argonne National Laboratory, 9700 S. Cass Avenue, Lemont, IL 60439, USA","LinkLab, 4506 Graystone Ave., Bronx NY 10471, USA",1,0.005319148936170213
" 14th Street, Suite 1207, Oakland, CA 94612, USA","Center for Astrophysics & Space Sciences, University of California, San Diego, 9500 Gilman Drive, La Jolla, CA 92093-0424, USA",1,0.006211180124223602
"Pulkovo Observatory, 196140 St Petersburg, Russia","South Station of the Moscow MV Lomonosov State University, Moscow, Russia, P/O Nauchny, UA-98409 Crimea, Ukraine",1,0.017241379310344827
", Avenue d Italie, F-75013, Paris, France","Departamento de Física e Matemática, PURO/Universidade Federal Fluminense, Rua Recife s/n, Rio das Ostras, RJ 28890-000, Brazil",1,0.0031746031746031746
"Ulugh Beg Astronomical Institute, Tashkent 700052, Uzbekistan","ISAS/JAXA, 3-1-1 Yoshinodai, 229-8510 Sagamihara, Japan",1,0.00558659217877095
"Ulugh Beg Astronomical Institute, Tashkent 700052, Uzbekistan"," Freigericht-Horbach, Germany",1,0.00558659217877095
"Raman Research Institute, Sadashivanagar, C. V. Raman Avenue, Bangalore 560080, India","NASA/GSFC, 8463 Greenbelt, MD 20770-2548, USA",3,0.005291005291005291
"Royal Observatory Edinburgh, Blackford Hill, Edinburgh, EH9 3HJ","Macquarie University, Sydney, NSW 2109, Australia",8,0.0027100271002710027
"Royal Observatory Edinburgh, Blackford Hill, Edinburgh, EH9 3HJ","APS Division, School of Physics, Queen's University Belfast BT7 1NN",1,0.0027100271002710027
"Royal Observatory Edinburgh, Blackford Hill, Edinburgh, EH9 3HJ","Institute of Astrophysics and Planetary Sciences, Ibaraki University, Bunkyo 2-1-1, Mito, Ibaraki 310-8512, Japan",1,0.0027100271002710027
"National Astronomical Observatories-CAS, 40-5 South Beijing Road, Urumqi 830011, China","Institute of Computer Science and Center for Neural Computation,The Hebrew University, Jerusalem 91904, Israel",1,0.019230769230769232
"Space Science Institute, 4750 Walnut Street, Boulder Suite 205, CO 80301, USA","CEA / SACLAY, 91191 Gif sur Yvette cedex, France",5,0.0031645569620253164
"Space Science Institute, 4750 Walnut Street, Boulder Suite 205, CO 80301, USA","Thüringer Landessternwarte Tautenburg, Karl-Schwarzschild-Observatorium, 07778 Tautenburg, Germany",1,0.0031645569620253164
"Institute de Astrofisica de Canarias, C/ Via Lactea s/n, E-38200 La Laguna, Spain","Yale University, New Haven, CT 06520-8101, USA",1,0.0027548209366391185
"Blackett Laboratory Optics Section, Imperial College, London SW7 2BZ","Department of Physics and Astronomy, The University of Toledo, Toledo, OH 43606, USA",1,0.0024875621890547263
"Blackett Laboratory Optics Section, Imperial College, London SW7 2BZ","Carnegie Observatories, 813 Santa Barbara Street, Pasadena, CA 91101",1,0.0024875621890547263
"Blackett Laboratory Optics Section, Imperial College, London SW7 2BZ","Ritter Astrophysical Research Center, University of Toledo, Toledo, OH 43606, USA",1,0.0024875621890547263
"CERN, CH-1211 Geneva 23, Switzerland","American Museum of Natural History, 79th Street at Central Park West, New York, NY 10024-5192, USA",2,0.0040650406504065045
"Vista University, Mamelodi Campus, Private Bag X1311, Silverton 0127, South Africa","School of Physics, University of Sydney, 2006, Australia",1,0.023255813953488372
"University of Leicester, Space Research Centre, University Road, Leicester LE1 7RH","Département de physique, Université de Montréal, and Observatoire du Mont-Mégantic, PO Box 6128, Station Centre-Ville, Montréal, Québec,  H3C 3J7, Canada",1,0.005076142131979695
"Astrokolkhoz Observatory, PO Box 1351 Cloudcroft, NM 88317, USA","Hosokawa Powder Technology Research Institute, Hirakata, Osaka, Japan",1,0.005649717514124294
"Astrokolkhoz Observatory, PO Box 1351 Cloudcroft, NM 88317, USA","Astronomy and Astrophysics Department, Villanova University, Villanova, PA 19085, USA",1,0.005649717514124294
"Astrokolkhoz Observatory, PO Box 1351 Cloudcroft, NM 88317, USA","INAF–OAR, via di Frascati 33, I-00040 Monte Porzio Catone, Italy",1,0.005649717514124294
"Astrokolkhoz Observatory, PO Box 1351 Cloudcroft, NM 88317, USA","Institut für Theoretische Physik und Astrophysik der Universität Kiel, D-24098 Kiel, Germany",1,0.005649717514124294
"CITA, 60 St. George St, Toronto M5S 3H8, ON, Canada","Bronberg Observatory, CBA Pretoria, PO Box 11426, Tiegerpoort 0056, South Africa",1,0.00625
"CITA, 60 St. George St, Toronto M5S 3H8, ON, Canada","Lawrence Berkeley National Laboratory, Berkeley, CA, USA",2,0.00625
"Department of Physics and Astronomy 3905, University of Wyoming, 1000 E. University, Laramie, WY 82071, USA"," Department of Astronomy, Yale University, PO Box 208101, New Haven CT 06520-8101, USA",1,0.01694915254237288
"Anglo-Australian Observatory, Coonabarabran, NSW 2357, Australia","Subaru Telescope, 650 N. A‘ohōkū Place, Hilo, HI 96720, USA",3,0.0048543689320388345
"Anglo-Australian Observatory, Coonabarabran, NSW 2357, Australia","Astrophysics & Supercomputing, Swinburne University, Hawthorn VIC 3122, Australia",7,0.0048543689320388345
"Anglo-Australian Observatory, Coonabarabran, NSW 2357, Australia"," Iowa Street, Ashland, OR 97520, USA",2,0.0048543689320388345
"Caltech M/C 249-17, Pasadena, CA 91125, USA"," H Street, SW, Washington, DC 20024-2725, USA",5,0.003048780487804878
"Caltech M/C 249-17, Pasadena, CA 91125, USA","Department of Physics and Astronomy, Rutgers, the State University of New Jersey, 136 Frelinghuysen Road, Piscataway, NJ 08854-8019, USA",1,0.003048780487804878
"Caltech M/C 249-17, Pasadena, CA 91125, USA"," IFAE, Edifici Cn., Campus UAB, E-08193 Bellaterra, Spain",1,0.003048780487804878
"NASA Ames, Moffett Field, CA 94035, USA","Afeka, Tel Aviv Academic College of Engineering, Tel Aviv 69107, Israel",1,0.007246376811594203
"NASA Ames, Moffett Field, CA 94035, USA","Department of Chemistry, Physics and Astronomy, Georgia College & State University, CBX 82, Milledgeville, GA 31061, USA",1,0.007246376811594203
"Afeka, Tel Aviv Academic College of Engineering, Tel Aviv 69107, Israel","University of Maryland, Baltimore County, MD 21250, USA",2,0.00684931506849315
"Centre de Physique Théorique de Marseille, 13288 Marseille, France","SISSA – via Bonomea, 265, I-34136 Trieste, Italy",2,0.0035842293906810036
"Centre de Physique Théorique de Marseille, 13288 Marseille, France","I. E. Tamm Theoretical Physics Division, P. N. Lebedev Institute, Leninskii pr, 53, 119991 Moscow, Russia",1,0.0035842293906810036
"Centre de Physique Théorique de Marseille, 13288 Marseille, France","Departamento de Astronomía, Div. CNyE, Universidad de Guanajuato, A.P. 144, Guanajuato, C.P. 36000, México",1,0.0035842293906810036
"INAF — Osservatorio Astronomico di Monte Porzio, Monte Porzio Catone (Roma), Italy","Campus Box 3255, 264 Phillips Hall, Chapel Hill, NC 27599, USA",2,0.003968253968253968
"Nigde University, Department of Physics, Nigde, Turkey, 51200","Uppsala Astronomical Observatory, Box 515, S-75120 Uppsala, Sweden",1,0.013157894736842105
"Dipartimento di Fisica e Tecnologie Relative, Università di Palermo, Via Archirafi 36, I-90123 Palermo, Italy","European Southern Observatory, D-85748 Garching bei München, Germany",1,0.006622516556291391
"Dipartimento di Fisica e Tecnologie Relative, Università di Palermo, Via Archirafi 36, I-90123 Palermo, Italy","Imperial College of Science, Technology and Medicine, Prince Consort Road, London SW7 2BZ",3,0.006622516556291391
"CBA-Belgium. Walhostraat 1A, B-3401 Landen, Belgium","La Plata Observatory and CONICET, Paseo del Bosque, 1900 La Plata, Argentina",3,0.0053475935828877
"Astronomical Institute of the Romanian Academy, Bucharest, Romania","Dipartimento di Fisica e Tecnologie Relative, Università di Palermo, Via Archirafi 36, I-90123 Palermo, Italy",1,0.016666666666666666
"IFCA, CSIC-Univ. de Cantabria, Avda. los Castros, s/n, E-39005 Santander, Spain"," ATC, Astrophysics Group, Cavendish Laboratory, Madingley Road, Cambridge CB3 0HE",6,0.005780346820809248
"Astrophysics Group, University of Exeter, Stocker Road, Exeter EX4 4QL, UK","Department Engineering Science, University of Oxford, Parks Road, Oxford OX1 3PJ",1,0.006211180124223602
"McGill University, 3600 rue University, Montreal, QC H3A 2T8, Canada","ESO, Casilla 19001, Santiago 19, Chile",4,0.007462686567164179
"Fermi National Accelerator Laboratory, Box 500, Batavia, IL 60510, USA","LAL, Univ Paris-Sud, CNRS/IN2P3, 91898 Orsay, France",2,0.005434782608695652
"Fermi National Accelerator Laboratory, Box 500, Batavia, IL 60510, USA",Apache Point Observatory,2,0.005434782608695652
"Physics Department, University of Warwick, Coventry CV4 7AL","LAM-UMR 6110, CNRS & Univ. de Provence, 38 rue Fréderic Juliot-Curie, F-13013 Marseille, France",3,0.006329113924050633
"ARCSEC, 98 Gunja-Dong, Gwangjin-Gu, Seoul 143-747, Sejong University, South Korea","Caltech M/C 249-17, Pasadena, CA 91125, USA",1,0.03333333333333333
"Eureka Scientific, USA","Josai Junior College, 1-1 Keyakidai, Sakado-shi, Saitama 350-0295, Japan",1,0.005128205128205128
"Eureka Scientific, USA","Department of Physics, Texas A& M University, College Station, Texas 77843-4242, USA",1,0.005128205128205128
"Landessternwarte Heidelberg-Königstuhl, 69117 Heidelberg, Germany","Kyungpook National University, Daegu 702-701, Korea",1,0.0030303030303030303
"United Laboratory for Optical Astrometry, The Chinese Academy of Sciences, China","School of Computer Science and IT, University of Nottingham, Nottingham NG8 1BB",1,0.008130081300813009
"United Laboratory for Optical Astrometry, The Chinese Academy of Sciences, China","Department of Physics, Durham University, Durham DH1 3LE",1,0.008130081300813009
"Department of Astronomy, University of Michigan, 830 Dennison Building, 500 Church St., Ann Arbor, MI 48109, USA","ATNF-CSIRO, Epping, Sydney, Australia",1,0.005988023952095809
" Pennsylvania State University, Wilkes-Barre Campus, Old Route 115, P.O. Box PSU, Lehman, PA 18627, USA","Royal Observatory Edinburgh, Blackford Hill, Edinburgh, EH9 3HJ",3,0.0056179775280898875
" Pennsylvania State University, Wilkes-Barre Campus, Old Route 115, P.O. Box PSU, Lehman, PA 18627, USA","Institut für Astrophysik, Friedrich-Hund-Platz 1, 37077 Göttingen, Germany",1,0.0056179775280898875
" Korea Astronomy and Space Science Institute, 61-1 Hwaamdong, Yuseong-gu, Daejeon 305–348, Korea","OASU-L3ABordeaux, CNRS UMR 5804, BP 89, 33270 Floirac, France",1,0.006666666666666667
" Korea Astronomy and Space Science Institute, 61-1 Hwaamdong, Yuseong-gu, Daejeon 305–348, Korea","Tokyo Metropolitan College of Aeronautics, Tokyo 116-8523, Japan",1,0.006666666666666667
"CIEMAT, Avda. Complutense 22, 28040 Madrid, Spain","University of British Columbia, 6224 Agricultural Road Vancouver, BC V6T 1Z1 Canada",3,0.002976190476190476
"CIEMAT, Avda. Complutense 22, 28040 Madrid, Spain","ARIES, Manora Peak, Nainital 263129, India",1,0.002976190476190476
"CIEMAT, Avda. Complutense 22, 28040 Madrid, Spain","Cardiff University, Queen's Buildings, 5 The Parade, Cardiff CF24 3YB",13,0.002976190476190476
"CIEMAT, Avda. Complutense 22, 28040 Madrid, Spain","Observatorio Astronómico de La Hita, La Puebla de Almoradiel, Toledo, Spain",1,0.002976190476190476
"CIEMAT, Avda. Complutense 22, 28040 Madrid, Spain","IFIC (CSIC-UV), Paterna, Valencia, Spain",1,0.002976190476190476
"School of Physical Sciences and NCPST, DCU, Glasnevin, Dublin 9, Ireland","Applied Optics Group, University of Kent, Canterbury CT2 7NR",1,0.00980392156862745
"Beykent University, Faculty of Science and Letters, Department of Mathematics and Computer, Ayazağa 34396, Istanbul, Turkey","CBA (Colorado), Antelope Hils Observatory, 980 Antelope Drive West, Bennet, CO 80102, USA",1,0.023809523809523808
"Trinity College Dublin, College Green Dublin 2, Ireland","Astroclub Radebeul, Auf den Ebenbergen 10a, 01445 Radebeul, Germany",1,0.006060606060606061
"Trinity College Dublin, College Green Dublin 2, Ireland","Department of Physics & Astronomy, Michigan State University, 3255 Biomedical and Physical Sciences Building, East Lansing, MI 48824, USA",1,0.006060606060606061
" W. Wheatridge Drive, Tucson, AZ, 85704, USA"," Greenland Drive, Drouin 3818, Victoria, Australia",1,0.0025575447570332483
" W. Wheatridge Drive, Tucson, AZ, 85704, USA","University of New Mexico, Los Alamos, 4000 University Drive, Los Alamos, NM 87544, USA",1,0.0025575447570332483
" W. Wheatridge Drive, Tucson, AZ, 85704, USA","Center for Astrophysics and Space Astronomy, 593 UCB, Boulder, Co 80309-0593, USA",1,0.0025575447570332483
"Department of Physics, Yunnan Normal University, Kunming, Yunnan, China","Chinese Academy of Sciences, Beijing Astronomical Observatory, China",2,0.3333333333333333
"Bronberg Observatory, CBA Pretoria, PO Box 11426, Tiegerpoort 0056, South Africa","RIKEN, Chiyoda-ku, Tokyo 100-0005, Japan",2,0.0058823529411764705
"Departamento de Física Teórica, C-XI. Universidad Autónoma de Madrid, Madrid E-28049, Spain","Departament d'Astronomia i Astrofísica, Universidad de Valencia, Dr Moliner 50, E-46100 Burjassot, Spain",1,0.05263157894736842
"Divisão de Astrofísica, INPE/MCT CP 515, 12201-970 SP, Brazil","Centro de Física, IVIC, Caracas 1020A, Venezuela",1,0.022222222222222223
"Department of Astronomy, University of California, Berkeley, CA 92720, USA"," 14th Street, Suite 1207, Oakland, CA 94612, USA",1,0.016129032258064516
"OASU-L3ABordeaux, CNRS UMR 5804, BP 89, 33270 Floirac, France","Aix-Marseille Université, PIIM UMR-CNRS 7345, F-13397 Marseille, France",1,0.004608294930875576
"University of Melbourne, Parkville, Victoria 3010, Australia","Australia National Telescope Facility, CSIRO, PO Box 76, Epping, New South Wales 17190, Australia",1,0.011111111111111112
" East 58th Street, Chicago, IL 60615, USA","Instituto de Ciencias Nucleares (UNAM), Ap.Postal 70-543, CP 04510, México D.F., México",1,0.006289308176100629
"Kehäkukantie 3B, 00720 Helsinki, Finland","University of Sheffield, Hicks Building, Hounsfield Road, Sheffield S3 7RH",2,0.00684931506849315
"Kehäkukantie 3B, 00720 Helsinki, Finland","Chalmers Tekniska Högskola, SE-412 96 Gothenburg, Sweden",4,0.00684931506849315
"Kehäkukantie 3B, 00720 Helsinki, Finland","Tartu Observatory, 61602 Tõravere, Estonia",2,0.00684931506849315
"CEA / SACLAY, 91191 Gif sur Yvette cedex, France","Astronomical Institute, Charles University, V Holešovičkách 2, CZ‐180 00 Prague, Czech Republic",3,0.003205128205128205
"Instituto de Radio Astronomía Milimétrica, E-18012 Granada, Spain","INAF-OAC, Via Moiarello 16, I-80131 Naples, Italy",1,0.0031847133757961785
"Instituto de Radio Astronomía Milimétrica, E-18012 Granada, Spain","CAAUL, Observatório Astronómico de Lisboa, Tapada da Ajuda, 1349-018 Lisboa, Portugal",2,0.0031847133757961785
"NASA/GSFC, 8463 Greenbelt, MD 20770-2548, USA","Faculty of Sciences, The University of Southern Queensland, Toowoomba 4350, Australia",1,0.003875968992248062
"NASA/GSFC, 8463 Greenbelt, MD 20770-2548, USA","I. A. S. — Planetologia, via Fosso del Cavaliere 100, I-00133 Roma, Italy",6,0.003875968992248062
"Australian National University, Canberra, ACT, Australia","CEA / SACLAY, 91191 Gif sur Yvette cedex, France",3,0.003952569169960474
"American Museum of Natural History, 79th Street at Central Park West, New York, NY 10024-5192, USA","Central Valley Astronomers, PO Box 3063, Pinedale, CA 93650, USA",1,0.009615384615384616
"ESO, Casilla 19001, Santiago 19, Chile"," Dipartimento di Astronomia,Universitá di Padova, Vicolo dell' Osservatorio 3, Padova I-35122, Italy",4,0.002702702702702703
"INAF, Trieste Astronomical Observatory, Via G. B. Tiepolo 11, 1-34143 Trieste, Italy","INAF–OAR, via di Frascati 33, I-00040 Monte Porzio Catone, Italy",1,0.0125
"Elviraland 194, 2591 GM The Hague, the Netherlands","National Observatory of Athens, I. Metaxa & V. Paulou, Athens 15236, Greece",1,0.0035211267605633804
"Department of Physics and Astronomy, PO Box 87150, Arizona State University, Tempe, AZ 85287-1504, USA","Big Bear Solar Observatory, New Jersey Institute of Technology, Big Bear City, CA 92314, USA",1,0.04
"DiSBeF – Università degli Studi di Urbino ‘Carlo Bo’, I-61029 Urbino, Italy"," H Street, SW, Washington, DC 20024-2725, USA",2,0.0055248618784530384
"DiSBeF – Università degli Studi di Urbino ‘Carlo Bo’, I-61029 Urbino, Italy","Consejo Superior de Investigaciones Científicas, C/Serrano 117, E-28006 Madrid, Spain",1,0.0055248618784530384
"DiSBeF – Università degli Studi di Urbino ‘Carlo Bo’, I-61029 Urbino, Italy"," IFAE, Edifici Cn., Campus UAB, E-08193 Bellaterra, Spain",1,0.0055248618784530384
"Academia Sinica Institute of Astronomy and Astrophysics (ASIAA), PO Box 23, Taipei 106, Taiwan","Shanghai Astronomical Observatory, 80 Nandan Rd, Shanghai, 200030, China",9,0.009174311926605505
"Dipartimento di Fisica, Politecnico di Torino, corso Duca degli Abruzzi 24, 10129 Torino, Italia","Afeka, Tel Aviv Academic College of Engineering, Tel Aviv 69107, Israel",1,0.1
"The University of Leicester, Leicester LE1 7RH","University of Maryland, Baltimore County, MD 21250, USA",1,0.005847953216374269
"Address at time of contribution to this work: School of Chemistry, University of Nottingham, University Park, Nottingham NG7 2RD","SISSA – via Bonomea, 265, I-34136 Trieste, Italy",7,0.004545454545454545
"Department of Mathematical Sciences, Durham University, South Road, Durham DH1 3LE, UK"," Hewlett Place, Victoria, BC V8S 497, Canada",2,0.00625
"Department of Mathematical Sciences, Durham University, South Road, Durham DH1 3LE, UK","Uppsala Astronomical Observatory, Box 515, S-75120 Uppsala, Sweden",4,0.00625
"Korea Institute for Advanced Study, 207-43 Cheongryangri-dong Dongdaemun-gu, Seoul 130-012, Korea","La Plata Observatory and CONICET, Paseo del Bosque, 1900 La Plata, Argentina",1,0.006896551724137931
"Merrowinger str. 10, D-40223 Düsseldorf, Germany","Research Center for Space and Cosmic Evolution, Ehime University, Bunkyo-cho 2-5, Matsuyama 790-8577, Japan",1,0.003003003003003003
"ANS Collaboration, c/o Osservatorio Astronomico, via dell'Osservatorio 8, 36012 Asiago (VI), Italy","ESO, Casilla 19001, Santiago 19, Chile",1,0.0625
"Hida Observatory, Graduate School of Science, Kyoto University, Kamitakara, Takayama, Gifu 506-1314, Japan","Swarthmore College, Swarthmore, PA 19081, USA",1,0.009615384615384616
"Laboratoire d'Astronomie Spatiale, Traverse du Siphon, F-13376 Marseille Cedex 12, France","CBA-Belgium. Walhostraat 1A, B-3401 Landen, Belgium",1,0.02702702702702703
"The Open University, Walton Hall, Milton Keynes MK7 6AA","Astrophysics Group, University of Exeter, Stocker Road, Exeter EX4 4QL, UK",3,0.0048543689320388345
"Middle East Technical University's Amateur Astronomical Society, Ankara, Turkey","Department of Physics and Astronomy, Denison University, Granville, OH 43023, USA",1,0.043478260869565216
"Centro de Radioastronomía y Astrofísica (UNAM), 58089 Morelia, Mexico","International Meteor Organization, PF 600118, 14401 Potsdam, Germany",1,0.011235955056179775
"Cardiff University, Queen's Buildings, 5 The Parade, Cardiff CF24 3YB","Institute for Astronomy, 2680 Woodlawn Dr, Honolulu, HI 96822, USA",5,0.004807692307692308
"Geophysical Fluid Dynamics Laboratory, 201 Forrestal Road, Princeton, NJ 08540, USA","Department of Physics, University of Queensland, Brisbane QLD 4072, Australia",2,0.037037037037037035
"Chalmers Tekniska Högskola, SE-412 96 Gothenburg, Sweden"," Theoretical Astrophysics Center, Juliane Maries Vej 30, DK-2100 Copenhagen Ø, Denmark",6,0.006134969325153374
"MIT Haystack Observatory, Off Route 40, Westford, MA 01886, USA","Perth Observatory, Walnut Road, Bickley, Perth 6076, WA, Australia",1,0.04
"Department of Physics and Astronomy, SUNY Stony Brook, Stony Brook, NY 11794-3800, USA","Merrowinger str. 10, D-40223 Düsseldorf, Germany",1,0.043478260869565216
"Aviospace S.r.l., via Pier Carlo Boggio 59/61, I-10138 Torino, Italy","University of Leicester, Space Research Centre, University Road, Leicester LE1 7RH",1,0.045454545454545456
"Astrophysics Department University of Oxford, 1 Keble Road, Oxford OX1 3RH","Astronomy Group, University of Southampton, Highfield, Southampton SO17 1BJ",3,0.005
"Astrophysics Department University of Oxford, 1 Keble Road, Oxford OX1 3RH","OASU-L3ABordeaux, CNRS UMR 5804, BP 89, 33270 Floirac, France",2,0.005
"Astrophysics Department University of Oxford, 1 Keble Road, Oxford OX1 3RH","CNRS, Orsay F-91405, France",2,0.005
"Astrophysics Department University of Oxford, 1 Keble Road, Oxford OX1 3RH","Mathematics Department, University of Manchester, Manchester M13 9PL",1,0.005
"Centre for Astrophysics Research, University of Hertfordshire, Hatfield","University of Maryland, College Park, MD 20742, USA",1,0.020833333333333332
"Calar Alto Observatory-Centro Astronómico Hispano-Alemán, C/Jesús Durbán Remón 2-2, 04004 Almeria, Spain","La Cañada Observatory (MPC J87), E-05294 La Cañada, Ávila, Spain",1,0.024390243902439025
"Armagh Observatory, College Hill, Armagh BT61 9DG","Planning Division, Cardiff University, Park Place, Cardiff CF10 3UA",1,0.010309278350515464
"Swinburne University of Technology, Centre for Astrophysics and Supercomputing Mail H30, PO Box 218, VIC 3122, Australia","WIYN Inc., 950 North Cherry Avenue, Tucson, Arizona, USA",2,0.008130081300813009
"Institute of Computer Science and Center for Neural Computation,The Hebrew University, Jerusalem 91904, Israel","ASTRON, PO Box 2, NL-7990 AA Dwingeloo, the Netherlands",1,0.012048192771084338
"Department of Physics and Astronomy, College of Science, King Saud University. PO Box 2455, Riyadh 11451, Saudi Arabia","Astronomical Observatory Belgrade, Volgina 7, 11000 Belgrade, Serbia, Yugoslavia",1,0.3333333333333333
"Faculty of Engineering, Hokkai-Gakuen University, Sapporo, Japan","RIKEN, Chiyoda-ku, Tokyo 100-0005, Japan",2,0.06666666666666667
"Astrophysics Group, Keele University, Staffordshire ST5 5BG","Instituto de Radio Astronomía Milimétrica, E-18012 Granada, Spain",5,0.004672897196261682
"Astrophysics Group, Keele University, Staffordshire ST5 5BG","Grupo Atalaia, CROW Observatory-Portalegre, Portugal",1,0.004672897196261682
"CNRS, Orsay F-91405, France","Aix-Marseille Université, PIIM UMR-CNRS 7345, F-13397 Marseille, France",1,0.011363636363636364
" Cavendish Laboratory, University of Cambridge, 19 JJ Thomson Avenue,Cambridge CB3 0HE","CERN, CH-1211 Geneva 23, Switzerland",2,0.014492753623188406
"Department of Physics & Astronomy, University of St Andrews, Fife"," School of Physics, University of New South Wales, Sydney, NSW 2052, Australia",1,0.2
"Institut für Astrophysik, Friedrich-Hund-Platz 1, 37077 Göttingen, Germany","Laboratory of Physics, Kyoto Pharmaceutical University, Misasagi, Yamashina, Kyoto 607-8414, Japan",1,0.0035211267605633804
"Departament d'Astronomia i Astrofísica, Universidad de Valencia, Dr Moliner 50, E-46100 Burjassot, Spain","INAF-OAC, Via Moiarello 16, I-80131 Naples, Italy",1,0.041666666666666664
"University of Tasmania, GPO Box 252-37, Hobart, 7001, Australia","School of Physics, University of Sydney, 2006, Australia",1,0.02631578947368421
"Herzberg Institute of Astrophysics, 5071 West Saanich Road Victoria, British Columbia, V9E 2E7, Canada"," Hewlett Place, Victoria, BC V8S 497, Canada",3,0.02040816326530612
"Vilnius University Observatory, Ciurlionio 29, Vilnius, Lithuania","Bonn University, Auf dem Hügel 71D, 53121 Bonn, Germany",1,0.015384615384615385
"I. A. S. — Planetologia, via Fosso del Cavaliere 100, I-00133 Roma, Italy","School of Physics and Astronomy, Southampton University, Highfield, Southampton SO17 1BJ",1,0.008130081300813009
" Rue du Dr Laulaigne, 49670 Valanjou, France","IFAC-CNR, Firenze & ISTI-CNR, 56124 Pisa, Italy",1,0.012195121951219513
" Rue du Dr Laulaigne, 49670 Valanjou, France","Department of Physics, Brown University, 182 Hope St., Providence, RI 02912, USA",3,0.012195121951219513
"Department of Physics and Engineering Physics, University of Saskatchewan, Saskatoon, Canada SK S7N 5E2","Lakehead University, 955 Oliver Rd., Thunder Bay, Ontario P7B 5E1, Canada",1,0.16666666666666666
"Northwestern University, Dearborn Observatory, 2131 Tech Drive, Evanston, IL 60208-2900, USA","Grupo de Mecánica Celeste, Facultad de Ciencias, 47005 Valladolid, Spain",1,0.021739130434782608
"School of Physics & Astronomy, Cardiff University, Cardiff CF24 3AA","Royal Observatory Edinburgh, Blackford Hill, Edinburgh, EH9 3HJ",1,0.018518518518518517
"Astrofísica da Universidade do Porto, Rua das Estrelas, 4150-762 Porto, Portugal","Physics Department, Science Labs, South Road, Durham DH1 3LE",1,0.0064516129032258064
"Astrofísica da Universidade do Porto, Rua das Estrelas, 4150-762 Porto, Portugal"," Theoretical Astrophysics Center, Juliane Maries Vej 30, DK-2100 Copenhagen Ø, Denmark",1,0.0064516129032258064
"Yale University, New Haven, CT 06520-8101, USA","MPE, Giessenbachstrasse 1, D-85741 Garching, Germany",1,0.011764705882352941
"Queen’s University, Kingston, ON K7L 3N6, Canada","Department of Physics & Astronomy, Michigan State University, 3255 Biomedical and Physical Sciences Building, East Lansing, MI 48824, USA",7,0.008064516129032258
"Queen’s University, Kingston, ON K7L 3N6, Canada","School of Information Technologies, University of Sydney, NSW, 2006, Australia",4,0.008064516129032258
"Astronomy Department, UC Berkeley, Hearst Field Annex B-20, Berkeley, CA 94720-3411, USA","Department of Astronomy, University of Michigan, 830 Dennison Building, 500 Church St., Ann Arbor, MI 48109, USA",2,0.005208333333333333
"Astronomy Department, University of Illinois at Urbana-Champaign, 1002 W. Green Street, Urbana, IL 61801, USA","Institute of Astronomy, 72 Tsarigradsko Shosse Blvd., 1784 Sofia, Bulgaria",1,0.014084507042253521
"Obserwatorium Astronomiczne, Uniwersytet Jagiellonski, ul. Orla 171, 30-244 Kraków, Poland",", Avenue d Italie, F-75013, Paris, France",1,0.05
"GREYC CNRS UMR 6072, Image Processing Group, ENSICAEN 14050, Caen Cedex, France"," Greenland Drive, Drouin 3818, Victoria, Australia",2,0.02040816326530612
" IFAE, Edifici Cn., Campus UAB, E-08193 Bellaterra, Spain","CBA-Huelva, Observatorio del CIECEM, Matalascañas, E-21076 Almonte, Huelva, Spain",2,0.0070921985815602835
"School of Mathematical Sciences, Monash University, Victoria, 3800, Australia","School of Physics and Astronomy, St Andrews University, North Haugh, St Andrews, Fife KY16 9SS",4,0.014084507042253521
"School of Mathematical Sciences, Monash University, Victoria, 3800, Australia","Laboratori d'Estudis Geofísics Eduard Fontseré (LEGEF), IEC, E-47. 08001 Barcelona, Spain",1,0.014084507042253521
"Lawrence Berkeley National Laboratory, Berkeley, CA, USA","RIKEN, Chiyoda-ku, Tokyo 100-0005, Japan",2,0.007633587786259542
"Lawrence Berkeley National Laboratory, Berkeley, CA, USA"," Osservatorio Astronomico di Brera, Via Bianchi 46, I-23807 Merate (LC), Italy",1,0.007633587786259542
"Grupo de Mecánica Celeste, Facultad de Ciencias, 47005 Valladolid, Spain"," W. Wheatridge Drive, Tucson, AZ, 85704, USA",2,0.010526315789473684
" Space Sciences Building, Cornell University, Ithaca, NY 14853, USA","Ritter Astrophysical Research Center, University of Toledo, Toledo, OH 43606, USA",1,0.007518796992481203
"University of Washington, Department of Physics, Seattle, WA 98195, USA","Lawrence Berkeley National Laboratory, Berkeley, CA, USA",3,0.009345794392523364
"University of California at Santa Barbara, California, USA"," H Street, SW, Washington, DC 20024-2725, USA",1,0.007042253521126761
"University of California at Santa Barbara, California, USA","Department of Physics and Astronomy, Rutgers, the State University of New Jersey, 136 Frelinghuysen Road, Piscataway, NJ 08854-8019, USA",1,0.007042253521126761
"JBCA School of Physics and Astronomy, The University of Manchester, Alan Turing Building, Oxford Road, Manchester M13 9PL","C.A.I.S.M.I. – C.N.R., Largo E. Fermi 5, I-50125 Firenze, Italy",1,0.008849557522123894
"Department of Physics, Gibbit Hill Road, University of Warwick, Coventry CV4 7AL, UK","AAVSO, 25 Birch St, Cambridge, MA 02138, USA",1,0.02
"Siena College, 515 Loudon Road, Loudonville, NY 12211,USA","Swarthmore College, Swarthmore, PA 19081, USA",1,0.008264462809917356
" School of Physics, University of New South Wales, Sydney, NSW 2052, Australia","Physics Department, Science Labs, South Road, Durham DH1 3LE",3,0.0064516129032258064
"Perth Observatory, Walnut Road, Bickley, Perth 6076, WA, Australia"," Korea Astronomy and Space Science Institute, 61-1 Hwaamdong, Yuseong-gu, Daejeon 305–348, Korea",1,0.05263157894736842
"Department of Astrophysical Sciences, Princeton University","Instituto de Radio Astronomía Milimétrica, E-18012 Granada, Spain",1,0.015151515151515152
"Nordita, AlbaNova University Center, Roslagstullsbacken 23, SE 10691 Stockholm, Sweden","Australia National Telescope Facility, CSIRO, PO Box 76, Epping, New South Wales 17190, Australia",1,0.011904761904761904
"Nordita, AlbaNova University Center, Roslagstullsbacken 23, SE 10691 Stockholm, Sweden","CIEMAT, Avda. Complutense 22, 28040 Madrid, Spain",1,0.011904761904761904
"CBA-Tennessee, 2007 Cedarmont Drive, Franklin, TN 37067, USA","CBA-Denmark, Søndervej 38, DK-8350 Hundslund, Denmark",1,0.03333333333333333
"Astronomy and Astrophysics Department, Villanova University, Villanova, PA 19085, USA"," East 58th Street, Chicago, IL 60615, USA",4,0.008064516129032258
"Department of Physics & Astronomy, University of Alabama, 206 Gallalee Hall, 514 University Boulevard, Tuscaloosa, AL 35487-0234, USA","Centre for Theoretical Studies, IIT, Kharagpur 721302, India",1,0.09090909090909091
"School of Physics and Astronomy, University of Leeds, West Yorkshire, Leeds LS2 9JT","Department of Physics and Astronomy, The University of Toledo, Toledo, OH 43606, USA",1,0.06666666666666667
"Great Shefford Observatory, Phlox Cottage, Wantage Road, Great Shefford RG17 7DA","Department of Physics, Florida State University, 315 Keen Building, Tallahassee, FL 32306-4350, USA",1,0.09090909090909091
"IAFE, Casilla de Correos 67, Suc. 28, Buenos Aires 1428, Argentina","Bronberg Observatory, CBA Pretoria, PO Box 11426, Tiegerpoort 0056, South Africa",1,0.017543859649122806
"Applied Physics, Curtin University of Technology, GPO Box U1987, Perth, WA 6845, Australia","Big Bear Solar Observatory, New Jersey Institute of Technology, Big Bear City, CA 92314, USA",2,0.014705882352941176
"Department of Applied Mathematics, Delhi Technological University, Bawana Road, Delhi 110 042, India","LAM-UMR 6110, CNRS & Univ. de Provence, 38 rue Fréderic Juliot-Curie, F-13013 Marseille, France",1,1.0
"SUPA, Institute for Astronomy, Royal Observatory Edinburgh, University of Edinburgh, Blackford Hill EH9 3HJ","ICREA-ICC, University of Barcelona, Barcelona 08028, Spain",1,1.0
"New York University, 4 Washington Place, New York, NY 10003, USA","Institute de Astrofisica de Canarias, C/ Via Lactea s/n, E-38200 La Laguna, Spain",1,0.01282051282051282
"Astronomical Institute, Charles University, V Holešovičkách 2, CZ‐180 00 Prague, Czech Republic","School of Chemistry and Physics, Adelaide University, Adelaide 5005, Australia",1,0.04
"New Mexico State University, 1320 Frenger Street, Las Cruces, NM, 88003, USA","University of Central Lancashire, Centre for Astrophysics, Preston PR1 2HE",1,0.02040816326530612
"Department of Physics, Texas A& M University, College Station, Texas 77843-4242, USA","Laboratori d'Estudis Geofísics Eduard Fontseré (LEGEF), IEC, E-47. 08001 Barcelona, Spain",1,0.04
"Lunar and Planetary Laboratory, University of Arizona, Sonett Space Science Building, Tucson, AZ, 85721-0063, USA","NASA Ames, Moffett Field, CA 94035, USA",1,0.05
"School of Information Technologies, University of Sydney, NSW, 2006, Australia","School of Physics, Monash University, Clayton, VIC 3800, Australia",1,0.004132231404958678
"School of Information Technologies, University of Sydney, NSW, 2006, Australia","Center for Backyard Astrophysics (Exmouth), Norcape Observatory, PO Box 300, Exmouth 6707, Australia",2,0.004132231404958678
"School of Information Technologies, University of Sydney, NSW, 2006, Australia","School of Earth & Space Exploration, Arizona State University, PO Box 871404, Tempe, Arizona, USA",1,0.004132231404958678
"Joint Institute for Galaxy and Cosmology (JOINGC) of SHAO and USTC, Shanghai 200030, China","New Mexico State University, 1320 Frenger Street, Las Cruces, NM, 88003, USA",1,0.04
"Institute of Astronomy, Cambridge","Johns Hopkins University, 3400 N. Charles Street, 21218, Baltimore, MD, USA",1,0.14285714285714285
"Institute of Astronomy, Cambridge University, Madingley Road, Cambridge CB3 0HA","CIEMAT, Avda. Complutense 22, 28040 Madrid, Spain",1,0.041666666666666664
"Department of Physics, University of Ljubljana, Jadranska 19, 1000 Ljubljana, Slovenia","CERN, CH-1211 Geneva 23, Switzerland",1,0.016129032258064516
"Astronomical Institute, University of Wrocław, ul. Kopernika 11, 51-622 Wrocław, Poland"," W. Wheatridge Drive, Tucson, AZ, 85704, USA",1,0.015384615384615385
"Chennai Mathematical Institute, Siruseri 603103, India","Centre for Theoretical Studies, IIT, Kharagpur 721302, India",1,1.0
"Physics Department, Arizona State University, Tempe, Arizona 85287, USA","Institute of Computer Science and Center for Neural Computation,The Hebrew University, Jerusalem 91904, Israel",1,0.027777777777777776
"Institute for Computational Cosmology, Durham University, Durham DH1 3LE","Department of Physics and Astronomy, Rutgers, the State University of New Jersey, 136 Frelinghuysen Road, Piscataway, NJ 08854-8019, USA",3,0.0053475935828877
"Laboratoire de Spectrométrie Physique (CNRS UMR 5588), Université Joseph Fourier de Grenoble, 38402 Saint Martin d'Héres, France","LAM-UMR 6110, CNRS & Univ. de Provence, 38 rue Fréderic Juliot-Curie, F-13013 Marseille, France",1,0.02
"University of Southern California, Los Angeles, CA 90089-0484, USA","Mathematics Department, University of Manchester, Manchester M13 9PL",1,0.2
"Department of Physics and Astronomy, McMaster University, Hamilton, Ontario L88 4M1, Canada","CITA, 60 St. George St, Toronto M5S 3H8, ON, Canada",1,0.3333333333333333
"Tianjin Astrophysics Center, Tianjin Normal University, Tianjin 300384, China","Faculty of Science and Technology, Hirosaki University, 3 bunkyo-cho, Hirosaki, Aomori, 036-8561, Japan",1,0.05
"University of California, Berkeley, Dept. of Astronomy, 601 Campbell Hall 3411, Berkeley, CA 94720, USA","ESO, Casilla 19001, Santiago 19, Chile",1,0.011111111111111112
"Université Paris 7, APC, 75205 Paris, France","New York University, 4 Washington Place, New York, NY 10003, USA",1,0.16666666666666666
"Institute of Astronomy, Madingley Rise, Cambridge CB3 0HA","Caltech M/C 249-17, Pasadena, CA 91125, USA",1,0.125
"The W.J. McDonald Observatory, Fort Davis, TX 79734-9875, USA","Josai Junior College, 1-1 Keyakidai, Sakado-shi, Saitama 350-0295, Japan",1,0.02564102564102564
"The W.J. McDonald Observatory, Fort Davis, TX 79734-9875, USA","Department of Physics, Texas A& M University, College Station, Texas 77843-4242, USA",3,0.02564102564102564
"Department of Physics and Center for Theoretical and Computational Physics, The University of Hong Kong, Hong Kong, P. R. China"," W. Wheatridge Drive, Tucson, AZ, 85704, USA",1,0.125
"Part-time Lecturer, Department of General Education, Faculty of Engineering, Osaka Institute of Technology, Omiya, Asahi-ku, Osaka 535-8585, Japan","DiSBeF – Università degli Studi di Urbino ‘Carlo Bo’, I-61029 Urbino, Italy",1,0.3333333333333333
"Centre for Space Research, North-West University, Potchefstroom Campus, 2520 Potchefstroom, South Africa","University of Leicester, Space Research Centre, University Road, Leicester LE1 7RH",1,0.01818181818181818
"Space Sciences Laboratory, 7 Gauss Way, University of California, Berkeley, CA 94720, USA","I. A. S. — Planetologia, via Fosso del Cavaliere 100, I-00133 Roma, Italy",1,0.2
"Abastumani Observatory, Mt. Kanobili, 0301 Abastumani, Georgia","Trinity College Dublin, College Green Dublin 2, Ireland",1,0.2
"Physics, Astronomy and Mathematics Department, University of Hertfordshire, Hatfield AL10 9AB","SISSA – via Bonomea, 265, I-34136 Trieste, Italy",1,0.06666666666666667
ARC Centre of Excellence for All-sky Astrophysics (CAASTRO),"Baumkamp 8, 22299 Hamburg, Germany",2,0.02631578947368421
"CBA-Oxford, 5 Silver Lane, West Challow, Wantage OX12 9TX, UK","CBA-France, 9 Rue Vasco de Gama, F-59553 Lauwin Planque, France",1,0.25
"St John's College, Cambridge CB2 1TP","Physics Department, Science Labs, South Road, Durham DH1 3LE",1,0.25
"JILA, University of Colorado, Boulder, CO, USA","LERMA, Observatoire de Paris, UMR8112, 61, avenue de l'Observatoire, Paris F‐75014, France",1,0.038461538461538464
"Meyer Observatory and Central Texas Astronomical Society, Waco, TX, USA","CBA (Nelson), 8 Regent Lane, Richmond, Nelson, New Zealand",1,0.034482758620689655
"Ege University Observatory, 35100, Bornova, Izmir, Turkey"," Freigericht-Horbach, Germany",1,0.022222222222222223
"Croatian MAGIC Consortium, Rudjer Boskovic Institute, University of Rijeka and University of Split, HR-10000 Zagreb, Croatia","INAF-OAC, Via Moiarello 16, I-80131 Naples, Italy",1,0.058823529411764705
"Institute of Space Sciences (CSIC–IEEC), UAB, Barcelona 08193, Spain"," East 58th Street, Chicago, IL 60615, USA",2,0.038461538461538464
"A. F. Ioffe Physicotechnical Institute, 26 Polytekhnicheskaya, St Petersburg 194021, Russia"," Theoretical Astrophysics Center, Juliane Maries Vej 30, DK-2100 Copenhagen Ø, Denmark",1,0.05555555555555555
