"CREST, Siddalaghatta Road, Hosakote, Bangalore, India","Swarthmore College, Swarthmore, PA 19081, USA",1,0.004424778761061947
"CREST, Siddalaghatta Road, Hosakote, Bangalore, India","Department of Physics and Astronomy, UCL, Gower Place, London WC1E 6BT",3,0.004424778761061947
"CREST, Siddalaghatta Road, Hosakote, Bangalore, India","EADS Astrium, Gunnels Wood Rd, Stevenage SG1 2AS, UK",1,0.004424778761061947
"NRAL, Jodrell Bank, nr Macclesfield, Cheshire SK11 9DL","Warsaw University Observatory, Al. Ujazdowskie 4, PL-00-478, Poland",1,0.006329113924050633
"Centrum Astronomii UMK, ul.Gagarina 11, 87-100 Torun, Poland","University of Applied Sciences Augsburg, An der Hochschule 1, D-86161 Augsburg, Germany",1,0.010752688172043012
"University of Hertfordshire, Department of Physical Sciences, College Lane, Hatfield, Herts AL10 9AB","DAMTP, Wilberforce Road, Cambridge CB3 0HA",5,0.004347826086956522
"SISSA – via Bonomea, 265, I-34136 Trieste, Italy","Korea Institute for Advanced Study, 207-43 Cheongryangri-dong Dongdaemun-gu, Seoul 130-012, Korea",2,0.004651162790697674
"AAVSO, 25 Birch St, Cambridge, MA 02138, USA","University of California, San Diego, La Jolla, CA, USA",2,0.0024691358024691358
"AAVSO, 25 Birch St, Cambridge, MA 02138, USA","Arizona State University, School of Earth and Space Exploration, Tempe, AZ 85287, USA",2,0.0024691358024691358
"Facultad de Ciencias, Universidad Católica del Norte, Antofagasta, Chile","ESO – Karl-Schwarzschild-Str. 2, 85748 Garching bei München, Germany",1,0.029411764705882353
"Centre for Theoretical Studies, IIT, Kharagpur 721302, India","Anglo-Australian Observatory, Coonabarabran, NSW 2357, Australia",6,0.005263157894736842
"Institute of Astronomy, Madingley Road, CB3 0HA, Cambridge","School of Computer Science and IT, University of Nottingham, Nottingham NG8 1BB",6,0.0031446540880503146
"Institute of Astronomy, Madingley Road, CB3 0HA, Cambridge","School of Computing and Mathematical Sciences, Glasgow Caledonian University, Glasgow G4 0BA",2,0.0031446540880503146
"Institute of Astronomy, Madingley Road, CB3 0HA, Cambridge","Department of Physics, Durham University, Durham DH1 3LE",3,0.0031446540880503146
"Centre AMER Observatory National Academy of Sciences of Ukraine, 27 Akademika Zabolotnoho Street, 03680 Kyiv, Ukraine","Imperial College London, South Kensington Campus, London SW7 2AZ",2,0.022727272727272728
"Institut für Astronomie, ETH Zurich, Wolfgang-Pauli-Str. 27, 8093 Zurich, Switzerland","Royal Military College of Canada, Department of Physics, PO Box 17000, Station ‘Forces‘, Kingston, Ontario, Canada K7K 4B4",1,0.011363636363636364
"Pittsburgh Supercomputing Center, 300 S. Craig Street, Pittsburgh, PA 15213, USA","Department of Physics and Astronomy, E C Stoner Building, Leeds LS2 9JT",1,0.006756756756756757
"Pittsburgh Supercomputing Center, 300 S. Craig Street, Pittsburgh, PA 15213, USA"," Department of Physics and Astronomy, Texas A&M University, College Station, TX 77845, USA",1,0.006756756756756757
"Pittsburgh Supercomputing Center, 300 S. Craig Street, Pittsburgh, PA 15213, USA","Wheeling Jesuit University, Wheeling, WV, 26003, USA",1,0.006756756756756757
"University of Texas at Austin, Austin, TX 78712–1083, USA","INAF — Osservatorio Astronomico di Monte Porzio, Monte Porzio Catone (Roma), Italy",4,0.0058823529411764705
"University of Central Lancashire, Centre for Astrophysics, Preston PR1 2HE","University of Southampton, School of Physics and Astronomy, Highfield Campus, Southampton, Hampshire SO17 1BJ",1,0.0044444444444444444
"IZMIRAN, Troitsk, Moscow Region 142190, Russia","Landessternwarte Heidelberg-Königstuhl, 69117 Heidelberg, Germany",2,0.00909090909090909
"IZMIRAN, Troitsk, Moscow Region 142190, Russia","Department of Physics and Astronomy, University of North Carolina, NC, USA",1,0.00909090909090909
"Big Bear Solar Observatory, New Jersey Institute of Technology, Big Bear City, CA 92314, USA","Agenzia Spaziale Italiana (ASI) Science Data Center, I-00044 Frascati (Roma), Italy",1,0.002680965147453083
"Big Bear Solar Observatory, New Jersey Institute of Technology, Big Bear City, CA 92314, USA","Department of Physics and Astronomy, University of Leicester, Leicester",1,0.002680965147453083
"ESO – Karl-Schwarzschild-Str. 2, 85748 Garching bei München, Germany","Centrum Astronomiczne im. M. Kopernika, Bartycka 18, 00–716 Warszawa, Poland",1,0.0021008403361344537
"ESO – Karl-Schwarzschild-Str. 2, 85748 Garching bei München, Germany","Tokyo University of Science, Oshamanbe, Hokkaido, 049-3514 Tokyo, Japan",1,0.0021008403361344537
"Physics Department, St Cloud State University, St Cloud, MN 56301, USA","University of British Columbia, 6224 Agricultural Road Vancouver, BC V6T 1Z1 Canada",1,0.16666666666666666
"DGA Maîtrise de l’information, BP 7 35998 Rennes Cedex 9, France","Eureka Scientific, USA",3,0.006944444444444444
"DGA Maîtrise de l’information, BP 7 35998 Rennes Cedex 9, France","University of Maryland, College Park, MD 20742, USA",1,0.006944444444444444
"Imperial College London, South Kensington Campus, London SW7 2AZ","Centrum Astronomii UMK, ul.Gagarina 11, 87-100 Torun, Poland",1,0.00398406374501992
"Imperial College London, South Kensington Campus, London SW7 2AZ","Department of Physics, UC Davis, One Shields Ave, Davis, CA 95616, USA",4,0.00398406374501992
"University of British Columbia, 6224 Agricultural Road Vancouver, BC V6T 1Z1 Canada","Blackett Laboratory Optics Section, Imperial College, London SW7 2BZ",5,0.007575757575757576
"University of British Columbia, 6224 Agricultural Road Vancouver, BC V6T 1Z1 Canada"," Space Sciences Building, Cornell University, Ithaca, NY 14853, USA",2,0.007575757575757576
"University of British Columbia, 6224 Agricultural Road Vancouver, BC V6T 1Z1 Canada","School of Physics and Astronomy, University of Leeds, West Yorkshire, Leeds LS2 9JT",1,0.007575757575757576
"Portsmouth Grammar School, High Street, Portsmouth PO1 2LN","ASTRON, PO Box 2, NL-7990 AA Dwingeloo, the Netherlands",1,0.004629629629629629
"Portsmouth Grammar School, High Street, Portsmouth PO1 2LN","Yale Center for Astronomy and Astrophysics, Yale University, PO Box 208121, New Haven, CT 06520, USA",5,0.004629629629629629
"Australia National Telescope Facility, CSIRO, PO Box 76, Epping, New South Wales 17190, Australia","INAF - Osservatorio Astronomico di Palermo, Piazza del Parlamento 1, 90134 Palermo, Italy",13,0.0038022813688212928
"Australia National Telescope Facility, CSIRO, PO Box 76, Epping, New South Wales 17190, Australia","Liverpool John Moores University, Birkenhead CH41 1LD",10,0.0038022813688212928
"Max Planck Institute for Solar System Research, Max-Planck Str. 2, 37191, Katlenburg-Lindau, Germany","Leiden University, Leiden Observatory, PO Box 9513, NL-2300 RA, Leiden",3,0.008130081300813009
" Division of Physical Sciences, University of Hertfordshire, Herts AL10 9AB","Department of Physics and Astronomy, Rice University, MS-108, 6100 South Main, Houston, TX 77005-1892, USA",1,0.03125
"University of Durham, South Rd, Durham DH1 3LE","Columbia Astrophysics Laboratory, 550 W. 120th Street, New York, NY 10027, USA",1,0.004464285714285714
"University of Durham, South Rd, Durham DH1 3LE","Department of Astronomy and Astrophysics, Penn State, 504 Davey Laboratory, University Park, Pennsylvania 16802, USA",1,0.004464285714285714
" Hewlett Place, Victoria, BC V8S 497, Canada","SKA South Africa, 3rd Floor, The Park, Park Road, Pinelands 7405, South Africa",2,0.0028735632183908046
" Hewlett Place, Victoria, BC V8S 497, Canada"," Big Horn Ridge, NE, Albuquerque, NM 87122, USA",2,0.0028735632183908046
"Centrum Astronomiczne im. M. Kopernika, Bartycka 18, 00–716 Warszawa, Poland","Department of Physics and Astronomy, Building 1520, Aarhus University, 8000 Aarhus C, Denmark",1,0.005434782608695652
"School of Physics and Astronomy, St Andrews University, North Haugh, St Andrews, Fife KY16 9SS","Instituto de Radio Astronomía Milimétrica, E-18012 Granada, Spain",5,0.0038022813688212928
"Center for Particle Cosmology, University of Pennsylvania 209 S. 33rd Street, Philadelphia, PA 19104-6396, USA"," 14th Street, Suite 1207, Oakland, CA 94612, USA",1,0.006289308176100629
"SAAO, PO Box 9, Observatory, 7935, South Africa","Department of Physics, University of Notre Dame, Notre Dame, IN 46556-5670, USA",1,0.0051813471502590676
"SKA South Africa, 3rd Floor, The Park, Park Road, Pinelands 7405, South Africa","Centre de Visió per Computador, Campus Universitat Autònoma de Barcelona, 08193 Cerdanyola del Vallès (Barcelona), Spain",1,0.00546448087431694
"SKA South Africa, 3rd Floor, The Park, Park Road, Pinelands 7405, South Africa","Johns Hopkins University, 3400 N. Charles Street, 21218, Baltimore, MD, USA",1,0.00546448087431694
" Culham Laboratory, Abingdon, Oxfordshire OX14 3DB","LERMA, Observatoire de Paris, UMR8112, 61, avenue de l'Observatoire, Paris F‐75014, France",1,0.011494252873563218
"RIKEN, Chiyoda-ku, Tokyo 100-0005, Japan","‘E. Fermi’ Center, Via Panisperna 89 A, Compendio del Viminale, I-00184 Rome, Italy",1,0.004
"A. Geminale Department of Astronomy, Vicolo dell'Osservatorio 3, 35122 Padova, Italy","Physics & Astronomy Department, UCLA, Box 951562, 405 Hilgard Avenue, Los Angeles, CA 90025-1562, USA",1,0.0034602076124567475
"A. Geminale Department of Astronomy, Vicolo dell'Osservatorio 3, 35122 Padova, Italy","Department of Physics and Astronomy, 4129 Frederick Reines Hall, UC Irvine, Irvine, CA 84602, USA",2,0.0034602076124567475
"Morrison Fellow, UCO/Lick Observatories, 1156 High St., Santa Cruz, CA 95064, USA","Institute for Cosmic Ray Research, Univ. of Tokyo, 5-1-5 Kashiwa-no-ha, Kashiwa City, 277-8582 Chiba, Japan",1,0.010416666666666666
"Physics Department, Science Labs, South Road, Durham DH1 3LE","SUPA, Institute for Astronomy, University of Edinburgh, Edinburgh EH19 3HJ",1,0.009900990099009901
"Astroclub Radebeul, Auf den Ebenbergen 10a, 01445 Radebeul, Germany","Max Planck Institute for Solar System Research, Max-Planck Str. 2, 37191, Katlenburg-Lindau, Germany",1,0.004484304932735426
"Astroclub Radebeul, Auf den Ebenbergen 10a, 01445 Radebeul, Germany","Calar Alto Observatory-Centro Astronómico Hispano-Alemán, C/Jesús Durbán Remón 2-2, 04004 Almeria, Spain",3,0.004484304932735426
"Astroclub Radebeul, Auf den Ebenbergen 10a, 01445 Radebeul, Germany","Department of Mathematics, University of Glasgow, Glasgow G12 8QW",1,0.004484304932735426
"Denys Wilkinson Building, University of Oxford, Keble Road, Oxford","Elviraland 194, 2591 GM The Hague, the Netherlands",6,0.010638297872340425
"Argonne National Laboratory, 9700 S. Cass Avenue, Lemont, IL 60439, USA","Institute Isaac Newton of Chile, Yugoslavia Branch, Belgrade, Serbia",1,0.005319148936170213
"Astronomy Group, University of Southampton, Highfield, Southampton SO17 1BJ","Faculty of Sciences, The University of Southern Queensland, Toowoomba 4350, Australia",1,0.005154639175257732
"Astronomy Group, University of Southampton, Highfield, Southampton SO17 1BJ","I. A. S. — Planetologia, via Fosso del Cavaliere 100, I-00133 Roma, Italy",7,0.005154639175257732
" 14th Street, Suite 1207, Oakland, CA 94612, USA","CEA / SACLAY, 91191 Gif sur Yvette cedex, France",5,0.006211180124223602
" 14th Street, Suite 1207, Oakland, CA 94612, USA","University of Zagreb, Physics Department, Bijenička cesta 32, 10000 Zagreb, Croatia",1,0.006211180124223602
"Macquarie University, Sydney, NSW 2109, Australia","A. Geminale Department of Astronomy, Vicolo dell'Osservatorio 3, 35122 Padova, Italy",1,0.00847457627118644
", Avenue d Italie, F-75013, Paris, France","Denys Wilkinson Building, University of Oxford, Keble Road, Oxford",1,0.0031746031746031746
", Avenue d Italie, F-75013, Paris, France","Department of Earth & Planetary Science, Washington University, 1 Brookings Drive, St Louis, MO 63110, USA",1,0.0031746031746031746
", Avenue d Italie, F-75013, Paris, France","Astrobiology Center, Institute of Geophysics and Planetary Physics, University of California, Los Angeles, CA 90095-1567, USA",1,0.0031746031746031746
", Avenue d Italie, F-75013, Paris, France","Institut de Ciencies de l'Espai (ICE, IEEC-CSIC), Campus UAB, Fac. de Ciencies, Torre C5-parell, 2a planta, 08193 Barcelona, Spain",2,0.0031746031746031746
"ISAS/JAXA, 3-1-1 Yoshinodai, 229-8510 Sagamihara, Japan","Department of Cosmoscience, Hokkaido University, Kita 10 Nishi 8, Kita-ku, Sapporo 060-0810, Japan",1,0.011111111111111112
"Ulugh Beg Astronomical Institute, Tashkent 700052, Uzbekistan","Argelander-Institut für Astronomie, Auf dem Hügel 71, Bonn",1,0.00558659217877095
"La Plata Observatory and CONICET, Paseo del Bosque, 1900 La Plata, Argentina","Département de physique, Université de Montréal, and Observatoire du Mont-Mégantic, PO Box 6128, Station Centre-Ville, Montréal, Québec,  H3C 3J7, Canada",1,0.015384615384615385
"Royal Observatory Edinburgh, Blackford Hill, Edinburgh, EH9 3HJ","CBA (Nelson), 8 Regent Lane, Richmond, Nelson, New Zealand",1,0.0027100271002710027
"Royal Observatory Edinburgh, Blackford Hill, Edinburgh, EH9 3HJ","HM Nautical Almanac Office, Space Science and Technology Department, Rutherford Appleton Laboratory, Chilton, Didcot",1,0.0027100271002710027
"Subaru Telescope, 650 N. A‘ohōkū Place, Hilo, HI 96720, USA","C.A.I.S.M.I. – C.N.R., Largo E. Fermi 5, I-50125 Firenze, Italy",2,0.003278688524590164
"Subaru Telescope, 650 N. A‘ohōkū Place, Hilo, HI 96720, USA","NASA, MSFC, Huntsville, AL 35812, USA",1,0.003278688524590164
"Space Science Institute, 4750 Walnut Street, Boulder Suite 205, CO 80301, USA","HE Space Operations GmbH, Flughafenallee 24, D-28199 Bremen, Germany",2,0.0031645569620253164
"Space Science Institute, 4750 Walnut Street, Boulder Suite 205, CO 80301, USA","Shanghai Astronomical Observatory, 80 Nandan Rd, Shanghai, 200030, China",1,0.0031645569620253164
"University of California, San Diego, La Jolla, CA, USA","The University of Leicester, Leicester LE1 7RH",1,0.027777777777777776
"Institute de Astrofisica de Canarias, C/ Via Lactea s/n, E-38200 La Laguna, Spain","IPD, UNIVAP, São José dos Campos, SP, 12244-000, Brazil",3,0.0027548209366391185
"Blackett Laboratory Optics Section, Imperial College, London SW7 2BZ","Institute of Physics, Savanoriu pr. 231, LT‐02300 Vilnius, Lithuania",1,0.0024875621890547263
"CERN, CH-1211 Geneva 23, Switzerland","Pittsburgh Supercomputing Center, 300 S. Craig Street, Pittsburgh, PA 15213, USA",2,0.0040650406504065045
"CERN, CH-1211 Geneva 23, Switzerland","Department of Astronomy, McPherson Laboratory, 140 W 18th Avenue, Columbus, OH 43210-1173, USA",1,0.0040650406504065045
"School of Computer Science and IT, University of Nottingham, Nottingham NG8 1BB"," Hewlett Place, Victoria, BC V8S 497, Canada",7,0.006134969325153374
"School of Computer Science and IT, University of Nottingham, Nottingham NG8 1BB","Uppsala Astronomical Observatory, Box 515, S-75120 Uppsala, Sweden",3,0.006134969325153374
"University of Leicester, Space Research Centre, University Road, Leicester LE1 7RH","Bonn University, Auf dem Hügel 71D, 53121 Bonn, Germany",1,0.005076142131979695
"Astrokolkhoz Observatory, PO Box 1351 Cloudcroft, NM 88317, USA","McGill University, 3600 rue University, Montreal, QC H3A 2T8, Canada",1,0.005649717514124294
"Anglo-Australian Observatory, Coonabarabran, NSW 2357, Australia","H H Wills Physics Laboratory, Tyndall Avenue, Bristol BS8 1TL, UK",5,0.0048543689320388345
"Anglo-Australian Observatory, Coonabarabran, NSW 2357, Australia","The Open University, Walton Hall, Milton Keynes MK7 6AA",2,0.0048543689320388345
"Department of Physics, University of Queensland, Brisbane QLD 4072, Australia","NRAL, Jodrell Bank, nr Macclesfield, Cheshire SK11 9DL",2,0.009345794392523364
"Theoretical Astrophysics, University of Tübingen, IAAT, Auf der Morgenstelle 10, Tübingen 72076, Germany","Space Science Institute, 4750 Walnut Street, Boulder Suite 205, CO 80301, USA",2,0.014285714285714285
"Theoretical Astrophysics, University of Tübingen, IAAT, Auf der Morgenstelle 10, Tübingen 72076, Germany","Australian National University, Canberra, ACT, Australia",1,0.014285714285714285
"Instituto de Ciencias Nucleares (UNAM), Ap.Postal 70-543, CP 04510, México D.F., México","Observatório Nacional, Rio de Janeiro, RJ, Brazil",1,0.014285714285714285
"Caltech M/C 249-17, Pasadena, CA 91125, USA","Department of Physics and Astronomy 3905, University of Wyoming, 1000 E. University, Laramie, WY 82071, USA",1,0.003048780487804878
"Department of Physics and Astronomy, University of Aarhus, Ny Munkegade, Building 1520, DK 8000 Aarhus C, Denmark","The Weizmann Institute Centre for Astrophysics, Rehovot 76100, Israel",1,0.013333333333333334
"INAF — Osservatorio Astronomico di Monte Porzio, Monte Porzio Catone (Roma), Italy","University of Texas at Austin, Austin, TX 78712–1083, USA",1,0.003968253968253968
"INAF — Osservatorio Astronomico di Monte Porzio, Monte Porzio Catone (Roma), Italy"," Rue du Dr Laulaigne, 49670 Valanjou, France",1,0.003968253968253968
" Department of Astronomy, Yale University, PO Box 208101, New Haven CT 06520-8101, USA","Swarthmore College, Swarthmore, PA 19081, USA",4,0.007246376811594203
" Department of Astronomy, Yale University, PO Box 208101, New Haven CT 06520-8101, USA",Apache Point Observatory,3,0.007246376811594203
"CBA-Belgium. Walhostraat 1A, B-3401 Landen, Belgium","LAM-UMR 6110, CNRS & Univ. de Provence, 38 rue Fréderic Juliot-Curie, F-13013 Marseille, France",2,0.0053475935828877
" Brightwater Road, Blackmans Bay, Tasmania 7052, Australia","Caltech M/C 249-17, Pasadena, CA 91125, USA",2,0.014925373134328358
" Brightwater Road, Blackmans Bay, Tasmania 7052, Australia","Mt John Observatory, PO Box 56, Lake Tekapo 8770, New Zealand",1,0.014925373134328358
" IUCAA, Ganeshkhind, Pune 411007, India","Department of Physics, University of Vermont, Burlington VT 05405, USA",2,0.007352941176470588
"IFCA, CSIC-Univ. de Cantabria, Avda. los Castros, s/n, E-39005 Santander, Spain","Tata Institute of Fundamental Research, Mumbai 400 005, India",2,0.005780346820809248
"IFCA, CSIC-Univ. de Cantabria, Avda. los Castros, s/n, E-39005 Santander, Spain","University of California Irvine, Irvine, CA 92697–4575, USA",3,0.005780346820809248
"ASTRON, PO Box 2, NL-7990 AA Dwingeloo, the Netherlands","ESO – Karl-Schwarzschild-Str. 2, 85748 Garching bei München, Germany",30,0.003787878787878788
"Physics Department, University of Warwick, Coventry CV4 7AL","University of Central Florida, Department of Physics, PO Box 162385, Orlando, FL 32816-2385, USA",1,0.006329113924050633
"Nobeyama Radio Observatory, 462-2 Nobeyama, Minamimaki, Minamisaku, Nagano 384-1305, Japan","Hida Observatory, Graduate School of Science, Kyoto University, Kamitakara, Takayama, Gifu 506-1314, Japan",1,0.04
"Nobeyama Radio Observatory, 462-2 Nobeyama, Minamimaki, Minamisaku, Nagano 384-1305, Japan","Centre for Computational Sciences, University of Tsukuba, Ten-nodai, 1-1-1 Tsukuba, Ibaraki 305-8577, Japan",2,0.04
"HE Space Operations GmbH, Flughafenallee 24, D-28199 Bremen, Germany","JBCA School of Physics and Astronomy, The University of Manchester, Alan Turing Building, Oxford Road, Manchester M13 9PL",1,0.0053475935828877
"Astrophysics, NAPL, Keble Road, Oxford OX1 3RH","Nature, The Macmillan Building, 4 Crinan Street, London N1 9XW",1,0.01020408163265306
"H H Wills Physics Laboratory, Tyndall Avenue, Bristol BS8 1TL, UK","Institute for Astronomy, 2680 Woodlawn Dr, Honolulu, HI 96822, USA",2,0.005813953488372093
"H H Wills Physics Laboratory, Tyndall Avenue, Bristol BS8 1TL, UK","Astronomy Department, University of Illinois at Urbana-Champaign, 1002 W. Green Street, Urbana, IL 61801, USA",1,0.005813953488372093
"Eureka Scientific, USA","KIPAC, PO Box 20450, MS29, Stanford, CA 94309, USA",1,0.005128205128205128
"Cork Institute of Technology, Bishopstown, Cork, Ireland","Institut für Astrophysik, Friedrich-Hund-Platz 1, 37077 Göttingen, Germany",1,0.16666666666666666
"Landessternwarte Heidelberg-Königstuhl, 69117 Heidelberg, Germany","Physics Department, Science Labs, South Road, Durham DH1 3LE",2,0.0030303030303030303
"Landessternwarte Heidelberg-Königstuhl, 69117 Heidelberg, Germany"," Theoretical Astrophysics Center, Juliane Maries Vej 30, DK-2100 Copenhagen Ø, Denmark",9,0.0030303030303030303
"United Laboratory for Optical Astrometry, The Chinese Academy of Sciences, China","Physics Department, Queen's University, Belfast BT7 1NN",1,0.008130081300813009
"Department of Astronomy, University of Michigan, 830 Dennison Building, 500 Church St., Ann Arbor, MI 48109, USA","MPE, Giessenbachstrasse 1, D-85741 Garching, Germany",2,0.005988023952095809
"Department of Astronomy, University of Michigan, 830 Dennison Building, 500 Church St., Ann Arbor, MI 48109, USA","University of Massachusetts, Astronomy Department, Amherst, MA 01003-4610, USA",1,0.005988023952095809
"School of Physics and Astronomy, University of Birmingham, Birmingham","Portsmouth Grammar School, High Street, Portsmouth PO1 2LN",1,0.007246376811594203
"Johns Hopkins University, 3400 N. Charles Street, 21218, Baltimore, MD, USA","University of Durham, South Rd, Durham DH1 3LE",13,0.004739336492890996
" Korea Astronomy and Space Science Institute, 61-1 Hwaamdong, Yuseong-gu, Daejeon 305–348, Korea","ASTRON, PO Box 2, NL-7990 AA Dwingeloo, the Netherlands",1,0.006666666666666667
"CIEMAT, Avda. Complutense 22, 28040 Madrid, Spain","INAF - Osservatorio Astronomico di Palermo, Piazza del Parlamento 1, 90134 Palermo, Italy",15,0.002976190476190476
"CIEMAT, Avda. Complutense 22, 28040 Madrid, Spain","Liverpool John Moores University, Birkenhead CH41 1LD",6,0.002976190476190476
"CIEMAT, Avda. Complutense 22, 28040 Madrid, Spain","Chinese Academy of Sciences, Beijing Astronomical Observatory, China",1,0.002976190476190476
"CIEMAT, Avda. Complutense 22, 28040 Madrid, Spain","Departamento de Física y Arquitectura de Computadores, Universidad Miguel Hernández de Elche, 03202-Elche, Spain",2,0.002976190476190476
"Trinity College Dublin, College Green Dublin 2, Ireland","University of Hertfordshire, Department of Physical Sciences, College Lane, Hatfield, Herts AL10 9AB",1,0.006060606060606061
" W. Wheatridge Drive, Tucson, AZ, 85704, USA","Department of Physics and Astronomy, PO Box 87150, Arizona State University, Tempe, AZ 85287-1504, USA",1,0.0025575447570332483
"Swarthmore College, Swarthmore, PA 19081, USA"," Pennsylvania State University, Wilkes-Barre Campus, Old Route 115, P.O. Box PSU, Lehman, PA 18627, USA",1,0.003937007874015748
"Swarthmore College, Swarthmore, PA 19081, USA","School of Physics & Astronomy, Cardiff University, Cardiff CF24 3AA",1,0.003937007874015748
"University of St Andrews, St Andrews, Fife KY16 9SS","Instituto de Radio Astronomía Milimétrica, E-18012 Granada, Spain",1,0.019230769230769232
"Department of Physics, University of Notre Dame, Notre Dame, IN 46556-5670, USA","Department of Physics, University of Sheffield, Sheffield S3 7RH",2,0.017241379310344827
"Department of Physics, University of Notre Dame, Notre Dame, IN 46556-5670, USA","Science Institute, University of Iceland, Dunhaga 3, 107 Reykjavík, Iceland",1,0.017241379310344827
"Bronberg Observatory, CBA Pretoria, PO Box 11426, Tiegerpoort 0056, South Africa","Odessa Astronomical Observatory, Shevchenko Park, 65014, Odessa, Ukraine",1,0.0058823529411764705
"Bronberg Observatory, CBA Pretoria, PO Box 11426, Tiegerpoort 0056, South Africa","LERMA, Observatoire de Paris, UMR8112, 61, avenue de l'Observatoire, Paris F‐75014, France",4,0.0058823529411764705
" Osservatorio Astronomico di Brera, Via Bianchi 46, I-23807 Merate (LC), Italy","‘E. Fermi’ Center, Via Panisperna 89 A, Compendio del Viminale, I-00184 Rome, Italy",3,0.005917159763313609
"Koninklijke Sterrenwacht van Belgie, Brussels, Belgium","Institut for Fysik og Astronomi (IFA), Aarhus Universitet, 8000 Aarhus, Denmark",1,0.005988023952095809
"Department of Earth & Planetary Science, Washington University, 1 Brookings Drive, St Louis, MO 63110, USA","Elviraland 194, 2591 GM The Hague, the Netherlands",1,0.09090909090909091
"OASU-L3ABordeaux, CNRS UMR 5804, BP 89, 33270 Floirac, France","Faculty of Sciences, The University of Southern Queensland, Toowoomba 4350, Australia",1,0.004608294930875576
"OASU-L3ABordeaux, CNRS UMR 5804, BP 89, 33270 Floirac, France","I. A. S. — Planetologia, via Fosso del Cavaliere 100, I-00133 Roma, Italy",2,0.004608294930875576
"Liverpool John Moores University, Birkenhead CH41 1LD","Astronomy Group, University College London, London WC1E 6BT",1,0.0031746031746031746
"Liverpool John Moores University, Birkenhead CH41 1LD","Department of Physics, University of Nevada, 4505 South Maryland Parkway, Las Vegas, NV 89154, USA",1,0.0031746031746031746
"Electric Wave Propagation Institute of China, Xinxiang 453003, China","Centre de Recherche Astronomique de Lyon, 9 Avenue Charles André, 69230 Saint-Genis-Laval, France",1,0.05263157894736842
"Kehäkukantie 3B, 00720 Helsinki, Finland","Ulugh Beg Astronomical Institute, Tashkent 700052, Uzbekistan",1,0.00684931506849315
"Kehäkukantie 3B, 00720 Helsinki, Finland","Astronomy and Astrophysics Department, Villanova University, Villanova, PA 19085, USA",1,0.00684931506849315
"Kehäkukantie 3B, 00720 Helsinki, Finland","Ege University Observatory, 35100, Bornova, Izmir, Turkey",1,0.00684931506849315
"CEA / SACLAY, 91191 Gif sur Yvette cedex, France","Subaru Telescope, 650 N. A‘ohōkū Place, Hilo, HI 96720, USA",22,0.003205128205128205
"CEA / SACLAY, 91191 Gif sur Yvette cedex, France","Astrophysics & Supercomputing, Swinburne University, Hawthorn VIC 3122, Australia",7,0.003205128205128205
"CEA / SACLAY, 91191 Gif sur Yvette cedex, France"," Iowa Street, Ashland, OR 97520, USA",2,0.003205128205128205
"Boston College, Institute for Scientific Research, 140 Commonwealth Avenue, Chestnut Hill, MA 02467, USA","Astrophysics Group, Keele University, Staffordshire ST5 5BG",1,0.022222222222222223
"University of Oslo, Institute of Theoretical Astrophysics, PO Box 1029 — Blindern, N-0315 Oslo, Norway","CBA (Nelson), 8 Regent Lane, Richmond, Nelson, New Zealand",1,0.015625
"NASA/GSFC, 8463 Greenbelt, MD 20770-2548, USA"," H Street, SW, Washington, DC 20024-2725, USA",11,0.003875968992248062
"American Museum of Natural History, 79th Street at Central Park West, New York, NY 10024-5192, USA","SISSA – via Bonomea, 265, I-34136 Trieste, Italy",1,0.009615384615384616
"ESO, Casilla 19001, Santiago 19, Chile","Fuculty of Science, Kyushu University, Hakozaki, Fukuoka 812-8581, Japan",1,0.002702702702702703
"INAF, Trieste Astronomical Observatory, Via G. B. Tiepolo 11, 1-34143 Trieste, Italy","Centre for Space Astrophysics, Yonsei University, Seoul 120-749, Korea",2,0.0125
"Elviraland 194, 2591 GM The Hague, the Netherlands","CPHT, École Polytechnique, 91128 Palaiseau France",1,0.0035211267605633804
"Elviraland 194, 2591 GM The Hague, the Netherlands","Department of Astronomy and Physics, St. Mary's University, Halifax, Canada NS B3H 3C3",2,0.0035211267605633804
"Elviraland 194, 2591 GM The Hague, the Netherlands","School of Physics, Faculty of Science, Golestan University, Gorgan 49138-15739, Iran",1,0.0035211267605633804
"DiSBeF – Università degli Studi di Urbino ‘Carlo Bo’, I-61029 Urbino, Italy","Johns Hopkins University, Bloomberg Center 435, 3400 N. Charles St, Baltimore, MD 21218, USA",1,0.0055248618784530384
"Academia Sinica Institute of Astronomy and Astrophysics (ASIAA), PO Box 23, Taipei 106, Taiwan","University of California, Santa Cruz, CA 95064, USA",1,0.009174311926605505
"Address at time of contribution to this work: School of Chemistry, University of Nottingham, University Park, Nottingham NG7 2RD","Einstein Fellow/Yale Center for Astronomy and Astrophysics, Yale University, PO Box 208121, New Haven, CT 06520, USA",3,0.004545454545454545
"Department of Mathematical Sciences, Durham University, South Road, Durham DH1 3LE, UK","ESO, Casilla 19001, Santiago 19, Chile",3,0.00625
"Department of Physics, The University of Durham, Durham DH1 3LE","Warsaw University Observatory, Al. Ujazdowskie 4, PL-00-478, Poland",1,0.017857142857142856
"Korea Institute for Advanced Study, 207-43 Cheongryangri-dong Dongdaemun-gu, Seoul 130-012, Korea","LAM-UMR 6110, CNRS & Univ. de Provence, 38 rue Fréderic Juliot-Curie, F-13013 Marseille, France",1,0.006896551724137931
"Department of Physics, University of Kentucky, Lexington, KY 40506, USA","DAMTP, Wilberforce Road, Cambridge CB3 0HA",2,0.047619047619047616
"Merrowinger str. 10, D-40223 Düsseldorf, Germany","Departement de Fisique, Université Laval, Chemin St-Foy, Quebec, Canadá",1,0.003003003003003003
"Merrowinger str. 10, D-40223 Düsseldorf, Germany","Tata Institute of Fundamental Research, Mumbai 400 005, India",3,0.003003003003003003
"Merrowinger str. 10, D-40223 Düsseldorf, Germany","Astronomy Department, UC Berkeley, Hearst Field Annex B-20, Berkeley, CA 94720-3411, USA",2,0.003003003003003003
"Merrowinger str. 10, D-40223 Düsseldorf, Germany","University of California Irvine, Irvine, CA 92697–4575, USA",5,0.003003003003003003
"Department of Physics & Astronomy, Camosun College, Victoria, British Columbia V8P 5J2, Canada","Anglo-Australian Observatory, Coonabarabran, NSW 2357, Australia",1,0.009345794392523364
"Hida Observatory, Graduate School of Science, Kyoto University, Kamitakara, Takayama, Gifu 506-1314, Japan","Bisei Spaceguard Center, Japan Spaceguard Association, 1716-3 Ohrura, Bisei-cho, Ibara, Okayama 714-1411, Japan",2,0.009615384615384616
"Astronomy Group, The Denys Wilkinson Building, Keble Road, Oxford OX1 3RH","NRAO, Green Bank, WV 24944–0002, USA",1,0.004347826086956522
"The Open University, Walton Hall, Milton Keynes MK7 6AA","Institute for Astronomy, 2680 Woodlawn Dr, Honolulu, HI 96822, USA",2,0.0048543689320388345
"University of Maryland, College Park, MD 20742, USA","Michigan State University, 567 Wilson Rd. Rm 3275, East Lansing, MI 48824, USA",1,0.009615384615384616
"Centro de Radioastronomía y Astrofísica (UNAM), 58089 Morelia, Mexico","Royal Observatory Edinburgh, Blackford Hill, Edinburgh, EH9 3HJ",1,0.011235955056179775
"Centro de Radioastronomía y Astrofísica (UNAM), 58089 Morelia, Mexico","University of Oslo, Institute of Theoretical Astrophysics, PO Box 1029 — Blindern, N-0315 Oslo, Norway",1,0.011235955056179775
"Department of Physics, Oxford University, Keble Road, Oxford OX1 3RH","Physics Department, Science Labs, South Road, Durham DH1 3LE",3,0.041666666666666664
" rue des Battieux 2000 Neuchatel, Switzerland","Department of Physics, UC Davis, One Shields Ave, Davis, CA 95616, USA",1,0.007462686567164179
"Cardiff University, Queen's Buildings, 5 The Parade, Cardiff CF24 3YB","Blackett Laboratory Optics Section, Imperial College, London SW7 2BZ",40,0.004807692307692308
"Cardiff University, Queen's Buildings, 5 The Parade, Cardiff CF24 3YB"," Space Sciences Building, Cornell University, Ithaca, NY 14853, USA",10,0.004807692307692308
"Space Astronomy Laboratory, University of Wisconsin, Madison, WI 53706, USA","Physics Department, University of Richmond, Richmond, VA 23173, USA",1,0.07692307692307693
"MIT Haystack Observatory, Off Route 40, Westford, MA 01886, USA","Center for Space Research, MIT, NE80-6055, 77 Massachusetts Avenue, Cambridge, MA 02139-4307, USA",1,0.04
"Astrophysics Department University of Oxford, 1 Keble Road, Oxford OX1 3RH","ASTRON, PO Box 2, NL-7990 AA Dwingeloo, the Netherlands",7,0.005
"Astrophysics Department University of Oxford, 1 Keble Road, Oxford OX1 3RH","Yale Center for Astronomy and Astrophysics, Yale University, PO Box 208121, New Haven, CT 06520, USA",1,0.005
"Department of Physics and Astronomy, University of Sussex, Brighton, East Sussex BN1 9QH","Astrokolkhoz Observatory, PO Box 1351 Cloudcroft, NM 88317, USA",1,0.009708737864077669
"Center for Astrophysics & Space Sciences, University of California, San Diego, 9500 Gilman Drive, La Jolla, CA 92093-0424, USA","Chinese Academy of Sciences, Beijing Astronomical Observatory, China",1,0.010309278350515464
"Centre for Astrophysics Research, University of Hertfordshire, Hatfield","Afdeling Sterrenkunde, Radboud Universiteit Nijmegen, Faculteit NWI, Postbus 9010, 6500 GL Nijmegen, the Netherlands",1,0.020833333333333332
"Armagh Observatory, College Hill, Armagh BT61 9DG","University of Hertfordshire, Department of Physical Sciences, College Lane, Hatfield, Herts AL10 9AB",2,0.010309278350515464
"Tata Institute of Fundamental Research, Mumbai 400 005, India","Divisão de Astrofísica, INPE/MCT CP 515, 12201-970 SP, Brazil",1,0.011494252873563218
"Tata Institute of Fundamental Research, Mumbai 400 005, India","Abteilung Bioklimatologie, Universität Göttingen, Büsgenweg 2, D-37077 Göttingen, Germany",1,0.011494252873563218
"Swinburne University of Technology, Centre for Astrophysics and Supercomputing Mail H30, PO Box 218, VIC 3122, Australia"," Big Horn Ridge, NE, Albuquerque, NM 87122, USA",5,0.008130081300813009
"Swinburne University of Technology, Centre for Astrophysics and Supercomputing Mail H30, PO Box 218, VIC 3122, Australia","Chemistry Department, George Mason University, Fairfax, VA 22030, USA",1,0.008130081300813009
"University of California, Santa Cruz, CA 95064, USA","School of Earth & Space Exploration, Arizona State University, PO Box 871404, Tempe, Arizona, USA",1,0.09090909090909091
" Greenland Drive, Drouin 3818, Victoria, Australia"," Astronomy Centre, University of Sussex, Falmer, Brighton BN1 9QH",7,0.007462686567164179
"McDonald Observatory, 1 University Station, Austin, TX 78712, USA"," W. Wheatridge Drive, Tucson, AZ, 85704, USA",2,0.015384615384615385
"Astrophysics Group, Keele University, Staffordshire ST5 5BG","Astronomy Department, University of Minnesota, Minneapolis, MN 55455, USA",2,0.004672897196261682
"Dipartimento di Fisica, Università di Cagliari, SP Monserrato-Sestu, Km 0.7, 09042 Monserrato, Italy","American Museum of Natural History, 79th Street at Central Park West, New York, NY 10024-5192, USA",1,0.058823529411764705
"Computational Astrophysics Group, Department of Information Technology, National University of Ireland, Galway, Ireland","Department of Physics, National University of Ireland, Galway, Ireland",1,0.25
"Bucknell University, Lewisburg, PA, USA"," Department of Astronomy, Yale University, PO Box 208101, New Haven CT 06520-8101, USA",1,0.05555555555555555
"Institut für Astrophysik, Friedrich-Hund-Platz 1, 37077 Göttingen, Germany","CBA (Nelson), 8 Regent Lane, Richmond, Nelson, New Zealand",1,0.0035211267605633804
"CERCA, Department of Physics, Case Western Reserve University, 10900 Euclid Ave, Cleveland, OH 44106, USA","Faculty of Mathematics and Physics, University of Ljubljana, Ljubljana, Slovenia",1,0.01639344262295082
"Instituto de Astronomia, Geofísica e Ciências Atmosféricas — USP, Brazil","Observatório Nacional, Rio de Janeiro, RJ, Brazil",1,0.014705882352941176
"LERMA, Observatoire de Paris, UMR8112, 61, avenue de l'Observatoire, Paris F‐75014, France","IF-UFRGS, Av. Bento Gonçalves 9500, CEP 91350-050, Porto Alegre, Rio Grande do Sul, Brazil",2,0.005050505050505051
"Vilnius University Observatory, Ciurlionio 29, Vilnius, Lithuania","Argonne National Laboratory, 9700 S. Cass Avenue, Lemont, IL 60439, USA",1,0.015384615384615385
"I. A. S. — Planetologia, via Fosso del Cavaliere 100, I-00133 Roma, Italy","Institute of Astronomy, Madingley Road, CB3 0HA, Cambridge",1,0.008130081300813009
"I. A. S. — Planetologia, via Fosso del Cavaliere 100, I-00133 Roma, Italy","Fermi National Accelerator Laboratory, Box 500, Batavia, IL 60510, USA",1,0.008130081300813009
"Warsaw University Observatory, Al. Ujazdowskie 4, PL-00-478, Poland","Eureka Scientific, USA",2,0.015873015873015872
"Pontifícia Universidade Católica de Minas Gerais, Rua do Rosário 1081, 32630-000 Betim, MG, Brazil","Centrum Astronomii UMK, ul.Gagarina 11, 87-100 Torun, Poland",2,0.008403361344537815
"Pontifícia Universidade Católica de Minas Gerais, Rua do Rosário 1081, 32630-000 Betim, MG, Brazil","Department of Physics, UC Davis, One Shields Ave, Davis, CA 95616, USA",2,0.008403361344537815
"Osservatorio Astronomico di Padova INAF, sede di Asiago, 36012 Asiago (VI), Italy","Blackett Laboratory Optics Section, Imperial College, London SW7 2BZ",2,0.05263157894736842
"School of Physics & Astronomy, Cardiff University, Cardiff CF24 3AA","Jet Propulsion Laboratory, Pasadena, CA 91109-8099, USA",2,0.018518518518518517
" Department of Physics and Astronomy, University of Canterbury, Private Bag 4800, Christchurch 8140, New Zealand","NASA Ames, Moffett Field, CA 94035, USA",1,0.00980392156862745
"Osservatorio di Capodimonte, Naples, Italy","Afdeling Sterrenkunde, Radboud Universiteit Nijmegen, Faculteit NWI, Postbus 9010, 6500 GL Nijmegen, the Netherlands",1,0.2
"Queen’s University, Kingston, ON K7L 3N6, Canada","University of Hertfordshire, Department of Physical Sciences, College Lane, Hatfield, Herts AL10 9AB",1,0.008064516129032258
"LAL, Univ Paris-Sud, CNRS/IN2P3, 91898 Orsay, France","University of Western Ontario, London, ON N6A 3K7, Canada",2,0.012987012987012988
"Institute Isaac Newton of Chile, Yugoslavia Branch, Belgrade, Serbia","Beykent University, Faculty of Science and Letters, Department of Mathematics and Computer, Ayazağa 34396, Istanbul, Turkey",1,0.03225806451612903
" IFAE, Edifici Cn., Campus UAB, E-08193 Bellaterra, Spain","United Laboratory for Optical Astrometry, The Chinese Academy of Sciences, China",1,0.0070921985815602835
"School of Mathematical Sciences, Monash University, Victoria, 3800, Australia","CITA, 60 St. George St, Toronto M5S 3H8, ON, Canada",1,0.014084507042253521
"Cracow Pedagogical University, ul. Podchorazych 2, 30-084 Krakow, Poland","CBA (Nelson), 8 Regent Lane, Richmond, Nelson, New Zealand",2,0.010526315789473684
"Astrophysics & Supercomputing, Swinburne University, Hawthorn VIC 3122, Australia","C.A.I.S.M.I. – C.N.R., Largo E. Fermi 5, I-50125 Firenze, Italy",1,0.005154639175257732
"JBCA School of Physics and Astronomy, The University of Manchester, Alan Turing Building, Oxford Road, Manchester M13 9PL"," Cavendish Laboratory, University of Cambridge, 19 JJ Thomson Avenue,Cambridge CB3 0HE",1,0.008849557522123894
"Department of Physics, University of Oxford, Oxford OX1 3PU","University of California Irvine, Irvine, CA 92697–4575, USA",1,0.029411764705882353
"Tuorla Observatory, Väisäläntie 20, FIN-21500, Piikkiö, Finland","ESO – Karl-Schwarzschild-Str. 2, 85748 Garching bei München, Germany",3,0.012658227848101266
"Faculty of Science and Technology, Hirosaki University, 3 bunkyo-cho, Hirosaki, Aomori, 036-8561, Japan","Hida Observatory, Graduate School of Science, Kyoto University, Kamitakara, Takayama, Gifu 506-1314, Japan",1,0.125
"Bonn University, Auf dem Hügel 71D, 53121 Bonn, Germany","Portsmouth Grammar School, High Street, Portsmouth PO1 2LN",1,0.005319148936170213
"Bonn University, Auf dem Hügel 71D, 53121 Bonn, Germany"," Korea Astronomy and Space Science Institute, 61-1 Hwaamdong, Yuseong-gu, Daejeon 305–348, Korea",1,0.005319148936170213
"School of Physics, Huazhong University of Science and Technology, Wuhan,China","Department of Physics, University of Zambia, PO Box 32379, Lusaka, Zambia",2,0.02564102564102564
Apache Point Observatory," Pennsylvania State University, Wilkes-Barre Campus, Old Route 115, P.O. Box PSU, Lehman, PA 18627, USA",17,0.0136986301369863
"Laboratori d'Estudis Geofísics Eduard Fontseré (LEGEF), IEC, E-47. 08001 Barcelona, Spain","Instituto de Radio Astronomía Milimétrica, E-18012 Granada, Spain",7,0.005319148936170213
"Nordita, AlbaNova University Center, Roslagstullsbacken 23, SE 10691 Stockholm, Sweden","CEA / SACLAY, 91191 Gif sur Yvette cedex, France",1,0.011904761904761904
"Département de physique, de génie physique et d'optique and Centre de recherche en astrophysique du Québec (CRAQ), Université Laval, Québec, QC G1V 0A6, Canada"," Dipartimento di Astronomia,Universitá di Padova, Vicolo dell' Osservatorio 3, Padova I-35122, Italy",1,0.041666666666666664
"Astronomy and Astrophysics Department, Villanova University, Villanova, PA 19085, USA","Argelander-Institut für Astronomie, Auf dem Hügel 71, Bonn",1,0.008064516129032258
"IFIC, Universitat de València – CSIC, E-46071 Valencia, Spain","Ulugh Beg Astronomical Institute, Tashkent 700052, Uzbekistan",1,0.030303030303030304
"Physics & Astronomy Department, Texas A&M University-Commerce, Commerce, TX 75429, USA",Visiting astronomer at Konkoly Observatory,1,0.07142857142857142
"NRAO, Green Bank, WV 24944–0002, USA","Caltech M/C 249-17, Pasadena, CA 91125, USA",2,0.08333333333333333
"Universidade Federal do ABC (UFABC), Santo André, SP, Brazil","Imperial College London, South Kensington Campus, London SW7 2AZ",2,0.05555555555555555
"Konkoly Observatory, Konkoly Thege M. u. 15-17, H-1121 Budapest, Hungary","Astronomical Institute, University of Wrocław, ul. Kopernika 11, 51-622 Wrocław, Poland",2,0.0058823529411764705
"New York University, 4 Washington Place, New York, NY 10003, USA","Eureka Scientific, USA",2,0.01282051282051282
"Leiden Observatory, University of Leiden, P.B. 9513, Leiden 2300 RA, the Netherlands","Blackett Laboratory Optics Section, Imperial College, London SW7 2BZ",1,0.08333333333333333
"Department of Physics, University of Johannesburg, PO Box 524, 2006 Auckland Park, South Africa","NASA Ames, Moffett Field, CA 94035, USA",1,0.022727272727272728
"Astronomical Institute, Charles University, V Holešovičkách 2, CZ‐180 00 Prague, Czech Republic","Konkoly Observatory, Konkoly Thege M. u. 15-17, H-1121 Budapest, Hungary",1,0.04
"School of Information Technologies, University of Sydney, NSW, 2006, Australia"," Monash Ave, Nedlands, WA 6009, Australia",1,0.004132231404958678
" Iowa Street, Ashland, OR 97520, USA","C.A.I.S.M.I. – C.N.R., Largo E. Fermi 5, I-50125 Firenze, Italy",1,0.009523809523809525
"Department of Physics, Durham University, Durham DH1 3LE"," Hewlett Place, Victoria, BC V8S 497, Canada",3,0.015151515151515152
"Department of Physics, Durham University, Durham DH1 3LE","Uppsala Astronomical Observatory, Box 515, S-75120 Uppsala, Sweden",1,0.015151515151515152
"Institute for Computational Cosmology, Durham University, Durham DH1 3LE","Department of Physics and Astronomy 3905, University of Wyoming, 1000 E. University, Laramie, WY 82071, USA",1,0.0053475935828877
"CSIRO Astronomy and Space Science, Marsfield NSW 2122, Australia","Astrokolkhoz Observatory, PO Box 1351 Cloudcroft, NM 88317, USA",1,0.022727272727272728
"Center for Astrophysics and Space Astronomy, 593 UCB, Boulder, Co 80309-0593, USA"," Astronomy Centre, University of Sussex, Falmer, Brighton BN1 9QH",1,0.03333333333333333
"Expertisecentrum voor Digitale Media, Universiteit Hasselt, Wetenschapspark 2, B-3590 Diepenbeek, Belgium","Johns Hopkins University, 3400 N. Charles Street, 21218, Baltimore, MD, USA",1,0.3333333333333333
"Lulin Observatory, National Central University, Taiwan","LERMA, Observatoire de Paris, UMR8112, 61, avenue de l'Observatoire, Paris F‐75014, France",1,0.047619047619047616
"Astronomical Institute, Utrecht University, Princetonplein 5, NL-3584CC Utrecht, the Netherlands"," European Space Agency, ESTEC, 2200 AG Noordwijk, the Netherlands",1,0.25
"Department of Astronomy and Physics, St. Mary's University, Halifax, Canada NS B3H 3C3","Département de physique, Université de Montréal, and Observatoire du Mont-Mégantic, PO Box 6128, Station Centre-Ville, Montréal, Québec,  H3C 3J7, Canada",9,0.025
"South Africa Astronomical Observatory, Cape Town, South Africa","CBA (Nelson), 8 Regent Lane, Richmond, Nelson, New Zealand",1,0.037037037037037035
"Bisei Spaceguard Center, Japan Spaceguard Association, 1716-3 Ohrura, Bisei-cho, Ibara, Okayama 714-1411, Japan"," Hewlett Place, Victoria, BC V8S 497, Canada",1,0.02857142857142857
"Bisei Spaceguard Center, Japan Spaceguard Association, 1716-3 Ohrura, Bisei-cho, Ibara, Okayama 714-1411, Japan","Department of Physics and Astronomy, 19-209C, Seoul National University, Gwanak-gu, Seoul 151-747 Republic of Korea",1,0.02857142857142857
"Eötvös Loránd University, Department of Astronomy, Pázmány Péter sétány 1/A, Budapest, H-1518, Hungary","Department of Applied Mathematics, Indian School of Mines, Dhanbad 826004, Jharkhand, India",1,0.05555555555555555
"CBA (Colorado), Antelope Hils Observatory, 980 Antelope Drive West, Bennet, CO 80102, USA","Kehäkukantie 3B, 00720 Helsinki, Finland",1,0.06666666666666667
"Perth Exoplanet Survey Telescope, Perth, Australia","CBA-Belgium. Walhostraat 1A, B-3401 Landen, Belgium",1,0.047619047619047616
"Yale Center for Astronomy and Astrophysics, Yale University, PO Box 208121, New Haven, CT 06520, USA","ESO – Karl-Schwarzschild-Str. 2, 85748 Garching bei München, Germany",1,0.045454545454545456
"Department of Astrophysics, University of Oxford, OX1 3RH","Address at time of contribution to this work: School of Chemistry, University of Nottingham, University Park, Nottingham NG7 2RD",1,0.5
"Goddard Institute for Space Studies, NASA, 2880 Broadway, New York, NY 10025, USA"," Big Horn Ridge, NE, Albuquerque, NM 87122, USA",1,0.125
"Extragalactic Astronomy Group, Physics Department, Durham University, Durham"," Astronomy Centre, University of Sussex, Falmer, Brighton BN1 9QH",1,0.125
"Mathematics Department, University of Manchester, Manchester M13 9PL","Departamento de Física, CUCEI, Universidad de Guadalajara. Av. Revolucion 1500 S/R Guadalajara, Jalisco, México",1,0.005291005291005291
"Mathematics Department, University of Manchester, Manchester M13 9PL","I. A. S. — Planetologia, via Fosso del Cavaliere 100, I-00133 Roma, Italy",5,0.005291005291005291
"Department of Physics, Hebei Normal University, 113 Yuhua Dong Road, Shijiazhuang 050016, China","Electric Wave Propagation Institute of China, Xinxiang 453003, China",1,0.14285714285714285
"DESY, D-15735 Zeuthen, Germany","Fakultät für Mathematik, Ruhr-University of Bochum, Mathematik III, NA 3/70, Universitätsstraße 150, 44780 Bochum, Germany",1,0.02631578947368421
"Center for Information Technology (CIT), University of Groningen, NL-9700 CA Groningen, the Netherlands","Afdeling Sterrenkunde, Radboud Universiteit Nijmegen, Faculteit NWI, Postbus 9010, 6500 GL Nijmegen, the Netherlands",1,0.2
"University of California, Riverside, 900 University Ave., Riverside, CA 92521, USA"," Pennsylvania State University, Wilkes-Barre Campus, Old Route 115, P.O. Box PSU, Lehman, PA 18627, USA",1,0.3333333333333333
"Astrophysics Group, Cavendish Laboratory, JJ Thomson Avenue, Cambridge","Deutsches SOFIA Institut, Universität Stuttgart, Pfaffenwaldring 29, 70569 Stuttgart, Germany",1,0.03333333333333333
"Department of Physics and Astronomy, Trent University, Peterborough, ON G1K 7P4, Canada","New York University, 4 Washington Place, New York, NY 10003, USA",1,0.09090909090909091
"Department of Physics, University of North Texas, Denton, TX 76203, USA","INAF - Osservatorio Astronomico di Palermo, Piazza del Parlamento 1, 90134 Palermo, Italy",1,0.07142857142857142
"Department of Physics and Astronomy, Iowa State University, 12 Physics Hall, Ames, IA 50011, USA","IF-UFRGS, Av. Bento Gonçalves 9500, CEP 91350-050, Porto Alegre, Rio Grande do Sul, Brazil",1,0.1111111111111111
"Institut de Ciencies de l'Espai (ICE, IEEC-CSIC), Campus UAB, Fac. de Ciencies, Torre C5-parell, 2a planta, 08193 Barcelona, Spain","Elviraland 194, 2591 GM The Hague, the Netherlands",2,0.02702702702702703
"Department of Physics, DSB Campus Kumaun University, Nainital, Uttarakhand, India","Elviraland 194, 2591 GM The Hague, the Netherlands",1,0.2
